system:index,control,label,mean,net_change,.geo
0_0,3.094123856157979,0,2.9442519662958606,-0.1498718898621183,"{""type"":""Polygon"",""coordinates"":[[[-120.95138855044587,71.68234898951829],[-120.95338792386408,71.68225944039392],[-120.9552280942248,71.68199792355118],[-120.95676254755811,71.68158526223544],[-120.95786913285778,71.68105431284613],[-120.9584597879568,71.68044734689587],[-120.95848754239738,71.6798126837198],[-120.95795024201689,71.67920084274479],[-120.95689070322717,71.67866052206959],[-120.95539329007138,71.67823472348309],[-120.95357719112727,71.67795733193627],[-120.95158693381927,71.6778504209884],[-120.94958089066053,71.67792249787554],[-120.94771868901276,71.67816782723136],[-120.94614852149229,71.67856688701293],[-120.94499536189164,71.67908792052938],[-120.94435102087063,71.67968946163268],[-120.9442668318561,71.68032363288923],[-120.9447495512122,71.68093995498859],[-120.94576080329678,71.68148936467063],[-120.94722011992371,71.68192812141524],[-120.94901133704876,71.6822212915313],[-120.95099184218522,71.68234553157957],[-120.95138855044587,71.68234898951829]]]}"
1_1,1.3328877741310778,1,1.3105360851672594,-0.02235168896381845,"{""type"":""Polygon"",""coordinates"":[[[-120.6120475110098,72.06558915361113],[-120.61408815919721,72.0654996042486],[-120.61596631652647,72.06523808676576],[-120.6175324436632,72.06482542460776],[-120.61866186799169,72.06429447443693],[-120.6192647103275,72.06368750800982],[-120.61929303211895,72.06305284481031],[-120.61874463646596,72.06244100427259],[-120.61766322504457,72.06190068435886],[-120.6161349040482,72.06147488662046],[-120.61428132207601,72.06119749574373],[-120.61224998870361,72.0610905850789],[-120.61020254381293,72.06116266177371],[-120.60830190798279,72.06140799052184],[-120.60669933149082,72.06180704946996],[-120.60552236737588,72.06232808218722],[-120.60486472197935,72.06292962277493],[-120.60477878968645,72.06356379396048],[-120.60527146804237,72.06418011645556],[-120.60630359081634,72.0647295268766],[-120.6077930297247,72.06516828447292],[-120.60962122288251,72.06546145528748],[-120.61164261312042,72.06558569566303],[-120.6120475110098,72.06558915361113]]]}"
2_2,3.2953862335972253,2,3.285575758756749,-0.009810474840476147,"{""type"":""Polygon"",""coordinates"":[[[-120.75945024886656,71.74349313236478],[-120.7614560891825,71.74340358320306],[-120.76330221131411,71.74314206625995],[-120.76484162728174,71.74272940481211],[-120.76595179099516,71.74219845530024],[-120.76654435559624,71.74159148927521],[-120.76657219894308,71.74095682609544],[-120.76603316017258,71.74034498518901],[-120.76497019439563,71.73980466463324],[-120.76346793861269,71.73937886617973],[-120.76164596683694,71.739101474738],[-120.7596492737375,71.73899456383454],[-120.75763674376145,71.7390666406915],[-120.7557685202545,71.73931196995203],[-120.75419327490886,71.73971102960289],[-120.75303638563311,71.74023206299401],[-120.75238996010002,71.74083360401644],[-120.75230549796339,71.74146777526185],[-120.75278977770326,71.74208409742327],[-120.7538042998045,71.7426335072212],[-120.75526833597552,71.7430722640994],[-120.75706534647979,71.743365434325],[-120.75905225746153,71.7434896744246],[-120.75945024886656,71.74349313236478]]]}"
3_3,1.7370009390957821,3,1.5998869977157189,-0.13711394138006328,"{""type"":""Polygon"",""coordinates"":[[[-120.90776424658861,72.03080803785541],[-120.90980107490626,72.03071848851489],[-120.91167571664491,72.03045697109123],[-120.91323891246087,72.0300443090111],[-120.91436622310647,72.02951335891252],[-120.9149679375559,72.0289063925295],[-120.91499620684961,72.02827172933216],[-120.91444883803982,72.027659888754],[-120.91336945087158,72.02711956876989],[-120.91184399030608,72.02669377095307],[-120.90999387727484,72.0264163800144],[-120.90796634536571,72.0263094693234],[-120.9059227320776,72.02638154603598],[-120.9040256532143,72.02662687484029],[-120.90242607607757,72.02702593386547],[-120.90125131500506,72.02754696665663],[-120.90059490089732,72.02814850729202],[-120.9005091299487,72.0287826784841],[-120.9010008866357,72.02939900094262],[-120.9020310778918,72.02994841129534],[-120.90351772906926,72.0303871688129],[-120.90534250019648,72.03068033956288],[-120.90736010662756,72.03080457990816],[-120.90776424658861,72.03080803785541]]]}"
4_4,2.507236779384074,4,2.4717339881957963,-0.035502791188277705,"{""type"":""Polygon"",""coordinates"":[[[-120.771568328548,71.68714800992802],[-120.77356820794297,71.68705846080073],[-120.7754088439764,71.68679694395013],[-120.77694368559153,71.68638428262405],[-120.77805055087013,71.68585333322514],[-120.77864135537077,71.68524636726906],[-120.77866911676765,71.68461170409269],[-120.77813168037386,71.68399986312305],[-120.7770718734531,71.68345954245719],[-120.77557408140503,71.68303374388108],[-120.77375752296419,71.6827563523425],[-120.77176676211289,71.68264944139811],[-120.76976021141846,71.68272151828288],[-120.76789753861394,71.68296684763123],[-120.76632697379897,71.68336590740257],[-120.76517352238464,71.68388694090923],[-120.7645290182694,71.6844884820062],[-120.76444480788565,71.68512265326189],[-120.76492764932799,71.68573897536608],[-120.76593915726227,71.68628838505718],[-120.76739884315131,71.68672714181227],[-120.7691905135564,71.6870203119369],[-120.7711715198928,71.68714455198918],[-120.771568328548,71.68714800992802]]]}"
5_5,2.0438968558495763,5,1.9460813189873216,-0.09781553686225464,"{""type"":""Polygon"",""coordinates"":[[[-121.36715591565513,71.7173866147742],[-121.36915898943089,71.71729706562844],[-121.3710025653938,71.71703554872828],[-121.37253985834583,71.71662288733694],[-121.37364849121367,71.7160919378775],[-121.37424023893008,71.71548497188445],[-121.37426804424344,71.71485030870626],[-121.37372974915695,71.71423846777051],[-121.37266824944581,71.71369814716364],[-121.37116806533925,71.71327234865323],[-121.36934860596114,71.71299495716656],[-121.36735466609342,71.7128880462441],[-121.36534491117791,71.71296012311397],[-121.36347926382258,71.71320545241525],[-121.36190619077098,71.71360451212203],[-121.36075089705086,71.71412554556677],[-121.36010536327285,71.71472708662378],[-121.36002101797847,71.71536125787397],[-121.36050463018654,71.71597758000884],[-121.36151775337463,71.71652698975718],[-121.3629797705241,71.71696574657824],[-121.36477430261974,71.71725891675699],[-121.36675847317956,71.71738315683463],[-121.36715591565513,71.7173866147742]]]}"
6_6,3.5544609790477124,6,3.808331347699009,0.25387036865129664,"{""type"":""Polygon"",""coordinates"":[[[-120.73408949563945,71.73103402234348],[-120.73609401464343,71.7309444731894],[-120.73793892071349,71.73068295626678],[-120.73947732271945,71.73027029484594],[-120.7405867552943,71.7297393453591],[-120.74117892974773,71.72913237934934],[-120.74120675492975,71.72849771617035],[-120.74066807134612,71.72788587524991],[-120.73960580576876,71.72734555466972],[-120.73810453942762,71.72691975618906],[-120.73628376758403,71.72664236472585],[-120.73428838944017,71.72653545381333],[-120.73227718484523,71.72660753067645],[-120.7304101917196,71.72685285995642],[-120.72883598387118,71.727251919634],[-120.72767985663991,71.72777295305073],[-120.7270338570131,71.72837449408968],[-120.72694945068098,71.72900866533737],[-120.72743341160479,71.7296249874861],[-120.72844726557898,71.73017439726036],[-120.72991033745636,71.73061315411127],[-120.73170616426161,71.73090632431449],[-120.73369176640557,71.7310305644036],[-120.73408949563945,71.73103402234348]]]}"
7_7,2.5723243766456774,7,2.5490651443043486,-0.02325923234132876,"{""type"":""Polygon"",""coordinates"":[[[-120.69282111320022,72.02463245483786],[-120.69485726485136,72.02454290550126],[-120.69673128382466,72.02428138808808],[-120.69829396037501,72.02386872602175],[-120.69942089659446,72.02333777593597],[-120.70002241124557,72.02273080956076],[-120.7000506712394,72.0220961463638],[-120.69950348432847,72.02148430577847],[-120.69842445574427,72.0209439857819],[-120.69689950188672,72.02051818795117],[-120.69505000335741,72.02024079700152],[-120.69302314485451,72.0201338863059],[-120.6909802103117,72.02020596302164],[-120.68908376154353,72.02045129183591],[-120.6874847157244,72.02085035087474],[-120.68631034490738,72.02137138367897],[-120.68565414891478,72.02197292432281],[-120.68556840654713,72.02260709551607],[-120.68605999996592,72.0232234179681],[-120.68708984906532,72.02377282830871],[-120.68857600641321,72.02421158581231],[-120.69040017134861,72.02450475655085],[-120.69241710750157,72.02462899689078],[-120.69282111320022,72.02463245483786]]]}"
8_8,9.145021674254805,8,9.218687923544296,0.0736662492894915,"{""type"":""Polygon"",""coordinates"":[[[-121.35694759364954,72.03086137466674],[-121.35898442781344,72.0307718253262],[-121.36085907493265,72.03051030790243],[-121.36242227523492,72.03009764582218],[-121.3635495891155,72.0295666957235],[-121.36415130529114,72.02895972934041],[-121.36417957466516,72.02832506614307],[-121.36363220428382,72.02771322556498],[-121.36255281401752,72.02717290558097],[-121.36102734907416,72.02674710776427],[-121.35917723073378,72.02646971682569],[-121.35714969300656,72.02636280613473],[-121.35510607385426,72.0264348828473],[-121.35320898954707,72.02668021165151],[-121.3516094078199,72.02707927067658],[-121.35043464337565,72.02760030346761],[-121.34977822738347,72.02820184410292],[-121.34969245618788,72.02883601529501],[-121.35018421428546,72.02945233775358],[-121.35121440849777,72.0300017481064],[-121.35270106394177,72.03044050562409],[-121.35452584030635,72.03073367637415],[-121.35654345252851,72.0308579167195],[-121.35694759364954,72.03086137466674]]]}"
9_9,2.9408577394211135,9,2.8573316713166874,-0.08352606810442609,"{""type"":""Polygon"",""coordinates"":[[[-120.91947321295874,71.83445820349988],[-120.92148875623086,71.83436865428214],[-120.92334380841835,71.83410713718847],[-120.92489067033428,71.83369447554256],[-120.92600620310324,71.83316352584687],[-120.92660163271708,71.83255655970967],[-120.92662960944932,71.83192189652442],[-120.92608796238649,71.83131005572082],[-120.9250198547464,71.83076973534415],[-120.92351033307659,71.83034393709012],[-120.92167954969803,71.83006654580599],[-120.91967320033298,71.82995963496909],[-120.91765093753231,71.83003171178082],[-120.9157736788221,71.83027704089841],[-120.91419081469907,71.83067610035326],[-120.91302832940765,71.8311971335564],[-120.91237877626058,71.83179867445757],[-120.9122939043213,71.8324328456863],[-120.91278052525551,71.83304916794079],[-120.91379995369171,71.83359857791253],[-120.91527107107694,71.83403733499104],[-120.91707677398496,71.8343305053809],[-120.91907329631934,71.8344547455575],[-120.91947321295874,71.83445820349988]]]}"
10_10,2.637009534965846,10,2.599259676678783,-0.037749858287062565,"{""type"":""Polygon"",""coordinates"":[[[-120.47987722695328,72.00681677111126],[-120.48191142916656,72.00672722178591],[-120.48378365398806,72.00646570440293],[-120.48534483456339,72.00605304237635],[-120.48647069208205,72.00552209232745],[-120.48707163112503,72.00491512597475],[-120.48709986432618,72.00428046277891],[-120.4865532014554,72.00366862217294],[-120.48547520593156,72.00312830214042],[-120.48395171187114,72.00270250426968],[-120.48210398368748,72.0024251132884],[-120.4800790652305,72.00231820257942],[-120.47803808611496,72.00239027930422],[-120.47614345261582,72.00263560814719],[-120.47454593749279,72.00303466722534],[-120.47337269097982,72.0035557000673],[-120.47271712336452,72.00415724073545],[-120.47263146333673,72.00479141193208],[-120.47312258638868,72.00540773436542],[-120.47415144975362,72.00595714467116],[-120.47563618440628,72.00639590213457],[-120.47745860293738,72.00668907284015],[-120.47947360805685,72.00681331316463],[-120.47987722695328,72.00681677111126]]]}"
11_11,4.484446018811565,11,4.231124240633161,-0.25332177817840407,"{""type"":""Polygon"",""coordinates"":[[[-120.59515431644606,71.71323554300291],[-120.59715695106888,71.71314599385971],[-120.59900012286002,71.71288447696635],[-120.60053707881038,71.71247181558398],[-120.60164546867597,71.71194086613285],[-120.60223708672227,71.71133390014488],[-120.60226488599821,71.71069923696697],[-120.601726708962,71.71008739602654],[-120.6006654419701,71.70954707541156],[-120.59916558671576,71.70912127689213],[-120.59734652614885,71.70884388539832],[-120.59535302332166,71.70873697447286],[-120.59334370891173,71.70880905134477],[-120.59147847048771,71.70905438065252],[-120.58990574226013,71.70945344036816],[-120.58875070181415,71.70997447382142],[-120.58810530959076,71.71057601488393],[-120.58802098284355,71.71121018613486],[-120.58850448908939,71.71182650826553],[-120.58951739021775,71.712375918006],[-120.59097908687332,71.71281467481799],[-120.59277322555319,71.7131078449893],[-120.59475696110603,71.71323208506345],[-120.59515431644606,71.71323554300291]]]}"
12_12,1.636671586961721,12,1.6505558441884156,0.013884257226694618,"{""type"":""Polygon"",""coordinates"":[[[-121.34176864405744,71.86553844042629],[-121.34378752528156,71.8654488911893],[-121.34564564953195,71.86518737404386],[-121.34719507295614,71.8647747123298],[-121.34831245275244,71.86424376257091],[-121.34890886796751,71.86363679639514],[-121.34893689058345,71.86300213320798],[-121.34839434623014,71.86239029243977],[-121.34732446971769,71.86184997212469],[-121.3458124484839,71.86142417393924],[-121.34397863379537,71.86114678270933],[-121.34196896254569,71.86103987189531],[-121.33994335152313,71.86111194869149],[-121.3380629845816,71.86135727775994],[-121.3364774994957,71.86175633714736],[-121.33531308909757,71.86227737028587],[-121.33466246000641,71.86287891114534],[-121.33457744708672,71.8635130823683],[-121.33506487342139,71.8641294046548],[-121.33608598970241,71.86467881468633],[-121.3375595431221,71.86511757183372],[-121.33936823633722,71.8654107422801],[-121.34136806511059,71.86553498248314],[-121.34176864405744,71.86553844042629]]]}"
13_13,2.4673871491237,13,2.6076631143856797,0.1402759652619796,"{""type"":""Polygon"",""coordinates"":[[[-120.74850830131422,71.81673629864737],[-120.75052194649258,71.81664674944061],[-120.75237525178133,71.81638523237636],[-120.75392065712026,71.81597257076919],[-120.7550351395946,71.81544162110946],[-120.75563000875522,71.8148346549942],[-120.75565795939552,71.81419999181001],[-120.7551168225678,71.81358815098632],[-120.75404972077972,71.8130478305746],[-120.75254162046303,71.81262203228155],[-120.75071256081024,71.81234464096661],[-120.74870810040362,71.81223773011669],[-120.74668774153783,71.81230980693726],[-120.74481225029402,71.81255513608282],[-120.74323087655651,71.81295419557598],[-120.74206948595834,71.8134752288159],[-120.74142054463603,71.8140767697408],[-120.74133575286331,71.81471094097277],[-120.74182191581374,71.81532726320907],[-120.74284038447283,71.81587667314682],[-120.74431011663044,71.81631543018615],[-120.74611411912937,71.8166086005439],[-120.7481087612895,71.81673284070541],[-120.74850830131422,71.81673629864737]]]}"
14_14,3.0782373807369487,14,3.0378064846150767,-0.040430896121872006,"{""type"":""Polygon"",""coordinates"":[[[-120.9153581392556,71.95859963081793],[-120.9173870850816,71.95851008152289],[-120.91925447222262,71.95824856422138],[-120.92081161910865,71.95783590230198],[-120.9219345680589,71.95730495235256],[-120.92253395505226,71.95669798606055],[-120.92256211600831,71.95606332286768],[-120.9220168661372,71.95545148220606],[-120.92094165611661,71.95491116207663],[-120.91942209819753,71.95448536409796],[-120.91757914350745,71.95420797303139],[-120.91555945611809,71.95410106228638],[-120.913523749544,71.95417313903567],[-120.91163401066818,71.95441846795596],[-120.91004062285606,71.9548175271402],[-120.90887040787263,71.95533856008386],[-120.90821653458786,71.95594010081764],[-120.90813109657566,71.9565742720233],[-120.90862095134649,71.9571905944063],[-120.90964715681362,71.95774000461796],[-120.91112805536561,71.95817876197299],[-120.91294576496043,71.95847193258966],[-120.91495556331746,71.95859617287249],[-120.9153581392556,71.95859963081793]]]}"
15_15,5.046372047374258,15,4.667018195995257,-0.37935385137900113,"{""type"":""Polygon"",""coordinates"":[[[-121.27027635734156,72.00484941434652],[-121.27231034452251,72.00475986502241],[-121.27418237144047,72.00449834764277],[-121.27574338700259,72.00408568562057],[-121.27686912553534,72.00355473557575],[-121.27747000108597,72.0029477692255],[-121.2774982313317,72.00231310602977],[-121.27695162626503,72.00170126542154],[-121.27587374469272,72.00116094538507],[-121.27435041165495,72.00073514750991],[-121.27250287874895,72.00045775652515],[-121.27047817428836,72.00035084581468],[-121.26843741086587,72.0004229225405],[-121.26654297759961,72.00066825138661],[-121.26494563131978,72.0010673104691],[-121.26377250882294,72.00158834331522],[-121.26311701052063,72.00218988398608],[-121.26303135957528,72.00282405518307],[-121.2635224307435,72.00344037761434],[-121.26455118537717,72.00398978791624],[-121.26603576309974,72.00442854537522],[-121.26785798899408,72.00472171607716],[-121.26987278111129,72.00484595639993],[-121.27027635734156,72.00484941434652]]]}"
16_16,8.468833514228105,16,8.475323334341093,0.006489820112987488,"{""type"":""Polygon"",""coordinates"":[[[-121.36884815558125,72.09726323649066],[-121.37089229554819,72.09717368710803],[-121.37277366651216,72.09691216957108],[-121.37434247319646,72.0964995073419],[-121.37547382966125,72.09596855710505],[-121.376077703007,72.09536159063764],[-121.3761060727856,72.09472692743616],[-121.37555673848443,72.09411508693537],[-121.37447347667394,72.09357476708601],[-121.37294254093155,72.09314896941926],[-121.37108578796952,72.09287157859916],[-121.3690509796461,72.09276466795825],[-121.36700003225386,72.0928367446368],[-121.36509614496875,72.09308207333359],[-121.36349082673892,72.09348113221128],[-121.36231184880204,72.09400216486101],[-121.36165307787186,72.09460370540516],[-121.36156699809113,72.09523787658469],[-121.36206051895165,72.09585419911322],[-121.36309440734306,72.0964036095967],[-121.36458639454196,72.09684236726498],[-121.3664177158103,72.09713553813857],[-121.36844256486226,72.09725977854178],[-121.36884815558125,72.09726323649066]]]}"
17_17,-0.14848270057725552,17,-0.32457639587018317,-0.17609369529292765,"{""type"":""Polygon"",""coordinates"":[[[-121.4442860379758,71.76156544050835],[-121.44629379816165,71.76147589133554],[-121.44814168723389,71.76121437436261],[-121.44968257649036,71.76080171287559],[-121.45079380254978,71.76027076332734],[-121.451386934036,71.7596637972801],[-121.451414803776,71.75902913409926],[-121.4508752489178,71.75841729321317],[-121.44981126574895,71.75787697269284],[-121.44830757230471,71.75745117427881],[-121.44648385702477,71.75717378286828],[-121.4444852532921,71.75706687197798],[-121.44247079753444,71.757138948826],[-121.44060078628068,71.75738427805823],[-121.43902403344909,71.75778333767029],[-121.43786603692068,71.75830437102422],[-121.43721899254453,71.75890591202266],[-121.4371344493234,71.75954008326477],[-121.43761919230336,71.76015640544462],[-121.4386346851947,71.76070581527692],[-121.44010012248677,71.76114457219477],[-121.44189885290879,71.76143774245288],[-121.44388766563539,71.7615619825677],[-121.4442860379758,71.76156544050835]]]}"
18_18,-49.361772855750424,18,-90.94002838949501,-41.57825553374459,"{""type"":""Polygon"",""coordinates"":[[[-121.30985024633758,71.90628158079369],[-121.31187352097551,71.90619203153136],[-121.3137356886759,71.90593051431779],[-121.31528848355714,71.90551785251407],[-121.31640829440957,71.90498690267201],[-121.31700600687113,71.90437993644548],[-121.31703408987704,71.90374527325584],[-121.31649036450834,71.90313343253416],[-121.31541815980553,71.90259311230012],[-121.31390284864628,71.90216731420496],[-121.31206504414943,71.90188992304635],[-121.31005100063783,71.90178301226247],[-121.30802098268829,71.90185508903816],[-121.30613652469468,71.90210041804193],[-121.30454758989842,71.90249947734064],[-121.30338064567442,71.9030205103941],[-121.3027286004242,71.9036220511987],[-121.30264340194402,71.90425622241409],[-121.30313188834472,71.90487254474273],[-121.30415522616573,71.9054219548529],[-121.30563198589367,71.90586071209094],[-121.30744461495165,71.90615388261168],[-121.30944879566137,71.90627812284954],[-121.30985024633758,71.90628158079369]]]}"
19_19,3.512971190564077,19,3.594291665395998,0.08132047483192117,"{""type"":""Polygon"",""coordinates"":[[[-120.87230182150967,71.73207734423725],[-120.87430645108947,71.73198779508253],[-120.87615145892734,71.7317262781582],[-120.87768994578806,71.73131361673511],[-120.87879943954927,71.73078266724616],[-120.87939164665276,71.73017570123513],[-120.87941947335491,71.72954103805607],[-120.87888076004701,71.72892919713681],[-120.87781843587246,71.72838887655865],[-120.87631708672852,71.72796307808026],[-120.87449621446692,71.72768568661887],[-120.87250072627918,71.72757877570709],[-120.87048941076786,71.72765085256971],[-120.86862231467605,71.72789618184805],[-120.86704802000324,71.72829524152338],[-120.86589182899924,71.72881627493798],[-120.86524579372988,71.72941781597554],[-120.86516138272769,71.73005198722305],[-120.86564537033205,71.73066830937285],[-120.8666592802194,71.73121771914907],[-120.86812243279503,71.73165647600227],[-120.86991835865977,71.73194964620737],[-120.87190407033563,71.73207388629736],[-120.87230182150967,71.73207734423725]]]}"
20_20,2.2873947411866866,20,2.529360356323362,0.24196561513667536,"{""type"":""Polygon"",""coordinates"":[[[-120.81979377924601,71.71766583242484],[-120.82179688256822,71.71757628327893],[-120.82364048572404,71.7173147663783],[-120.82517780134977,71.71690210498636],[-120.82628645056693,71.71637115552636],[-120.82687820700764,71.71576418953296],[-120.8269060127272,71.71512952635477],[-120.8263677096982,71.71451768541932],[-120.82530619432958,71.713977364813],[-120.82380598809766,71.71355156630322],[-120.82198650188728,71.71327417481702],[-120.81999253261522,71.71316726389476],[-120.81798274806226,71.71323934076449],[-120.81611707319378,71.71348467006533],[-120.81454397694219,71.71388372977152],[-120.81338866618167,71.71440476321567],[-120.81274312287974,71.71500630427234],[-120.81265877633751,71.71564047552246],[-120.81314239567479,71.71625679765762],[-120.81415553380316,71.71680620740649],[-120.81561757251568,71.71724496422816],[-120.81741213108054,71.7175381344074],[-120.81939633090788,71.71766237448529],[-120.81979377924601,71.71766583242484]]]}"
21_21,0.705267445503731,21,0.8829571772720238,0.17768973176829284,"{""type"":""Polygon"",""coordinates"":[[[-120.552976830545,72.08914106177488],[-120.5550200739178,72.0890515123974],[-120.55690061970766,72.08878999487435],[-120.55846873835699,72.08837733266346],[-120.55959959870178,72.08784638244354],[-120.56020320731231,72.08723941598649],[-120.56023156476927,72.0866047527855],[-120.55968247148756,72.08599291227524],[-120.55859968480672,72.08545259240935],[-120.55706942045998,72.08502679472421],[-120.55521348172184,72.08474940388956],[-120.55317956567123,72.08464249324253],[-120.55112951762601,72.08471456992524],[-120.54922646522601,72.0849598986352],[-120.54762185099992,72.08535895753099],[-120.54644339015776,72.08587999019805],[-120.54578490823415,72.08648153075339],[-120.54569886632441,72.08711570193447],[-120.54619217085278,72.0877320244544],[-120.54722560588175,72.08828143492187],[-120.5487169387489,72.08872019257166],[-120.55054745680346,72.08901336343008],[-120.55257141772586,72.0891376038262],[-120.552976830545,72.08914106177488]]]}"
22_22,7.237451182672078,22,7.493846806401165,0.25639562372908653,"{""type"":""Polygon"",""coordinates"":[[[-121.1585354439185,72.05257929574626],[-121.16057466152154,72.05248974639198],[-121.16245150222245,72.05222822893128],[-121.16401653154657,72.05181556680245],[-121.16514516427713,72.05128461665868],[-121.165747584207,72.05067765024808],[-121.16577588633767,72.05004298704938],[-121.16522787524919,72.04943114649652],[-121.16414722193346,72.04889082655644],[-121.16261997220055,72.04846502878866],[-121.16076768938564,72.04818763788874],[-121.15873777970373,72.04808072721413],[-121.1566917697911,72.04815280391557],[-121.15479246608488,72.04839813268475],[-121.15319101288513,72.04879719166172],[-121.15201487383439,72.04931822440665],[-121.15135768956954,72.04991976501223],[-121.1512718177021,72.0505539362002],[-121.15176415088281,72.05117025868161],[-121.15279555028177,72.05171966907707],[-121.15428394515354,72.05215842664389],[-121.15611085672231,72.05245159743426],[-121.15813082988186,72.05257583779849],[-121.1585354439185,72.05257929574626]]]}"
23_23,2.6007800781580106,23,2.6392517103558357,0.03847163219782512,"{""type"":""Polygon"",""coordinates"":[[[-120.85137540176383,71.96275063256333],[-120.85340479898555,71.96266108326567],[-120.85527260156553,71.96239956595717],[-120.85683009484734,71.96198690402858],[-120.85795329357298,71.96145595407062],[-120.85855281384978,71.96084898777339],[-120.85858098101002,71.96021432458026],[-120.85803560979676,71.95960248392342],[-120.85696016056926,71.95906216380232],[-120.85544026463131,71.95863636583292],[-120.85359690001417,71.95835897477366],[-120.85157676340319,71.95825206403175],[-120.84954060404588,71.95832414077894],[-120.84765044484087,71.95856946969258],[-120.84605670259307,71.95896852886771],[-120.844886227275,71.95948956180266],[-120.84423220848859,71.9600911025308],[-120.8441467514108,71.96072527373568],[-120.84463671509624,71.96134159612298],[-120.84566314881224,71.96189100634274],[-120.84714437679193,71.96232976370707],[-120.8489624907698,71.96262293433138],[-120.85097273626097,71.96274717461779],[-120.85137540176383,71.96275063256333]]]}"
24_24,2.23507243902299,24,1.800601543704712,-0.4344708953182781,"{""type"":""Polygon"",""coordinates"":[[[-121.23882402923039,71.90138839078519],[-121.24084677516176,71.9012988415259],[-121.24270845627055,71.90103732432053],[-121.24426084542831,71.9006246625276],[-121.24538036372583,71.90009371269554],[-121.24597792007599,71.89948674647512],[-121.24600599581461,71.89885208328577],[-121.24546241257022,71.8982402425585],[-121.24439048804352,71.8976999223147],[-121.24287557279612,71.89727412420868],[-121.24103824843549,71.89699673304149],[-121.23902473108474,71.89688982225398],[-121.23699524346769,71.89696189903215],[-121.23511127779399,71.89720722804368],[-121.23352275813821,71.8976062873531],[-121.2323561188366,71.89812732041676],[-121.23170424400804,71.89872886122797],[-121.23161906785849,71.89936303244428],[-121.23210742669019,71.89997935476785],[-121.23313049716965,71.90052876486855],[-121.23460687104821,71.90096752209568],[-121.2364190264641,71.90126069260748],[-121.23842268345872,71.90138493284117],[-121.23882402923039,71.90138839078519]]]}"
25_25,-0.8769211306754486,25,-0.6907504635358933,0.18617066713955532,"{""type"":""Polygon"",""coordinates"":[[[-121.44297676837539,71.79681966502972],[-121.44498828488626,71.79673011583523],[-121.44683963106914,71.79646859880403],[-121.44838340289095,71.7960559372403],[-121.44949670748413,71.79552498762088],[-121.45009094810908,71.79491802153024],[-121.45011886948735,71.79428335834726],[-121.44957830487596,71.793671517501],[-121.44851233112723,71.79313119704999],[-121.44700582482507,71.7927053987132],[-121.44517869829085,71.79242800736368],[-121.44317635630763,71.79232109649917],[-121.44115813266096,71.79239317332966],[-121.43928462358988,71.79263850250656],[-121.43770492128513,71.79303756204273],[-121.4365447583598,71.79355859532389],[-121.4358965031843,71.79416013627537],[-121.43581180131595,71.79479430751101],[-121.43629745064777,71.79541062972689],[-121.43731484293896,71.79596003962651],[-121.4387830215961,71.7963987966219],[-121.44058511712612,71.79669196694361],[-121.4425776507151,71.79681620708824],[-121.44297676837539,71.79681966502972]]]}"
26_26,3.5385193038077674,26,3.66388427416344,0.1253649703556725,"{""type"":""Polygon"",""coordinates"":[[[-121.25105807604011,71.79067860825293],[-121.2530689371582,71.79058905906224],[-121.25491968015442,71.79032754204121],[-121.25646294903456,71.78991488049084],[-121.25757589097127,71.78938393088386],[-121.25816993807702,71.78877696480077],[-121.25819785044573,71.78814230161818],[-121.25765746201324,71.78753046076497],[-121.25659183557515,71.78699014030187],[-121.25508582005226,71.7865643419516],[-121.2532592887037,71.78628695059143],[-121.25125759895944,71.78618003972241],[-121.24924003272295,71.78625211655597],[-121.24736713394083,71.78649744574251],[-121.24578794625155,71.78689650529194],[-121.24462816131287,71.78741753858579],[-121.24398011739423,71.78801907954546],[-121.24389544320633,71.78865325078223],[-121.24438093440061,71.78926957299183],[-121.24539799529009,71.7898189828797],[-121.24686569564182,71.79025773986156],[-121.2486672040375,71.79055091017219],[-121.2506590884211,71.79067515031161],[-121.25105807604011,71.79067860825293]]]}"
28_28,0.617756053512126,28,0.5231817983210515,-0.09457425519107454,"{""type"":""Polygon"",""coordinates"":[[[-120.38366816672796,71.93271348862038],[-120.38569430236069,71.93262393934154],[-120.38755910315894,71.9323624220836],[-120.38911409353513,71.93194976022153],[-120.39023548749219,71.9314188103253],[-120.39083404472031,71.93081184406573],[-120.39086216705091,71.93017718087447],[-120.39031767260319,71.92956534018309],[-120.38924395178091,71.92902502000183],[-120.38772649822045,71.92859922196543],[-120.38588609555899,71.92832183085325],[-120.3838692048291,71.92821492008899],[-120.38183631708743,71.92828699685137],[-120.3799491949993,71.92853232581301],[-120.37835801374993,71.92893138505397],[-120.37718941949669,71.92945241805204],[-120.37653645204182,71.9300539588209],[-120.37645113272328,71.9306881300314],[-120.37694030943841,71.93130445238744],[-120.37796509392693,71.93185386254882],[-120.37944394160465,71.9322926198459],[-120.38125913368646,71.93258579041502],[-120.38326614838084,71.93271003067558],[-120.38366816672796,71.93271348862038]]]}"
29_29,3.255682863112784,29,3.382873143705933,0.12719028059314885,"{""type"":""Polygon"",""coordinates"":[[[-120.84763782496918,71.69841284586232],[-120.84963889311531,71.69832329672818],[-120.85148062320891,71.69806177985912],[-120.85301637706023,71.69764911850875],[-120.85412390012652,71.69711816908732],[-120.85471505563396,71.69651120311748],[-120.85474283337396,71.69587653994044],[-120.8542050774279,71.6952646989834],[-120.85314464055514,71.6947243783395],[-120.85164595833056,71.69429857978784],[-120.8498283203399,71.69402118826858],[-120.84783637645478,71.69391427733235],[-120.84582863334697,71.69398635421159],[-120.84396485359815,71.69423168354241],[-120.84239335537234,71.69463074328974],[-120.84123921836559,71.69515177677334],[-120.84059433107353,71.69575331785543],[-120.84051007048456,71.69638748910907],[-120.84099319875843,71.69700381122469],[-120.8420053077905,71.6975532209371],[-120.84346586123078,71.69799197771674],[-120.84525859658035,71.6982851478615],[-120.84724078044522,71.69840938792322],[-120.84763782496918,71.69841284586232]]]}"
30_30,6.059546706235955,30,5.834698395550023,-0.2248483106859318,"{""type"":""Polygon"",""coordinates"":[[[-121.18184525225487,72.01258769410485],[-121.18388008550697,72.01249814477585],[-121.18575289110073,72.0122366273831],[-121.18731455592763,72.01182396534364],[-121.18844076262499,72.01129301528282],[-121.18904188799407,72.01068604892282],[-121.18907012986813,72.01005138572663],[-121.18852329736403,72.00943954512735],[-121.18744496743548,72.00889922510645],[-121.1859210008344,72.00847342724867],[-121.18407269958452,72.00819603627762],[-121.18204715312882,72.00808912557297],[-121.1800055410356,72.00816120229483],[-121.17811031992838,72.0084065311285],[-121.17651230931449,72.00880559019393],[-121.17533869886094,72.00932662302367],[-121.1746829278381,72.00992816368397],[-121.17459724115668,72.0105623348795],[-121.17508851646784,72.0111786573189],[-121.17611769891796,72.01172806763591],[-121.17760289410133,72.01216682511235],[-121.1794258779487,72.01245999582859],[-121.1814415081494,72.01258423615808],[-121.18184525225487,72.01258769410485]]]}"
31_31,2.2448128605999518,31,2.2327708623534326,-0.012041998246519192,"{""type"":""Polygon"",""coordinates"":[[[-121.36967479819347,71.88158636868307],[-121.37169540749612,71.88149681943612],[-121.37355512217248,71.88123530226386],[-121.37510587170514,71.88082264051454],[-121.37622420771848,71.88029169072293],[-121.37682113318489,71.87968472452721],[-121.37684917955448,71.87905006133906],[-121.37630617066799,71.87843822058916],[-121.3752353783994,71.87789790030595],[-121.37372206312617,71.87747210215602],[-121.37188667911042,71.87719471095416],[-121.36987528810141,71.877087800152],[-121.36784794368457,71.87715987694011],[-121.36596596759316,71.87740520598311],[-121.36437912561901,71.87780426533564],[-121.36321371858124,71.8783252984407],[-121.36256253246685,71.87892683927858],[-121.36247744656022,71.87956101049858],[-121.36296528985507,71.88017733280165],[-121.36398727994336,71.88072674286411],[-121.3654620945129,71.88116550004716],[-121.36727233582849,71.88145867052279],[-121.36927387636592,71.88158291073954],[-121.36967479819347,71.88158636868307]]]}"
32_32,4.11775189812939,32,4.18408061452556,0.06632871639617033,"{""type"":""Polygon"",""coordinates"":[[[-120.66472893012593,71.72941228888361],[-120.66673327727705,71.7293227397305],[-120.66857802518335,71.72906122281054],[-120.67011629531112,71.72864856139321],[-120.67122563279239,71.72811761190964],[-120.67181775650229,71.72751064590187],[-120.67184557932171,71.72687598272297],[-120.67130694193452,71.72626414180071],[-120.6702447674267,71.72572382121734],[-120.66874362977468,71.72529802273314],[-120.66692301399704,71.72502063126714],[-120.66492780687933,71.72491372035344],[-120.66291677466654,71.72498579721736],[-120.66104994156716,71.72523112649988],[-120.65947586865805,71.72563018618094],[-120.65831984054006,71.72615121960098],[-120.65767389630757,71.72675276064209],[-120.6575894972335,71.72738693189007],[-120.65807341669135,71.72800325403718],[-120.65908718376737,71.72855266380833],[-120.6605501302265,71.72899142065569],[-120.66234580307714,71.729284590856],[-120.66433123499066,71.72940883094374],[-120.66472893012593,71.72941228888361]]]}"
33_33,1.820300797240012,33,1.6869317778603745,-0.13336901937963752,"{""type"":""Polygon"",""coordinates"":[[[-121.34980903569917,71.79230195055747],[-121.35182007002167,71.79221240136577],[-121.35367097242545,71.79195088434204],[-121.35521437422085,71.79153822278816],[-121.35632741199886,71.79100727317788],[-121.35692151024708,71.7904003070928],[-121.35694942499677,71.7897656439101],[-121.3564089900045,71.78915380305874],[-121.35534327178065,71.78861348259883],[-121.3538371265567,71.78818768425212],[-121.35201043791503,71.78791029289476],[-121.35000857579985,71.78780338202694],[-121.3479908358258,71.78787545885969],[-121.34611777575911,71.78812078804367],[-121.34453845206946,71.7885198475896],[-121.34337856723809,71.7890408808801],[-121.34273046748942,71.7896424218376],[-121.34264578598624,71.79027659307408],[-121.34313131897245,71.79089291528534],[-121.34414846744335,71.7914423251763],[-121.34561629419957,71.79188108216175],[-121.34741795776061,71.7921742524753],[-121.3494100137134,71.79229849261611],[-121.34980903569917,71.79230195055747]]]}"
34_34,2.4445340524492947,34,2.9092397802787957,0.46470572782950104,"{""type"":""Polygon"",""coordinates"":[[[-120.68790566819119,72.11720282113748],[-120.68995201277295,72.11711327174213],[-120.6918354127384,72.11685175417105],[-120.69340591121576,72.11643909189695],[-120.69453848757823,72.11590814161839],[-120.69514301187479,72.11530117512555],[-120.69517141195037,72.11466651192282],[-120.69462148501177,72.11405467144536],[-120.69353705491585,72.11351435163661],[-120.6920044682945,72.1130885540151],[-120.6901457132568,72.11281116323075],[-120.68810871094522,72.11270425260494],[-120.68605555217012,72.11277632927323],[-120.68414961200594,72.1130216579376],[-120.68254256271804,72.11342071677082],[-120.68136231330888,72.11394174937791],[-120.68070283174696,72.11454328989457],[-120.68061665884564,72.11517746107032],[-120.68111071163979,72.11579378361998],[-120.68214571479334,72.11634319414287],[-120.68363931091312,72.11678195185657],[-120.68547260718528,72.11707512276742],[-120.68749964003842,72.11719936318809],[-120.68790566819119,72.11720282113748]]]}"
35_35,1.4752106763281372,35,1.248293682624905,-0.22691699370323226,"{""type"":""Polygon"",""coordinates"":[[[-120.98064607083683,72.03678512592256],[-120.9826835545226,72.03669557657828],[-120.9845587994248,72.03643405914447],[-120.98612249816223,72.03602139705099],[-120.98725017144871,72.03549044694002],[-120.98785207940773,72.03488348054941],[-120.98788035770846,72.03424881735171],[-120.98733281272511,72.03363697678049],[-120.98625307825942,72.03309665680845],[-120.98472712693487,72.0326708590051],[-120.98287641874354,72.03239346807703],[-120.98084823462398,72.03228655739053],[-120.9788039639545,72.03235863410008],[-120.97690627482864,72.03260396289475],[-120.97530618309784,72.0330030219067],[-120.97413104405328,72.03352405468517],[-120.97347441869564,72.03412559531239],[-120.97338862006559,72.03475976650334],[-120.97388053488177,72.03537608896814],[-120.97491105752505,72.03592549933258],[-120.97639818698853,72.03636425686365],[-120.97822354522738,72.0366574276247],[-120.98024180083937,72.0367816679752],[-120.98064607083683,72.03678512592256]]]}"
36_36,0.10590103768720083,36,-0.12715740119003416,-0.23305843887723499,"{""type"":""Polygon"",""coordinates"":[[[-121.39833534905121,71.95150067612701],[-121.40036352339978,71.9514111268364],[-121.40223020051661,71.95114960954687],[-121.4037867553798,71.95073694764321],[-121.4049092774406,71.9502059977084],[-121.40550843664006,71.9495990314253],[-121.40553658699243,71.94896436823285],[-121.40499154450647,71.94835252756309],[-121.40391674331288,71.9478122074194],[-121.40239776309961,71.9473864094249],[-121.40055550901333,71.9471090183458],[-121.39853658938583,71.94700210759551],[-121.39650165666072,71.9470741843484],[-121.39461263616691,71.94731951328004],[-121.3930198541185,71.94771857247984],[-121.39185008407127,71.94823960543845],[-121.39119645946245,71.94884114618185],[-121.39111105403515,71.94947531738883],[-121.39160072266064,71.95009163976444],[-121.39262653802908,71.9506410499623],[-121.39410687355816,71.95107980730141],[-121.3959238920246,71.95137297790504],[-121.39793292618755,71.95149721818176],[-121.39833534905121,71.95150067612701]]]}"
37_37,4.18287626893554,37,4.729200831652292,0.5463245627167526,"{""type"":""Polygon"",""coordinates"":[[[-121.04861346626004,71.88730222958772],[-121.050634691813,71.88721268033721],[-121.05249497365139,71.88695116315539],[-121.05404619608773,71.8865385013935],[-121.05516487309764,71.88600755159023],[-121.05576198052474,71.88540058538737],[-121.05579003536512,71.88476592219888],[-121.05524686082128,71.8841540814555],[-121.05417574198472,71.88361376118367],[-121.05266196524401,71.8831879630464],[-121.05082602159042,71.88291057185454],[-121.04881401729796,71.88280366105661],[-121.04678605473532,71.88287573784186],[-121.04490350480489,71.88312106687577],[-121.04331617895073,71.88352012621587],[-121.04215041650117,71.88404115930899],[-121.04149903174664,71.88464270013918],[-121.04141391981206,71.88527687135812],[-121.04190191179904,71.88589319366709],[-121.04292421349574,71.88644260374058],[-121.04439947780406,71.88688136093636],[-121.04621027118792,71.8871745314224],[-121.04821242215777,71.88729877164404],[-121.04861346626004,71.88730222958772]]]}"
38_38,3.0885233233471356,38,2.401076210159076,-0.6874471131880595,"{""type"":""Polygon"",""coordinates"":[[[-120.821884563373,71.93166645310126],[-120.82391058551234,71.93157690382306],[-120.82577528185763,71.9313153865669],[-120.82733018514023,71.93090272470712],[-120.82845151629684,71.93037177481305],[-120.82905004001374,71.9297648085548],[-120.82907816078438,71.92913014536359],[-120.82853369684543,71.92851830467102],[-120.82746003616641,71.92797798448764],[-120.82594266759334,71.92755218644892],[-120.82410236799899,71.92727479533491],[-120.82208559021598,71.92716788456987],[-120.8200528163167,71.92723996133277],[-120.81816579991109,71.92748529029609],[-120.81657470777678,71.92788434953934],[-120.81540617897886,71.92840538253961],[-120.81475324810714,71.92900692330988],[-120.81466793358221,71.92964109452058],[-120.81515708291312,71.93025741687553],[-120.81618181001349,71.93080682703489],[-120.81766057486387,71.93124558432962],[-120.81947566527255,71.93153875489682],[-120.82148256754495,71.93166299515649],[-120.821884563373,71.93166645310126]]]}"
39_39,-6.048285434973607,39,-14.406754364258834,-8.358468929285227,"{""type"":""Polygon"",""coordinates"":[[[-121.22417771470376,71.94745574188235],[-121.22620544974616,71.94736619259429],[-121.2280717225505,71.94710467531154],[-121.22962794029523,71.94669201341685],[-121.23075021927025,71.94616106349035],[-121.23134924875588,71.94555409721231],[-121.23137739307012,71.94491943402014],[-121.23083246867644,71.9443075933457],[-121.2297579002832,71.94376727319393],[-121.22823924903581,71.94334147519038],[-121.22639739389783,71.94306408410417],[-121.22437891146076,71.94295717335086],[-121.22234441939226,71.9430292501058],[-121.22045580797028,71.9432745790439],[-121.21886337086491,71.94367363825258],[-121.21769385417984,71.94419467121968],[-121.21704037117581,71.94479621196858],[-121.21695498430338,71.94543038317632],[-121.21744454693119,71.94604670554769],[-121.21847014016383,71.9465961157377],[-121.21995015508804,71.94703487306776],[-121.22176678000183,71.94732804366394],[-121.22377537900607,71.9474522839372],[-121.22417771470376,71.94745574188235]]]}"
40_40,2.8897618740259703,40,3.026177653768547,0.13641577974257668,"{""type"":""Polygon"",""coordinates"":[[[-121.0070321282317,71.98980574976973],[-121.00906447271909,71.98971620045509],[-121.01093498779525,71.9894546831009],[-121.01249474277401,71.9890420211122],[-121.01361957233932,71.98851107109846],[-121.01421996285339,71.9879041047672],[-121.01424817052185,71.98726944157241],[-121.01370200703731,71.98665760094677],[-121.01262499597314,71.98611728088001],[-121.01110289303358,71.98569148297113],[-121.00925685190965,71.98541409195971],[-121.00723378222926,71.98530718123799],[-121.00519466654809,71.98537925797146],[-121.00330176291864,71.98562458684172],[-121.00170570648005,71.98602364595737],[-121.00053353137791,71.98654467883527],[-120.99987856257748,71.98714621952664],[-120.99979298101537,71.98778039072644],[-121.0002836558286,71.98839671314198],[-121.00131157983287,71.98894612341448],[-121.00279495872125,71.9893848808396],[-121.00461571300814,71.98967805151375],[-121.00662887794027,71.98980229182354],[-121.0070321282317,71.98980574976973]]]}"
41_41,3.679958486766702,41,3.714627157311411,0.03466867054470901,"{""type"":""Polygon"",""coordinates"":[[[-120.43276008759676,71.97301189736231],[-120.43479060157556,71.97292234805822],[-120.43665943195545,71.97266083073241],[-120.43821778222355,71.97224816878104],[-120.43934159889552,71.97171721880193],[-120.4399414489166,71.97111025249181],[-120.4399696314261,71.97047558929805],[-120.43942396001107,71.96986374865304],[-120.43834791898345,71.96932342855251],[-120.43682718678394,71.96889763060605],[-120.43498280800358,71.96862023956493],[-120.43296156001445,71.96851332883068],[-120.43092428046755,71.96858540557265],[-120.42903308136445,71.96883073446988],[-120.42743846223972,71.96922979362246],[-120.42626734285149,71.96975082653579],[-120.42561296409252,71.97035236724999],[-120.42552745984614,71.97098653845293],[-120.42601769298723,71.97160286085095],[-120.42704469139285,71.97215227109069],[-120.42852673437973,71.97259102847805],[-120.43034584880486,71.97288419912125],[-120.43235720050997,71.97300843941652],[-120.43276008759676,71.97301189736231]]]}"
42_42,-0.1369529265468293,42,-0.09062870454238603,0.04632422200444328,"{""type"":""Polygon"",""coordinates"":[[[-121.40575618445679,71.71710681547046],[-121.40775922862545,71.71701726632489],[-121.40960277733966,71.71675574942516],[-121.4111400475715,71.71634308803445],[-121.41224866405648,71.71581213857556],[-121.41284040303067,71.71520517258286],[-121.41286820793701,71.7145705094047],[-121.41232992080931,71.7139586684686],[-121.41126843678776,71.7134183478612],[-121.40976827485198,71.71299254935019],[-121.4079488423612,71.71271515786303],[-121.40595493195815,71.71260824694038],[-121.40394520674097,71.71268032381037],[-121.40207958695521,71.7129256531121],[-121.40050653715116,71.71332471281947],[-121.39935126050646,71.71384574626478],[-121.39870573627185,71.71444728732217],[-121.39862139222791,71.7150814585724],[-121.39910499729216,71.71569778070699],[-121.40011810550926,71.71624719045481],[-121.40158010105148,71.71668594727527],[-121.40337460662354,71.71697911745352],[-121.40535874785577,71.7171033575309],[-121.40575618445679,71.71710681547046]]]}"
43_43,2.8178586609556975,43,2.87453746149659,0.05667880054089247,"{""type"":""Polygon"",""coordinates"":[[[-120.51532052848718,72.00793776196909],[-120.51735485324629,72.00784821264301],[-120.51922719085202,72.00758669525813],[-120.52078846546756,72.00717403322906],[-120.52191439079569,72.00664308317785],[-120.52251536602265,72.00603611682372],[-120.52254360090804,72.0054014536278],[-120.52199690509497,72.00478961302314],[-120.52091884463074,72.00424929299287],[-120.51939525880434,72.00382349512466],[-120.51754741933293,72.00354610414537],[-120.51552237892048,72.00343919343723],[-120.51348127688256,72.00351127016145],[-120.51158652927167,72.00375659900261],[-120.50998891792582,72.00415565807828],[-120.50881560073667,72.00467669091788],[-120.50815999362025,72.00527823158451],[-120.5080743284164,72.00591240278092],[-120.50856548103664,72.00652872521543],[-120.50959440636696,72.00707813552337],[-120.51107923045332,72.00751689298932],[-120.51290175876716,72.00781006369697],[-120.51491688527553,72.00793430402241],[-120.51532052848718,72.00793776196909]]]}"
44_44,3.4100178420692666,44,3.2625592785002255,-0.14745856356904108,"{""type"":""Polygon"",""coordinates"":[[[-120.46140386457762,71.96873671112073],[-120.46343391312081,71.96864716181932],[-120.46530231514014,71.96838564450071],[-120.46686030823844,71.96797298255883],[-120.4679838673663,71.96744203258855],[-120.46858357995848,71.96683506628379],[-120.46861175607081,71.9662004030903],[-120.46806620977216,71.96558856244037],[-120.46699041539158,71.96504824233126],[-120.46547003172437,71.96462244437522],[-120.4636260756211,71.96434505332657],[-120.46160529082574,71.96423814258911],[-120.459568478145,71.96431021933326],[-120.45767771244462,71.96455554823733],[-120.45608345877964,71.9649546073993],[-120.45491260782326,71.96547564032163],[-120.45425837909158,71.96607718104165],[-120.45417289450387,71.96671135224541],[-120.45466301534282,71.96732767463897],[-120.45568977840034,71.96787708487037],[-120.45717148171325,71.96831584224813],[-120.4589901791777,71.96860901288346],[-120.46100106984129,71.96873325317503],[-120.46140386457762,71.96873671112073]]]}"
45_45,2.087272470303905,45,1.877535008757629,-0.20973746154627615,"{""type"":""Polygon"",""coordinates"":[[[-120.80496255805518,71.92940212003039],[-120.80698833479788,71.92931257075362],[-120.80885280529401,71.92905105350125],[-120.81040752026206,71.92863839164649],[-120.81152871563076,71.92810744175706],[-120.81212716688938,71.92750047550163],[-120.81215528428704,71.92686581231057],[-120.81161088631451,71.9262539716154],[-120.81053735567787,71.9257136514275],[-120.80902017086531,71.92528785338374],[-120.80718009412377,71.92501046226576],[-120.80516356055567,71.92490355149903],[-120.8031310328075,71.92497562826307],[-120.80124424490971,71.92522095723],[-120.7996533454608,71.9256200164782],[-120.79848495819114,71.9261410494832],[-120.79783210641985,71.92674259025657],[-120.79774680225961,71.92737676146766],[-120.79823589238012,71.92799308382027],[-120.79926049539525,71.92854249397524],[-120.80073908115556,71.9289812512649],[-120.80255395172553,71.92927442182796],[-120.80456061091807,71.92939866208567],[-120.80496255805518,71.92940212003039]]]}"
46_46,3.239444520362594,46,3.1972714863800946,-0.0421730339824995,"{""type"":""Polygon"",""coordinates"":[[[-121.10284047139025,71.75191808130978],[-121.10484720622928,71.7518285321429],[-121.10669415162977,71.7515670151859],[-121.1082342540455,71.7511543537198],[-121.10934491273676,71.75062340419097],[-121.10993774146615,71.7500164381556],[-121.10996559711037,71.74938177497533],[-121.1094263178797,71.74876993407838],[-121.10836287807032,71.74822961353912],[-121.10685995243924,71.747803815104],[-121.10503716831424,71.7475264236768],[-121.10303958499523,71.7474195127795],[-121.10102615774156,71.74749158963229],[-121.0991571012714,71.74773691887962],[-121.09758115354425,71.74813597851241],[-121.09642374836734,71.7486570118862],[-121.09577703449736,71.74925855289744],[-121.09569253458118,71.74989272414132],[-121.09617703015809,71.75050904631132],[-121.09719200457866,71.75105845612528],[-121.09865669357268,71.75149721302195],[-121.10045450543653,71.7517903832627],[-121.10244230249639,71.75191462336939],[-121.10284047139025,71.75191808130978]]]}"
47_47,3.67860400729802,47,3.4218537485759413,-0.2567502587220787,"{""type"":""Polygon"",""coordinates"":[[[-120.49739162141191,71.957940571427],[-120.49942049558877,71.95785102213236],[-120.50128781678791,71.95758950483197],[-120.5028449086912,71.95717684291404],[-120.5039678179951,71.95664589296598],[-120.50456718383265,71.9560389266748],[-120.5045953438039,71.95540426348195],[-120.50405011319322,71.9547924228196],[-120.50297494114149,71.95425210268883],[-120.50145543687546,71.95382630470868],[-120.49961254725233,71.95354891364096],[-120.49759293116706,71.95344200289544],[-120.49555729646238,71.95351407964507],[-120.49366762430462,71.95375940856643],[-120.49207429275137,71.9541584677521],[-120.49090411909035,71.95467950069715],[-120.4902502689008,71.95528104143185],[-120.49016483391487,71.95591521263762],[-120.49065467139786,71.9565315350199],[-120.49168084063552,71.95708094523032],[-120.49316168689802,71.95751970258385],[-120.49497933230593,71.95781287319932],[-120.49698905969022,71.95793711348158],[-120.49739162141191,71.957940571427]]]}"
48_48,3.5202170392304906,48,3.8735471977442337,0.35333015851374316,"{""type"":""Polygon"",""coordinates"":[[[-121.20470735476346,71.86186015628975],[-121.20672584033991,71.86177060705505],[-121.20858360045851,71.86150908991574],[-121.210132720267,71.86109642820976],[-121.21124988113509,71.86056547845835],[-121.2118461795269,71.85995851228716],[-121.2118741967043,71.85932384910024],[-121.2113317587069,71.85871200832781],[-121.21026209185904,71.85817168800544],[-121.20875036689864,71.85774588981187],[-121.20691691151139,71.85746849857553],[-121.20490763400478,71.8573615877588],[-121.202882419847,71.85743366455681],[-121.20100242132419,71.85767899363108],[-121.19941724690115,71.8580780530265],[-121.198253064686,71.85859908617266],[-121.1976025631266,71.8592006270371],[-121.19751756691741,71.85983479826074],[-121.19800489778798,71.86045112054344],[-121.1990258140087,71.86100053056788],[-121.20049907868516,71.86143928770711],[-121.20230741745898,71.86173245814679],[-121.20430685431994,71.8618566983467],[-121.20470735476346,71.86186015628975]]]}"
49_49,5.013174953094703,49,4.995565975136703,-0.017608977957999983,"{""type"":""Polygon"",""coordinates"":[[[-121.45843812507631,72.10790550230486],[-121.46048344108027,72.10781595291544],[-121.46236589440153,72.1075544353603],[-121.46393560356154,72.10714177310714],[-121.46506761077266,72.10661082284804],[-121.46567183136385,72.10600385636707],[-121.46570021730425,72.10536919316492],[-121.46515056686465,72.10475735267659],[-121.46406668184011,72.1042170328489],[-121.46253486544732,72.10379123520627],[-121.4606770444913,72.10351384440524],[-121.45864106579947,72.10340693377238],[-121.4565889387597,72.10347901044545],[-121.45468395637987,72.10372433912497],[-121.45307771472864,72.10412339797892],[-121.45189805853337,72.10464443060592],[-121.45123890852149,72.1052459711354],[-121.45115277906626,72.10588014231291],[-121.4516465836833,72.1064964648527],[-121.45268106673718,72.10704587535722],[-121.45417391220421,72.10748463304974],[-121.45600628702515,72.1077778039432],[-121.45803230101124,72.10790204435571],[-121.45843812507631,72.10790550230486]]]}"
50_50,1.6402486478026388,50,0.6448574561406513,-0.9953911916619875,"{""type"":""Polygon"",""coordinates"":[[[-121.05193994773417,72.05232597279904],[-121.05397913750238,72.05223642344494],[-121.05585595258569,72.05197490598468],[-121.05742096054973,72.0515622438564],[-121.05854957787818,72.05103129371315],[-121.05915198958928,72.05042432730288],[-121.0591802913374,72.0497896641042],[-121.05863228773138,72.04917782355103],[-121.05755164916611,72.04863750361045],[-121.05602442027677,72.0482117058421],[-121.0541721627395,72.04793431494173],[-121.05214228075832,72.04782740426691],[-121.05009629876602,72.0478994809685],[-121.04819702097886,72.04814480973809],[-121.04659558963499,72.04854386871563],[-121.0454194666375,72.0490649014611],[-121.04476229134487,72.049666442067],[-121.04467642065313,72.05030061325505],[-121.04516874711777,72.05091693573617],[-121.04620013244205,72.05146634613114],[-121.04768850700003,72.05190510369738],[-121.04951539363294,72.05219827448727],[-121.05153533922045,72.05232251485127],[-121.05193994773417,72.05232597279904]]]}"
51_51,3.635432294004933,51,3.6482225685190737,0.01279027451414061,"{""type"":""Polygon"",""coordinates"":[[[-120.58441577911458,71.90106594875346],[-120.5864384902165,71.90097639949435],[-120.5883001392702,71.9007148822895],[-120.58985250170024,71.90030222049731],[-120.5909720007252,71.89977127066591],[-120.59156954679119,71.8991643044459],[-120.59159762205111,71.89852964125659],[-120.5910540481694,71.89791780052892],[-120.58998214209976,71.8973774802845],[-120.58846725293377,71.89695168217774],[-120.58662996020296,71.89667429101],[-120.58461647751396,71.89656738022225],[-120.5825870248335,71.89663945700059],[-120.58070309159223,71.89688478601263],[-120.57911459928458,71.89728384532273],[-120.57794798007025,71.89780487838709],[-120.5772961164685,71.89840641919872],[-120.57721094179001,71.8990405904151],[-120.57769929221789,71.89965691273832],[-120.57872234508577,71.90020632283841],[-120.58019869354585,71.90064508006483],[-120.58201081775974,71.90093825057602],[-120.58401444025368,71.90106249080942],[-120.58441577911458,71.90106594875346]]]}"
52_52,-0.7813951648981794,52,-0.7913580698497886,-0.00996290495160923,"{""type"":""Polygon"",""coordinates"":[[[-121.4567367610678,71.78179244972473],[-121.45874667462384,71.7817029005395],[-121.46059654553717,71.78144138353316],[-121.46213908726801,71.78102872200216],[-121.46325150487858,71.78049777241311],[-121.46384527219563,71.77989080634099],[-121.46387317153825,71.77925614315893],[-121.46333303782387,71.77864430229567],[-121.46226791352495,71.7781039818151],[-121.46076260756715,71.77767818344535],[-121.4589369367337,71.77740079206978],[-121.45693618999188,71.77729388119427],[-121.45491957423438,71.77736595803223],[-121.45304755780353,71.77761128723274],[-121.45146911414157,71.77801034680131],[-121.45030987569326,71.7785313801135],[-121.44966213720818,71.77913292108502],[-121.4495775030403,71.77976709232343],[-121.45006276560045,71.78038341452393],[-121.45107934735174,71.78093282439484],[-121.45254635617299,71.78137158135715],[-121.45434701569417,71.78166475165172],[-121.4563379614615,71.78178899178363],[-121.4567367610678,71.78179244972473]]]}"
53_53,4.367272477308193,53,3.6785034319689855,-0.6887690453392072,"{""type"":""Polygon"",""coordinates"":[[[-121.1784110540131,71.8460529192264],[-121.18042784117232,71.84596337000148],[-121.18228403816339,71.84570185288852],[-121.18383185462491,71.84528919121719],[-121.18494807568837,71.84475824149796],[-121.18554387258648,71.84415127534639],[-121.1855718664174,71.84351661216043],[-121.18502988497957,71.84290477137002],[-121.18396111816958,71.84236445101628],[-121.18245066503766,71.84193865278782],[-121.1806187520419,71.8416612615239],[-121.17861116477692,71.84155435069553],[-121.17658765426178,71.84162642750147],[-121.1747092372696,71.84187175660074],[-121.17312539644519,71.84227081603045],[-121.17196219376312,71.84279184920952],[-121.17131223966578,71.84339339009514],[-121.17122731519036,71.84402756132172],[-121.17171423625705,71.84464388358813],[-121.17273429366841,71.84519329358217],[-121.17420631884146,71.84563205068633],[-121.17601313608681,71.84592522109727],[-121.17801089056495,71.84604946128371],[-121.1784110540131,71.8460529192264]]]}"
55_55,14.406724453296992,55,11.871634883391689,-2.5350895699053027,"{""type"":""Polygon"",""coordinates"":[[[-121.213501348471,71.8320637223685],[-121.21551663506338,71.83197417315226],[-121.21737145101726,71.83171265606256],[-121.21891811595988,71.83129999442188],[-121.22003350669723,71.83076904473106],[-121.22062886052088,71.83016207859684],[-121.22065683372469,71.8295274154117],[-121.22011525566114,71.82891557460542],[-121.21904728404269,71.828375254224],[-121.21753795458282,71.8279494559647],[-121.21570740430415,71.82767206467639],[-121.21370131038346,71.82756515383772],[-121.21167930505239,71.82763723065067],[-121.2098022853571,71.82788255977204],[-121.20821962277932,71.82828161923206],[-121.20705728552356,71.82880265244017],[-121.20640781511374,71.82940419334456],[-121.20632295401542,71.83003836457371],[-121.20680951301642,71.83065468682575],[-121.20782881166168,71.83120409679289],[-121.20929974172222,71.8316428538661],[-121.21110521468343,71.83193602425165],[-121.21310148276129,71.83206026442618],[-121.213501348471,71.8320637223685]]]}"
56_56,3.1785020342631745,56,3.1139545262830977,-0.0645475079800768,"{""type"":""Polygon"",""coordinates"":[[[-120.8648939584602,71.90676637188571],[-120.86691728549538,71.90667682262308],[-120.86877950141927,71.90641530540869],[-120.8703323365096,71.90600264360391],[-120.8714521763556,71.90547169376084],[-120.87204990428849,71.90486472753372],[-120.87207798801464,71.90423006434403],[-120.87153424856072,71.90361822362293],[-120.87046201609117,71.90307790338986],[-120.8689466656952,71.90265210529576],[-120.86710881361469,71.902374714138],[-120.86509471795809,71.90226780335449],[-120.86306464745014,71.90233988012994],[-120.86118014066534,71.90258520913294],[-120.85959116472675,71.90298426843059],[-120.85842419028354,71.90350530148302],[-120.85777212814374,71.90410684228696],[-120.8576869274505,71.90474101350229],[-120.85817542649386,71.9053573358314],[-120.85919879080969,71.90590674594253],[-120.86067558877704,71.90634550318164],[-120.86248826477515,71.90663867370326],[-120.86449249738747,71.90676291394155],[-120.8648939584602,71.90676637188571]]]}"
57_57,1.7377203466603424,57,1.9558140983387329,0.2180937516783905,"{""type"":""Polygon"",""coordinates"":[[[-120.75883614934394,72.04121352488741],[-120.7608741188755,72.04112397554033],[-120.76274981092257,72.04086245809897],[-120.76431388249209,72.04044979599558],[-120.76544182461606,72.03991884587542],[-120.76604387602997,72.03931187947923],[-120.76607216100793,72.03867721628124],[-120.76552448542138,72.03806537571516],[-120.76444449349276,72.03752505575208],[-120.76291817835248,72.03709925795869],[-120.7610670289496,72.03682186703851],[-120.7590383613252,72.03671495635534],[-120.75699360331753,72.03678703306262],[-120.75509546178411,72.03703236185015],[-120.753494988568,72.0374314208523],[-120.7523195693204,72.03795245362137],[-120.75166278735627,72.03855399424252],[-120.75157696820506,72.03918816543265],[-120.75206900024756,72.0398044879021],[-120.75309976855894,72.04035389827523],[-120.75458725259142,72.0407926558163],[-120.75641304607531,72.04108582658559],[-120.75843178294627,72.04121006693993],[-120.75883614934394,72.04121352488741]]]}"
58_58,2.9551427108391835,58,2.774662752600648,-0.18047995823853524,"{""type"":""Polygon"",""coordinates"":[[[-120.95915768694908,71.90095975407911],[-120.96118038658034,71.9008702048201],[-120.96304202507714,71.90060868761543],[-120.96459437870473,71.90019602582346],[-120.96571387138252,71.89966507599227],[-120.96631141406161,71.89905810977238],[-120.96633948916384,71.89842344658308],[-120.96579591836561,71.89781160585531],[-120.96472401837458,71.89727128561066],[-120.96320913779815,71.89684548750368],[-120.96137185548419,71.89656809633574],[-120.95935838421062,71.89646118554792],[-120.95732894303607,71.8965332623263],[-120.95544502047599,71.89677859133852],[-120.95385653717507,71.89717765064886],[-120.95268992457623,71.89769868371343],[-120.9520380646719,71.89830022452522],[-120.9519528904779,71.8989343957416],[-120.95244123813806,71.89955071806473],[-120.9534642852058,71.9001001281646],[-120.95494062529461,71.90053888539077],[-120.95675273923253,71.90083205590177],[-120.95875635036413,71.9009562961351],[-120.95915768694908,71.90095975407911]]]}"
59_59,1.3595269344557301,59,1.2968168604210908,-0.06271007403463935,"{""type"":""Polygon"",""coordinates"":[[[-120.51457770467407,72.11241891346813],[-120.51662351986826,72.11232936407583],[-120.51850643261572,72.11206784651294],[-120.52007652484794,72.11165518424963],[-120.5212088082801,72.11112423398109],[-120.52181317626584,72.11051726749436],[-120.52184156906632,72.10988260429191],[-120.52129178443603,72.10927076380887],[-120.520207634877,72.10873044399037],[-120.5186754446762,72.10830464635801],[-120.51681717039084,72.10802725556505],[-120.51478069491492,72.10792034493562],[-120.51272806715245,72.10799242160638],[-120.5108226199399,72.10823775027852],[-120.50921598632571,72.10863680912244],[-120.50803604223135,72.10915784173977],[-120.50737673131134,72.10975938226304],[-120.50729058077084,72.11039355343968],[-120.50778450583343,72.11100987598425],[-120.50881924130255,72.1115592864977],[-120.51031245107703,72.11199804420049],[-120.51214527309746,72.11229121510239],[-120.51417178156098,72.11241545551886],[-120.51457770467407,72.11241891346813]]]}"
60_60,2.7920979860934887,60,2.69427520442881,-0.09782278166467862,"{""type"":""Polygon"",""coordinates"":[[[-120.97764920339283,72.0087895313482],[-120.9796836212771,72.00869998202161],[-120.98155604458995,72.00843846463528],[-120.98311739066864,72.0080258026043],[-120.98424336752659,72.00749485255133],[-120.98484437025049,72.00688788619613],[-120.98487260641579,72.00625322300017],[-120.9843258855692,72.00564138239649],[-120.9832477757554,72.00510106236793],[-120.9817241201941,72.00467526450163],[-120.97987619615282,72.00439787352386],[-120.97785106306384,72.00429096281634],[-120.9758098676146,72.00436303954015],[-120.97391503328782,72.00460836837992],[-120.97231734882021,72.00500742745373],[-120.97114397792278,72.00552846029152],[-120.9704883407886,72.00613000095699],[-120.97040267165136,72.00676417215324],[-120.97089384674116,72.00738049458865],[-120.9719228191603,72.00792990489825],[-120.97340771120919,72.00836866236611],[-120.9752303229492,72.00866183307534],[-120.97724554170355,72.00878607340154],[-120.97764920339283,72.0087895313482]]]}"
61_61,2.9604565161128518,61,2.855386106862898,-0.10507040924995392,"{""type"":""Polygon"",""coordinates"":[[[-120.85365982792912,71.95670090786761],[-120.85568856735128,71.95661135857377],[-120.85755576452982,71.95634984127544],[-120.85911275302392,71.95593717936026],[-120.86023558776265,71.95540622941475],[-120.86083491381123,71.95479926312512],[-120.86086307193032,71.95416459993237],[-120.8603178775438,71.95355275926858],[-120.85924277690228,71.95301243913532],[-120.85772337354466,71.95258664115241],[-120.85588060629665,71.9523092500825],[-120.85386112431708,71.95220233933607],[-120.85182562478133,71.95227441608633],[-120.84993607810401,71.95251974500964],[-120.84834285236013,71.95291880419805],[-120.84717275641648,71.95343983714572],[-120.84651894966343,71.95404137788209],[-120.8464335203691,71.9546755490881],[-120.84692332533795,71.95529187146909],[-120.84794942643668,71.95584128167708],[-120.84943017435546,71.95628003902785],[-120.85124769904331,71.95657320964102],[-120.8532572929451,71.95669744992222],[-120.85365982792912,71.95670090786761]]]}"
62_62,2.2999750934009247,62,2.6347413065314536,0.3347662131305289,"{""type"":""Polygon"",""coordinates"":[[[-120.77869939852309,71.94086090927233],[-120.78072641775339,71.94077135998839],[-120.78259203176478,71.94050984271676],[-120.78414770020355,71.94009718083666],[-120.78526958309085,71.9395662309237],[-120.78586840121879,71.93895926465395],[-120.78589653569433,71.93832460146217],[-120.78535180372201,71.93771276078016],[-120.78427761465721,71.93717244061519],[-120.78275949943178,71.93674664259694],[-120.78091829434628,71.93646925149912],[-120.77890052427402,71.9363623407409],[-120.77686675021823,71.93643441749916],[-120.77497880534413,71.93667974644781],[-120.77338693029421,71.93707880567091],[-120.77221782644139,71.93759983865188],[-120.77156457417018,71.93820137940972],[-120.77147921753141,71.93883555061869],[-120.77196860744492,71.9394518729832],[-120.77299383872604,71.9400012831604],[-120.77447333125177,71.9404400404757],[-120.77628931490491,71.94073321105978],[-120.77829720485492,71.94085745132733],[-120.77869939852309,71.94086090927233]]]}"
63_63,0.6163589500146395,63,0.6299762807960275,0.013617330781388048,"{""type"":""Polygon"",""coordinates"":[[[-120.56968574897527,72.0662673342977],[-120.5717264717944,72.06617778493475],[-120.57360469781047,72.06591626745075],[-120.57517088221866,72.06550360529123],[-120.57630034784381,72.06497265511899],[-120.57690321221594,72.064365688691],[-120.5769315350331,72.06373102549146],[-120.57638311931788,72.06311918495452],[-120.57530166834711,72.06257886504218],[-120.57377329146426,72.06215306730532],[-120.57191964171673,72.06187567642979],[-120.56988823407224,72.06176876576549],[-120.56784071432064,72.06184084245994],[-120.56594000899533,72.06208617120697],[-120.56433737390266,72.06248523015358],[-120.56316036674517,72.0630062628694],[-120.56250269729199,72.0636078034562],[-120.56241676184678,72.06424197464159],[-120.56290945821,72.0648582971374],[-120.56394161872154,72.06540770755979],[-120.56543111209594,72.06584646515763],[-120.56725937211259,72.06613963597346],[-120.56928083627766,72.0662638763496],[-120.56968574897527,72.0662673342977]]]}"
64_64,2.001461706547816,64,2.1743157978658747,0.1728540913180585,"{""type"":""Polygon"",""coordinates"":[[[-120.82385461051545,71.81123256779298],[-120.82586766698655,71.8111430185896],[-120.82772043046228,71.81088150153451],[-120.82926538403343,71.81046883993936],[-120.83037954075138,71.80993789029077],[-120.83097423608336,71.8093309241823],[-120.83100217863095,71.80869626099846],[-120.83046120005623,71.80808442016851],[-120.82939441024027,71.80754409974595],[-120.82788675076648,71.8071183014408],[-120.82605822573954,71.80684091011629],[-120.82405435120694,71.80673399926233],[-120.82203458286023,71.80680607608566],[-120.82015963980878,71.80705140523987],[-120.81857872832501,71.80745046474495],[-120.81741767725373,71.80797149799626],[-120.81676892569317,71.8085730389285],[-120.81668415878457,71.80920721016149],[-120.817170179688,71.80982353239214],[-120.81818835066534,71.81037294231935],[-120.81965765318472,71.81081169934653],[-120.8214611282897,71.81110486969432],[-120.82345518730041,71.81122910985115],[-120.82385461051545,71.81123256779298]]]}"
65_65,3.631866649892467,65,3.5073962564576657,-0.12447039343480126,"{""type"":""Polygon"",""coordinates"":[[[-120.50380702863879,71.89905878626645],[-120.50582952295989,71.89896923700861],[-120.50769097250081,71.89870771980713],[-120.50924316857571,71.89829505801936],[-120.510362547647,71.89776410819205],[-120.51096002970405,71.89715714197455],[-120.51098810198422,71.89652247878534],[-120.51044458637647,71.8959106380554],[-120.5093727951849,71.89537031780696],[-120.50785806835107,71.89494451969577],[-120.5060209724862,71.8946671285245],[-120.50400770553425,71.89456021773526],[-120.50197847030127,71.89463229451461],[-120.50009473892153,71.89487762352985],[-120.4985064168302,71.89527668284431],[-120.49733992264044,71.89579771591288],[-120.49668812891512,71.89639925672722],[-120.49660296339265,71.89703342794397],[-120.49709126151458,71.89764975026512],[-120.49811420476676,71.89819916036132],[-120.4995903950205,71.89863791758326],[-120.50140232503117,71.89893108809078],[-120.50340573279094,71.89905532832248],[-120.50380702863879,71.89905878626645]]]}"
66_66,-0.03654799167712907,66,0.016175362794708277,0.05272335447183735,"{""type"":""Polygon"",""coordinates"":[[[-121.46459074762562,71.83558138256933],[-121.46660641132225,71.83549183335091],[-121.46846157434166,71.83523031625535],[-121.47000852867008,71.83481765460698],[-121.47112412807492,71.83428670490902],[-121.4717195932467,71.83367973877043],[-121.47174757163431,71.83304507558509],[-121.47120589219962,71.83243323478278],[-121.4701377207433,71.83189291440833],[-121.46862810889577,71.83146711615677],[-121.46679721615554,71.8311897248746],[-121.46479074694562,71.83108281403854],[-121.46276836334988,71.8311548908497],[-121.46089099250285,71.8314002199655],[-121.45930803382237,71.83179927941792],[-121.4581454790782,71.83232031261873],[-121.45749588711386,71.83292185351841],[-121.4574110100884,71.83355602474691],[-121.4578976600794,71.83417234700256],[-121.4589171494086,71.83472175697646],[-121.46038835467954,71.83516051405746],[-121.46219416546997,71.83545368444938],[-121.46419080709191,71.83557792462692],[-121.46459074762562,71.83558138256933]]]}"
67_67,3.822927981757259,67,4.414817075743979,0.5918890939867203,"{""type"":""Polygon"",""coordinates"":[[[-121.28350005840629,71.74127828572232],[-121.28550566369937,71.74118873656195],[-121.2873515695291,71.74092721962248],[-121.28889080514253,71.74051455817944],[-121.29000083880776,71.73998360867202],[-121.29059333401297,71.73937664264972],[-121.29062117412883,71.73874197947009],[-121.29008219853573,71.73813013856117],[-121.28901935730384,71.73758981800106],[-121.28751727751374,71.73716401954272],[-121.28569551917089,71.73688662809717],[-121.28369905996367,71.73677971719208],[-121.28168676573425,71.73685179405015],[-121.27981876107621,71.73709712331413],[-121.27824370027103,71.73749618296974],[-121.27708694654078,71.7380172163654],[-121.27644059676402,71.73861875739078],[-121.27635614455339,71.73925292863662],[-121.27684036758517,71.73986925079578],[-121.27785477084615,71.7404186605895],[-121.27931863549746,71.74085741746283],[-121.2811154354562,71.74115058768446],[-121.28310211363387,71.74127482778218],[-121.28350005840629,71.74127828572232]]]}"
68_68,1.5919204338439799,68,1.62875605711644,0.03683562327246004,"{""type"":""Polygon"",""coordinates"":[[[-121.36969215221347,71.68469746754985],[-121.37169177320582,71.68460791842405],[-121.37353217141991,71.68434640157747],[-121.3750668147393,71.68393374025668],[-121.37617353703253,71.68340279086267],[-121.37676426523366,71.68279582490956],[-121.37679202307797,71.68216116173333],[-121.37625465614624,71.68154932076096],[-121.37519498616015,71.68100900009031],[-121.3736973876126,71.68058320150891],[-121.37188106383698,71.68030580996611],[-121.3698905601455,71.68019889901997],[-121.36788426864983,71.68027097590594],[-121.36602183646535,71.68051630525811],[-121.36445147454889,71.68091536503468],[-121.36329817216398,71.68143639854632],[-121.36265375134107,71.68203793964652],[-121.36256955187058,71.68267211090264],[-121.36305233096343,71.68328843300438],[-121.3640637082351,71.68383784269085],[-121.36552320554178,71.6842765994406],[-121.3673146444565,71.68456976956085],[-121.3692953948298,71.68469400961108],[-121.36969215221347,71.68469746754985]]]}"
69_69,2.8082611010434775,69,2.84271373517121,0.03445263412773247,"{""type"":""Polygon"",""coordinates"":[[[-121.00969166861552,71.97983261028406],[-121.01172292562451,71.9797430609757],[-121.01359243984726,71.97948154363837],[-121.01515136030798,71.97906888167184],[-121.01627558812822,71.97853793167867],[-121.01687565754338,71.97793096535997],[-121.01690385026531,71.9772963021658],[-121.01635797911209,71.97668446152865],[-121.01528154433247,71.97614414144184],[-121.01376025572948,71.97571834351061],[-121.01191520217948,71.97544095248155],[-121.00989321473917,71.97533404175239],[-121.0078551898784,71.97540611849091],[-121.00596329888303,71.97565144737719],[-121.00436809633155,71.9760505065148],[-121.0031965484136,71.97657153941373],[-121.00254193014818,71.97717308011866],[-121.00245639451829,71.97780725132034],[-121.00294680694061,71.97842357372546],[-121.0039741810603,71.97897298397851],[-121.00545676630915,71.97941174138118],[-121.00727654637818,71.97970491203695],[-121.00928863409865,71.97982915233811],[-121.00969166861552,71.97983261028406]]]}"
70_70,2.3435699424198875,70,2.364607905233096,0.021037962813208466,"{""type"":""Polygon"",""coordinates"":[[[-120.6038573520541,72.01779822951163],[-120.6058927554219,72.01770868017935],[-120.60776608571781,72.01744716277777],[-120.60932818804459,72.01703450072668],[-120.61045471020945,72.01650355065507],[-120.61105600391593,72.01589658428848],[-120.61108425362553,72.01526192109196],[-120.61053726786518,72.01465008049873],[-120.6094586358168,72.01410976048835],[-120.60793424229603,72.01368396264226],[-120.60608542330617,72.01340657168046],[-120.60405930948149,72.01329966097971],[-120.60201712552086,72.01337173769893],[-120.60012137353581,72.0136170665242],[-120.59852291526775,72.01401612557814],[-120.59734897600997,72.01453715839685],[-120.59669302121736,72.01513869905003],[-120.59660731045554,72.01577287024456],[-120.5970987233261,72.01638919268942],[-120.59812819405565,72.01693860301665],[-120.59961380530812,72.01737736050484],[-120.60143729989377,72.01767053123072],[-120.60345349482782,72.01779477156474],[-120.6038573520541,72.01779822951163]]]}"
71_71,0.9738556455027485,71,1.6107072270436888,0.6368515815409403,"{""type"":""Polygon"",""coordinates"":[[[-121.38248844101439,71.79222024360139],[-121.3844994666183,71.79213069440974],[-121.38635036099802,71.79186917738615],[-121.3878937561029,71.79145651583244],[-121.38900678905655,71.79092556622233],[-121.3896008847304,71.79031860013735],[-121.38962879936024,71.78968393695466],[-121.38908836671163,71.78907209610318],[-121.38802265310797,71.78853177564314],[-121.3865165144128,71.78810597729624],[-121.38468983368875,71.78782858593875],[-121.38268798025018,71.78772167507086],[-121.38067024902156,71.78779375190365],[-121.37879719707344,71.78803908108777],[-121.37721788022965,71.78843814063387],[-121.37605800042654,71.78895917392452],[-121.37540990348818,71.78956071488214],[-121.37532522235324,71.79019488611863],[-121.37581075323575,71.7908112083298],[-121.37682789729809,71.79136061822064],[-121.37829571769151,71.79179937520588],[-121.38009737344198,71.7920925455193],[-121.38208942075855,71.79221678566003],[-121.38248844101439,71.79222024360139]]]}"
72_72,5.016922184464787,72,5.221901970759477,0.2049797862946905,"{""type"":""Polygon"",""coordinates"":[[[-121.04947841960333,71.9692236610812],[-121.05150852114896,71.96913411177948],[-121.05337697194878,71.96887259446007],[-121.05493500572052,71.96845993251709],[-121.05605859417676,71.96792898254581],[-121.05665832241895,71.96732201624044],[-121.05668649925978,71.96668735304692],[-121.05614093871324,71.96607551239754],[-121.0550651162452,71.96553519228942],[-121.05354469288815,71.96510939433448],[-121.05170068865162,71.96483200328666],[-121.04967985110913,71.96472509254959],[-121.04764298526301,71.96479716929349],[-121.04575217020796,71.96504249819677],[-121.04415787492549,71.96544155735768],[-121.04298699340086,71.96596259027898],[-121.04233274758452,71.96656413099834],[-121.04224726075816,71.96719830220201],[-121.04273739438574,71.96781462459606],[-121.04376418424401,71.96836403482841],[-121.04524592623798,71.96880279220728],[-121.04706467118471,71.9690959628435],[-121.04907561435037,71.96922020313549],[-121.04947841960333,71.9692236610812]]]}"
73_73,7.790120869545258,73,7.3793649419728045,-0.4107559275724535,"{""type"":""Polygon"",""coordinates"":[[[-121.21043261377848,72.11572151505673],[-121.21247879440797,72.11563196566232],[-121.2143620434812,72.11537044809378],[-121.21593241614372,72.11495778582302],[-121.21706490178518,72.11442683554758],[-121.217669377672,72.11381986905663],[-121.21769777549451,72.11318520585398],[-121.21714789262901,72.11257336537479],[-121.21606354941588,72.11203304556302],[-121.21453108556666,72.11160724793815],[-121.21267247941877,72.11132985715113],[-121.21063564026907,72.11122294652421],[-121.20858264594952,72.11129502319326],[-121.20667685845329,72.11154035186003],[-121.20506993790025,72.11193941069658],[-121.20388978304763,72.11246044330684],[-121.20323035433378,72.11306198382555],[-121.20314418835764,72.11369615500156],[-121.20363820159315,72.11431247754965],[-121.20467312184435,72.11486188806963],[-121.20616659831234,72.11530064577994],[-121.20799974770792,72.115593816688],[-121.21002661815668,72.11571805710739],[-121.21043261377848,72.11572151505673]]]}"
75_75,8.789932425452722,75,8.77311266209994,-0.01681976335278179,"{""type"":""Polygon"",""coordinates"":[[[-121.35505712114941,72.11113894589059],[-121.3571027947512,72.11104939649911],[-121.35898557718504,72.11078787893842],[-121.36055556076104,72.11037521667798],[-121.3616877658447,72.10984426641213],[-121.36229209202283,72.10923729992702],[-121.36232048287751,72.10860263672467],[-121.36177073630961,72.10799079624012],[-121.36068666178427,72.10745047641902],[-121.35915457761199,72.10702467878373],[-121.35729643191085,72.1067472879885],[-121.35526009734487,72.10664037735809],[-121.35320761160949,72.1067124540295],[-121.35130229624403,72.10695778270374],[-121.34969577380791,72.1073568415505],[-121.34851591137445,72.10787787417057],[-121.34785664609508,72.1084794146956],[-121.34777050153532,72.10911358587249],[-121.34826439243423,72.1097299084157],[-121.3492990563072,72.11027931892663],[-121.35079216274801,72.1107180766265],[-121.35262485792288,72.11101124752601],[-121.35465122613073,72.11113548794137],[-121.35505712114941,72.11113894589059]]]}"
76_76,3.0902717598463787,76,2.9007278127018328,-0.18954394714454592,"{""type"":""Polygon"",""coordinates"":[[[-120.88684917125688,71.714727033468],[-120.8888519636451,71.71463748432389],[-120.89069528063463,71.71437596742805],[-120.89223235765259,71.71396330604247],[-120.89334083481658,71.71343235658837],[-120.89393249944676,71.71282539059858],[-120.89396030089166,71.71219072742056],[-120.89342208144598,71.7115788864818],[-120.89236073084982,71.71103856586974],[-120.89086075745558,71.71061276735357],[-120.88904155361601,71.71033537586231],[-120.88704789378234,71.71022846493793],[-120.88503842112112,71.7103005418091],[-120.88317303578881,71.71054587111453],[-120.88160018368342,71.710944930827],[-120.8804450522489,71.7114659642772],[-120.87979960917212,71.71206750533771],[-120.87971527576185,71.7127016765884],[-120.88019882007455,71.71331799872056],[-120.88121180097772,71.71386740846387],[-120.88267361277049,71.71430616527913],[-120.8844678927847,71.7145993354531],[-120.88645178461346,71.7147235755285],[-120.88684917125688,71.714727033468]]]}"
77_77,4.324128196398659,77,4.231695227264818,-0.09243296913384125,"{""type"":""Polygon"",""coordinates"":[[[-120.56493059783827,71.73023349279691],[-120.56693503200732,71.73014394364331],[-120.56877986000012,71.72988242672201],[-120.5703181969046,71.72946976530291],[-120.57142758253666,71.72893881581767],[-120.57201973194064,71.7283318498089],[-120.57204755595633,71.72769718662995],[-120.57150889517753,71.7270853457086],[-120.57044667455648,71.72654502512685],[-120.56894547174252,71.72611922664444],[-120.56712477694066,71.72584183517986],[-120.56512948322359,71.72573492426676],[-120.56311836372483,71.72580700113026],[-120.56125144959593,71.7260523304115],[-120.55967730836007,71.72645139009079],[-120.55852123005592,71.72697242350915],[-120.55787525777444,71.72757396454917],[-120.55779085502523,71.728208135797],[-120.55827479547945,71.72882445794494],[-120.55928860655648,71.72937386771765],[-120.56075161652134,71.72981262456682],[-120.56254736732714,71.7301057947686],[-120.5645328854371,71.73023003485704],[-120.56493059783827,71.73023349279691]]]}"
78_78,3.683419331637667,78,3.7442966405878937,0.060877308950226805,"{""type"":""Polygon"",""coordinates"":[[[-120.99163478044528,71.76521646310393],[-120.99364292895967,71.76512691392888],[-120.99549117542767,71.76486539694994],[-120.99703236268356,71.76445273545498],[-120.99814380362166,71.76392178589937],[-120.99873704977064,71.76331481984765],[-120.99876492484907,71.76268015666659],[-120.99822526560276,71.76206831578463],[-120.99716107664793,71.76152799527145],[-120.99565709241061,71.76110219686541],[-120.99383302447544,71.76082480546118],[-120.99183403428259,71.76071789457356],[-120.98981918900077,71.76078997141975],[-120.98794881614283,71.76103530064627],[-120.9863717583949,71.7614343602505],[-120.98521353790456,71.76195539359689],[-120.98456636835611,71.76255693459048],[-120.98448180873413,71.76319110583191],[-120.98496664541275,71.7638074280155],[-120.98598233466396,71.76435683785476],[-120.98744805535813,71.76479559478062],[-120.98924713366478,71.7650887650453],[-120.99123633105377,71.76521300516323],[-120.99163478044528,71.76521646310393]]]}"
79_79,4.210081129916548,79,4.090354102969575,-0.11972702694697368,"{""type"":""Polygon"",""coordinates"":[[[-120.53574586802144,71.85618505042898],[-120.53776374348632,71.85609550119779],[-120.53962094209263,71.85583398406794],[-120.54116959370813,71.8554213223744],[-120.54228641697622,71.85489037263456],[-120.5428825352197,71.85428340647042],[-120.54291054401055,71.85364874328383],[-120.54236827002016,71.85303690250497],[-120.54129892648716,71.8524965821713],[-120.53978765839754,71.8520707839652],[-120.53795475707368,71.85179339271895],[-120.5359460867417,71.85168648189806],[-120.5339214845725,71.8517585586989],[-120.53204205417275,71.85200388778216],[-120.53045735880981,71.8524029471899],[-120.52929352846607,71.85292398034788],[-120.52864322356797,71.85352552121992],[-120.52855825312727,71.85415969244463],[-120.52904543678666,71.85477601472148],[-120.53006604450285,71.85532542473499],[-120.53153886392042,71.85576418186163],[-120.5333466561253,71.85605735229099],[-120.53534548863465,71.85618159248605],[-120.53574586802144,71.85618505042898]]]}"
80_80,3.0164466256317235,80,3.1327394582669874,0.11629283263526391,"{""type"":""Polygon"",""coordinates"":[[[-120.93166854084446,71.71515638436935],[-120.93367137865297,71.71506683522497],[-120.93551473744482,71.71480531832844],[-120.93705184931787,71.71439265694194],[-120.93816035161488,71.71386170748697],[-120.93875202965647,71.71325474149666],[-120.93877983172578,71.71262007831861],[-120.93824160007053,71.71200823738033],[-120.9371802254049,71.71146791676911],[-120.93568021799842,71.71104211825387],[-120.93386097291099,71.71076472676334],[-120.93186726787549,71.71065781583928],[-120.92985774965408,71.71072989271025],[-120.92799232202718,71.71097522201501],[-120.92641943425764,71.71137428172655],[-120.92526427662771,71.71189531517587],[-120.92461881891035,71.71249685623583],[-120.92453448358184,71.71313102748641],[-120.92501803885386,71.71374734961903],[-120.92603104272402,71.71429675936314],[-120.92749288766456,71.71473551617933],[-120.92928720836858,71.71502868635409],[-120.93127114518886,71.71515292642985],[-120.93166854084446,71.71515638436935]]]}"
81_81,3.725290032603746,81,3.9361247800251054,0.21083474742135921,"{""type"":""Polygon"",""coordinates"":[[[-120.9526474098949,71.76220844230232],[-120.95465523845995,71.76211889312914],[-120.95650319046453,71.76185737615516],[-120.95804413219454,71.76144471466672],[-120.95915539609106,71.76091376511717],[-120.95974854776777,71.76030679906916],[-120.9597764184478,71.75967213588827],[-120.95923684520832,71.75906029500293],[-120.9581728258035,71.75851997448385],[-120.95666908115464,71.75809417607122],[-120.95484530377708,71.7578167846618],[-120.95284663199419,71.75770987377197],[-120.9508321076468,71.75778195061967],[-120.94896203271963,71.7580272798509],[-120.94738522619654,71.75842633946158],[-120.9462271902316,71.75894737281419],[-120.94558012381435,71.75954891381177],[-120.94549557770524,71.76018308505375],[-120.94598033718428,71.76079940723424],[-120.94699586465181,71.76134881706781],[-120.94846135184702,71.76178757398705],[-120.95026014352665,71.76208074424633],[-120.95224902398685,71.76220498436169],[-120.9526474098949,71.76220844230232]]]}"
82_82,3.8021390259168766,82,3.5943340781845006,-0.207804947732376,"{""type"":""Polygon"",""coordinates"":[[[-120.47923647112633,71.88020224052474],[-120.48125693125999,71.88011269127864],[-120.48311650864966,71.8798511741087],[-120.4846671437117,71.87943851236243],[-120.48578539718369,71.87890756257363],[-120.48638227860486,71.87830059637963],[-120.48641032292407,71.87766593319158],[-120.4858673541364,71.87705409244009],[-120.4847966409165,71.87651377215414],[-120.4832834373457,71.87608797400114],[-120.4814481887954,71.87581058279684],[-120.4794369462372,71.87570367199366],[-120.47740975144818,71.87577574878249],[-120.47552791425969,71.87602107782767],[-120.4739411894131,71.87642013718323],[-120.47277586840598,71.87694117029116],[-120.47212473037425,71.87754271113091],[-120.47203965076794,71.87817688235116],[-120.47252745807049,71.87879320465281],[-120.47354937273114,71.87934261471258],[-120.47502407843731,71.87978137189256],[-120.47683418611976,71.88007454236566],[-120.47883557889651,71.88019878258123],[-120.47923647112633,71.88020224052474]]]}"
83_83,3.6258305394107855,83,4.089447721459859,0.4636171820490733,"{""type"":""Polygon"",""coordinates"":[[[-120.59535183039651,71.74601811361312],[-120.59735793871533,71.74592856444987],[-120.59920430750176,71.74566704750258],[-120.60074392913212,71.74525438604928],[-120.601854241143,71.74472343653233],[-120.60244688487803,71.7441164705042],[-120.60247473190924,71.74348180732429],[-120.60193562109586,71.7428699664207],[-120.6008725132968,71.74232964586986],[-120.59937005682454,71.74190384742187],[-120.59754784166553,71.74162645598449],[-120.59555088185255,71.74151954508287],[-120.59353808304833,71.74159162193858],[-120.5916696099821,71.74183695119515],[-120.5900941542,71.7422360108406],[-120.5889371103581,71.74275704422654],[-120.58829059843809,71.7433585852456],[-120.58820612498253,71.74399275649057],[-120.58869046938808,71.74460907865456],[-120.58970512700613,71.74515848845729],[-120.59116935876565,71.74559724534103],[-120.59296660936064,71.74589041557115],[-120.59495378581511,71.74601465567288],[-120.59535183039651,71.74601811361312]]]}"
84_84,3.7896805344637015,84,3.9656790725254183,0.17599853806171684,"{""type"":""Polygon"",""coordinates"":[[[-121.02948124092578,71.7535860351642],[-121.03148815296039,71.75349648599631],[-121.03333526144178,71.75323496903655],[-121.03487549983558,71.75282230756684],[-121.03598625657678,71.75229135803465],[-121.03657913762714,71.75168439199723],[-121.03660699570737,71.75104972881687],[-121.03606766884403,71.7504378879218],[-121.03500413513387,71.7498975673858],[-121.03350107681293,71.74947176895435],[-121.0316781317701,71.74919437753003],[-121.02968037210802,71.74908746663391],[-121.02766676711313,71.74915954348587],[-121.0257975456418,71.74940487273061],[-121.02422145878029,71.74980393235981],[-121.02306395140882,71.75032496573016],[-121.02241718042232,71.7509265067392],[-121.02233267302238,71.75156067798278],[-121.02281721135435,71.75217700015449],[-121.0238322753746,71.75272640997161],[-121.02529709368592,71.75316516687194],[-121.02709506429068,71.75345833711567],[-121.02908303687323,71.75358257722378],[-121.02948124092578,71.7535860351642]]]}"
85_85,0.020160907123100376,85,-0.00563017869313171,-0.025791085816232087,"{""type"":""Polygon"",""coordinates"":[[[-121.44474942134126,71.82931599567046],[-121.44676441347211,71.82922644645592],[-121.44861895842017,71.82896492937078],[-121.45016539739615,71.8285522677361],[-121.45128062519562,71.82802131805086],[-121.45187589207316,71.82741435192004],[-121.45190386122921,71.82677968873509],[-121.45136236232118,71.82616784792566],[-121.450294546746,71.8256275275388],[-121.44878543778832,71.82520172927345],[-121.44695515492052,71.82492433798038],[-121.44494935404406,71.82481742713969],[-121.44292764408064,71.824889503954],[-121.44105089858195,71.8251348330797],[-121.43946846721569,71.82553389254568],[-121.4383062997856,71.82605492575951],[-121.43765692429145,71.82665646666757],[-121.43757207562982,71.82729063789722],[-121.43805856358135,71.82790696014644],[-121.43907771333126,71.8284563701083],[-121.44054842849395,71.82889512717544],[-121.44235363766154,71.82918829755599],[-121.44434961405783,71.82931253772819],[-121.44474942134126,71.82931599567046]]]}"
86_86,4.64768773117618,86,4.899001416581206,0.25131368540502574,"{""type"":""Polygon"",""coordinates"":[[[-120.46763834958351,71.68117472487259],[-120.4696375992362,71.68108517574892],[-120.47147765569,71.68082365890811],[-120.47301201404687,71.68041099759489],[-120.47411853086169,71.67988004820792],[-120.47470914941596,71.67927308225912],[-120.47473690215496,71.6786384190831],[-120.47419963504433,71.67802657810678],[-120.47314016184137,71.6774862574293],[-120.47164284136532,71.67706045884024],[-120.46982685481738,71.67678306729142],[-120.4678367206797,71.67667615634272],[-120.4658308016678,71.67674823323041],[-120.46396871526838,71.67699356258805],[-120.46239864492894,71.67739262237214],[-120.46124555670801,71.67791365589099],[-120.46060125558105,71.67851519699582],[-120.46051707179353,71.67914936825258],[-120.46099976128647,71.67976569035076],[-120.4620109507884,71.68031510003057],[-120.46347017709117,71.68075385677265],[-120.46526128334071,71.68104702688662],[-120.46724166588005,71.6811712669339],[-120.46763834958351,71.68117472487259]]]}"
87_87,1.2627901425869366,87,1.5197727338800668,0.2569825912931303,"{""type"":""Polygon"",""coordinates"":[[[-120.53141719547594,72.04386763283757],[-120.53345545631029,72.04377808348882],[-120.53533141645585,72.04351656604297],[-120.53689571156752,72.04310390393361],[-120.53802381488069,72.04257295380796],[-120.5386259523071,72.0419659874084],[-120.53865424128858,72.04133132421025],[-120.5381064873951,72.04071948364725],[-120.53702634109716,72.04017916368953],[-120.53549980782081,72.03975336590211],[-120.53364839387687,72.03947597498669],[-120.53161943635335,72.0393690643055],[-120.52957438614811,72.03944114101142],[-120.52767597336084,72.03968646979466],[-120.52607527141424,72.04008552879094],[-120.52489968416293,72.04060656155437],[-120.52424280830088,72.0412081021719],[-120.52415697684557,72.04184227336151],[-120.52464907917445,72.04245859583375],[-120.52567999478318,72.04300800621209],[-120.52716769140768,72.04344676375919],[-120.52899374585516,72.04373993453339],[-120.53101277127878,72.04386417489003],[-120.53141719547594,72.04386763283757]]]}"
88_88,3.8690179449285758,88,3.770761243702296,-0.09825670122627983,"{""type"":""Polygon"",""coordinates"":[[[-120.60503641845926,71.83041703059023],[-120.60705152857219,71.830327481375],[-120.60890618210432,71.83006596428804],[-120.61045271161848,71.82965330265095],[-120.61156800470238,71.82912235296348],[-120.61216330641666,71.82851538683128],[-120.61219127719454,71.82788072364627],[-120.6116497465712,71.8272688828381],[-120.61058186847409,71.82672856245343],[-120.60907267116764,71.82630276419049],[-120.60724228115616,71.82602537289932],[-120.60523636286551,71.82591846205946],[-120.60321453455695,71.8259905388732],[-120.60133767919575,71.82623586799717],[-120.5997551551898,71.82663492746077],[-120.59859291971556,71.8271559606723],[-120.5979435061915,71.82775750157889],[-120.59785865254688,71.82839167280835],[-120.59834516896579,71.8290079950587],[-120.59936437837374,71.82955740502267],[-120.60083517963966,71.82999616209224],[-120.60264049450161,71.8302893324748],[-120.60463658776614,71.83041357264793],[-120.60503641845926,71.83041703059023]]]}"
89_89,3.9106472244871777,89,3.932803857767352,0.022156633280174365,"{""type"":""Polygon"",""coordinates"":[[[-121.23787197866552,71.72245263771386],[-121.23987558866457,71.722363088565],[-121.24171965813741,71.72210157165651],[-121.24325736258199,71.72168891025423],[-121.24436629216532,71.72115796078462],[-121.24495819821408,71.72055099478537],[-121.24498601089934,71.71991633160688],[-121.24444757166872,71.7193044906768],[-121.24338578779805,71.71876417007985],[-121.24188520214973,71.71833837158047],[-121.24006525580727,71.7180609801025],[-121.23807078229561,71.71795406918373],[-121.2360604895052,71.7180261460511],[-121.23419434282839,71.71827147534448],[-121.23262084873286,71.71867053504043],[-121.23146524575495,71.71919156847476],[-121.23081953913295,71.71979310952509],[-121.23073517119177,71.72042728077433],[-121.23121891278394,71.72104360291436],[-121.23223230711575,71.72159301267232],[-121.23369471560119,71.72203176950445],[-121.23548972807318,71.72232493969229],[-121.23747442979395,71.72244917977417],[-121.23787197866552,71.72245263771386]]]}"
90_90,3.3694385057160328,90,3.639214708089277,0.2697762023732442,"{""type"":""Polygon"",""coordinates"":[[[-120.42647723203864,72.02399791713707],[-120.4285133141895,72.02390836780086],[-120.4303872691987,72.02364685038876],[-120.43194989241536,72.02323418832384],[-120.43307679017758,72.02270323823939],[-120.43367828430739,72.02209627186498],[-120.43370654334602,72.02146160866805],[-120.43315937511791,72.02084976808199],[-120.43208038336383,72.02030944808412],[-120.43055548155014,72.019883650252],[-120.42870604613623,72.0196062593012],[-120.42667925679876,72.01949934860511],[-120.42463639196973,72.01957142532116],[-120.42274000791855,72.01981675413644],[-120.42114101667096,72.02021581317669],[-120.41996668593701,72.02073684598226],[-120.41931051234701,72.02133838662697],[-120.41922477291489,72.02197255782035],[-120.41971634956442,72.0225888802717],[-120.42074616352096,72.02313829061107],[-120.42223227014767,72.02357704811327],[-120.42405637282125,72.02387021885062],[-120.42607324013005,72.02399445919],[-120.42647723203864,72.02399791713707]]]}"
91_91,0.21549062456537338,91,0.1893372141260407,-0.02615341043933267,"{""type"":""Polygon"",""coordinates"":[[[-121.41905546380917,71.86180403452136],[-121.42107394335025,71.86171448528668],[-121.42293169791425,71.86145296814746],[-121.42448081309128,71.86104030644161],[-121.42559797061975,71.86050935669032],[-121.42619426722949,71.8599023905192],[-121.42622228432393,71.85926772733227],[-121.42567984794894,71.85865588655979],[-121.42461018429937,71.85811556623729],[-121.42309846385845,71.85768976804361],[-121.42126501395212,71.85741237680716],[-121.4192557424518,71.8573054659904],[-121.417230534348,71.85737754278844],[-121.41535054144518,71.85762287186279],[-121.4137653717611,71.85802193125834],[-121.41260119302676,71.85854296440463],[-121.41195069341276,71.85914450526911],[-121.4118656974585,71.85977867649278],[-121.41235302687278,71.86039499877543],[-121.41337394004175,71.86094440879975],[-121.41484720031356,71.86138316593886],[-121.41665553368063,71.86167633637844],[-121.4186549645632,71.86180057657829],[-121.41905546380917,71.86180403452136]]]}"
93_93,3.8450526365406623,93,4.3930043713716955,0.5479517348310332,"{""type"":""Polygon"",""coordinates"":[[[-120.65930266701045,71.98307774995686],[-120.66133427773734,71.98298820064645],[-120.66320411750195,71.98272668330362],[-120.6647633094016,71.98231402132988],[-120.66588773294806,71.98178307133004],[-120.6664879068052,71.98117610500725],[-120.66651610438875,71.98054144181286],[-120.6659701381506,71.97992960117948],[-120.66489351592618,71.97938928109917],[-120.66337196244857,71.97896348317524],[-120.66152658767604,71.9786860921519],[-120.65950424822164,71.97857918142516],[-120.6574658685559,71.97865125816203],[-120.65557364818682,71.97889658704311],[-120.65397816789633,71.97929564617357],[-120.65280641597778,71.97981667906566],[-120.65215168369586,71.98041821976618],[-120.65206613312583,71.98105239096725],[-120.65255663089458,71.98166871337578],[-120.65358418387208,71.98221812363514],[-120.65506702726357,71.98265688104512],[-120.65688712421084,71.98295005170687],[-120.65889956230983,71.98307429201081],[-120.65930266701045,71.98307774995686]]]}"
94_94,0.781236283729145,94,0.9191862939430787,0.13795001021393372,"{""type"":""Polygon"",""coordinates"":[[[-120.36497121673895,72.07770339609105],[-120.36701319892803,72.07761384672084],[-120.3688925839964,72.07735232921733],[-120.3704597348293,72.07693966703212],[-120.37158989731256,72.07640871683607],[-120.37219313353624,72.07580175039357],[-120.37222147366093,72.07516708719331],[-120.37167271940629,72.07455524666969],[-120.37059060106105,72.07401492678058],[-120.36906128112528,72.07358912906955],[-120.36720648770586,72.07331173821444],[-120.36517382676062,72.07320482755875],[-120.36312504377167,72.07327690424735],[-120.36122316575333,72.07352223297586],[-120.3596195418059,72.07392129189708],[-120.35844180832908,72.07444232458853],[-120.35778373293309,72.07504386515961],[-120.35769774429399,72.07567803634285],[-120.3581907445211,72.07629435885072],[-120.35922354183286,72.07684376929562],[-120.36071395429188,72.07728252691943],[-120.3625433425151,72.07757569775652],[-120.3645660541605,72.07769993814264],[-120.36497121673895,72.07770339609105]]]}"
95_95,2.4800131836489783,95,2.5116744023996254,0.03166121875064709,"{""type"":""Polygon"",""coordinates"":[[[-120.9220766464635,71.88715211160545],[-120.92409785582656,71.88706256235503],[-120.92595812276468,71.88680104517347],[-120.92750933277706,71.8863883834119],[-120.92862800082845,71.88585743360892],[-120.92922510347515,71.88525046740627],[-120.92925315809296,71.88461580421779],[-120.92870998790121,71.88400396347423],[-120.92763887764416,71.8834636432021],[-120.92612511302694,71.88303784506451],[-120.92428918407595,71.88276045387236],[-120.92227719589543,71.88265354307433],[-120.92024924957248,71.88272561985966],[-120.91836671471775,71.88297094889381],[-120.9167794015759,71.88337000823424],[-120.91561364846359,71.88389104132767],[-120.91496226892764,71.88449258215805],[-120.91487715767683,71.88512675337702],[-120.91536514575745,71.88574307568585],[-120.91638743926768,71.88629248575904],[-120.91786269176067,71.88673124295447],[-120.91967347064079,71.88702441344027],[-120.92167560557358,71.88714865366175],[-120.9220766464635,71.88715211160545]]]}"
96_96,3.9694912644217153,96,4.1974958507666535,0.22800458634493825,"{""type"":""Polygon"",""coordinates"":[[[-120.69929148479413,71.86072248318331],[-120.70130984803201,71.8606329339493],[-120.70316749555708,71.86037141681189],[-120.7047165214843,71.8599587551084],[-120.70583361465742,71.85942780535932],[-120.70642987692618,71.85882083918953],[-120.70645789242192,71.85818617600268],[-120.70591548731095,71.85757433522896],[-120.70484588529362,71.85703401490431],[-120.70333425194423,71.85660821670824],[-120.70150090765682,71.8563308254699],[-120.69949175189987,71.85622391465235],[-120.69746666045704,71.85629599145095],[-120.69558677585334,71.856541320527],[-120.69400169749059,71.85694037992488],[-120.69283758583214,71.85746141307342],[-120.69218712370693,71.85806295393937],[-120.6921021326648,71.85869712516322],[-120.69258943401682,71.85931344744478],[-120.69361028837675,71.85986285746701],[-120.69508346377062,71.86030161460371],[-120.69689169294736,71.86059478504133],[-120.69889100862471,71.86071902524027],[-120.69929148479413,71.86072248318331]]]}"
97_97,3.995979047021761,97,3.580216653336726,-0.41576239368503476,"{""type"":""Polygon"",""coordinates"":[[[-120.62762009334467,71.90765554764403],[-120.62964351649133,71.90756599838085],[-120.63150582087079,71.90730448116496],[-120.63305872971597,71.90689181935822],[-120.63417862274437,71.90636086951334],[-120.63477637905615,71.9057539032851],[-120.63480446410333,71.90511924009537],[-120.63426069881324,71.90450739937528],[-120.63318841541157,71.90396707914397],[-120.63167299304436,71.90354128105186],[-120.6298350536818,71.90326388989565],[-120.6278208623765,71.9031569791128],[-120.6257906954615,71.9032290558878],[-120.62390609917985,71.90347438488938],[-120.62231704777453,71.9038734441851],[-120.62115001790066,71.90439447723567],[-120.62049792478058,71.90499601803842],[-120.62041272002797,71.90563018925357],[-120.62090124226155,71.90624651158362],[-120.62192465517636,71.90679592169644],[-120.62340152328574,71.90723467893754],[-120.62521428538535,71.9075278494608],[-120.62721861320175,71.90765208969984],[-120.62762009334467,71.90765554764403]]]}"
98_98,-7.481657494754155,98,1.314919157157297,8.796576651911453,"{""type"":""Polygon"",""coordinates"":[[[-121.25157497915949,71.9283928262242],[-121.25360064654033,71.92830327694806],[-121.25546501638601,71.92804175969738],[-121.25701964743105,71.92762909784486],[-121.25814078228542,71.9270981479575],[-121.25873920125277,71.92649118170333],[-121.25876731714727,71.92585651851232],[-121.25822294857284,71.925244677816],[-121.25714947589005,71.92470435762608],[-121.255632372971,71.92427855958007],[-121.25379239554454,71.92400116846032],[-121.25177597081166,71.92389425769284],[-121.24974355276159,71.9239663344574],[-121.24785686669908,71.92421166342592],[-121.24626605312105,71.92461072267633],[-121.24509772892391,71.92513175568347],[-121.24444491240402,71.92573329645818],[-121.24435961286287,71.92636746766948],[-121.244848676596,71.92698379002104],[-121.24587322431213,71.92753320017404],[-121.24735173026036,71.92797195746144],[-121.2491665028585,71.92826512802266],[-121.25117305372166,71.92838936827951],[-121.25157497915949,71.9283928262242]]]}"
99_99,1.954854581122777,99,1.963396938636544,0.008542357513766863,"{""type"":""Polygon"",""coordinates"":[[[-120.66354802683747,72.08308219972302],[-120.66559060192068,72.0829926503494],[-120.66747053265497,72.08273113283668],[-120.66903813846734,72.08231847063941],[-120.67016862902179,72.08178752043214],[-120.67077204030801,72.08118055398279],[-120.67080038858076,72.08054589078219],[-120.6702514749464,72.07993405026487],[-120.6691690424104,72.07939373038666],[-120.6676392784983,72.07896793268779],[-120.6657839466539,72.07869054184232],[-120.66375069567195,72.07858363119068],[-120.66170131796831,72.07865570787652],[-120.65979888786227,72.07890103659632],[-120.65819479837562,72.07930009550557],[-120.65701672295765,72.07982112818556],[-120.65635845644927,72.08042266874924],[-120.65627244276718,72.08105683993146],[-120.65676558604915,72.081673162445],[-120.65779868315767,72.08222257290052],[-120.6592895283091,72.08266133053654],[-120.66111944767646,72.08295450138367],[-120.66314274661858,72.08307874177449],[-120.66354802683747,72.08308219972302]]]}"
100_100,2.920720430922945,100,2.736180551378281,-0.18453987954466422,"{""type"":""Polygon"",""coordinates"":[[[-120.90276017057914,71.80925160348644],[-120.90477301524494,71.8091620542843],[-120.90662558378696,71.80890053723249],[-120.90817037482094,71.80848787564165],[-120.90928441433812,71.80795692599706],[-120.90987904712999,71.80734995989107],[-120.90990698676596,71.80671529670734],[-120.90936606512753,71.80610345587516],[-120.90829938755303,71.80556313544868],[-120.90679188668584,71.80513733713917],[-120.9049635540068,71.80485994581123],[-120.9029598902602,71.80475303495582],[-120.90094033437069,71.80482511178012],[-120.89906558854811,71.80507044093746],[-120.89748484337416,71.8054695004468],[-120.896323914458,71.80599053370223],[-120.89567523117,71.80659207463712],[-120.895590473207,71.80722624587047],[-120.8960764430047,71.80784256809909],[-120.89709450688197,71.8083919780225],[-120.89856365482596,71.8088307350453],[-120.9003669401849,71.80912390538951],[-120.90236078938993,71.80924814554467],[-120.90276017057914,71.80925160348644]]]}"
101_101,3.4971683696881017,101,4.183906194208604,0.6867378245205025,"{""type"":""Polygon"",""coordinates"":[[[-121.18296595504815,71.70986925476475],[-121.18496823369148,71.7097797056236],[-121.18681107785899,71.70951818873576],[-121.18834776063413,71.70910552736066],[-121.1894559535209,71.7085745779163],[-121.19004746645595,71.70796761193245],[-121.19007526083792,71.70733294875473],[-121.18953717949384,71.70672110781051],[-121.18847610114527,71.70618078718897],[-121.18697651246018,71.70575498866222],[-121.18515777517156,71.70547759716263],[-121.1831646266116,71.70537068623472],[-121.18115566927771,71.70544276310828],[-121.17929076233541,71.70568809242128],[-121.17771831362387,71.70608715214412],[-121.17656347848309,71.70660818560427],[-121.17591820100463,71.70720972667124],[-121.1758338892918,71.70784389792279],[-121.17631730964408,71.70846022005003],[-121.17733003076978,71.70900962978413],[-121.17879146763138,71.70944838658876],[-121.18058528740654,71.70974155675405],[-121.1825686703406,71.70986579682537],[-121.18296595504815,71.70986925476475]]]}"
102_102,3.3301078159058823,102,3.5587890393479222,0.2286812234420399,"{""type"":""Polygon"",""coordinates"":[[[-120.88385145418805,71.69462691830397],[-120.88585212264803,71.69453736917211],[-120.88769348489284,71.69427585230927],[-120.88922893202889,71.69386319096706],[-120.89033623393149,71.69333224155322],[-120.89092727142216,71.69272527558799],[-120.89095504366728,71.69209061241118],[-120.8904173951622,71.6914787714499],[-120.88935717009414,71.69093845079861],[-120.88785878716783,71.69051265223875],[-120.88604151214722,71.69023526071298],[-120.8840499660259,71.69012834977401],[-120.88204262383552,71.6902004266551],[-120.88017921626742,71.69044575599183],[-120.87860803187628,71.69084481574723],[-120.87745412538186,71.69136584923858],[-120.87680936692286,71.69196739032567],[-120.87672512321407,71.69260156157999],[-120.87720815504845,71.69321788369177],[-120.8782200619773,71.69376729339703],[-120.87968032372645,71.69420605016842],[-120.88147270101662,71.69449922030641],[-120.88345448896868,71.69462346036495],[-120.88385145418805,71.69462691830397]]]}"
103_103,2.09423537631788,103,2.0797912866180503,-0.014444089699829465,"{""type"":""Polygon"",""coordinates"":[[[-120.84072512633179,71.97634224215773],[-120.84275600303793,71.97625269285153],[-120.84462516725146,71.9759911755201],[-120.84618379587225,71.97557851356133],[-120.84730781325575,71.97504756357537],[-120.84790777037911,71.97444059726105],[-120.84793595787403,71.97380593406709],[-120.8473901889522,71.97319409342593],[-120.84631395570545,71.97265377333208],[-120.84479295188478,71.97222797539307],[-120.84294824370005,71.97195058435783],[-120.84092663473074,71.97184367362605],[-120.83888899134169,71.97191575036635],[-120.83699745447538,71.97216107925823],[-120.83540255053745,71.9725601384035],[-120.83423122195255,71.9730811713098],[-120.83357672627301,71.97368271201948],[-120.83349120670603,71.97431688322182],[-120.83398152736743,71.9749332056233],[-120.83500870918651,71.97548261586952],[-120.83649101689109,71.97592137326438],[-120.83831045626563,71.97621454391371],[-120.84032216727361,71.97633878421185],[-120.84072512633179,71.97634224215773]]]}"
104_104,2.067109886369142,104,2.2498155753131295,0.18270568894398753,"{""type"":""Polygon"",""coordinates"":[[[-120.76794709274013,71.9165029510189],[-120.76997147273143,71.91641340175019],[-120.77183465773662,71.91615188451946],[-120.77338830085354,71.91573922269322],[-120.77450872334302,71.91520827283021],[-120.77510676218263,71.91460130659094],[-120.77513486038188,71.91396664340066],[-120.77459083787738,71.91335480269069],[-120.77351804741758,71.91281448247705],[-120.77200190853549,71.91238868440459],[-120.77016310023029,71.91211129326392],[-120.76814795668768,71.91200438248762],[-120.76611682998568,71.91207645925817],[-120.76423134271147,71.91232178824565],[-120.76264153999165,71.91272084752205],[-120.76147395827417,71.91324188055411],[-120.76082155672769,71.9138434213449],[-120.76073631156136,71.9144775925584],[-120.76122506466709,71.91509391489762],[-120.76224896141233,71.91564332502759],[-120.76372652782557,71.91608208228844],[-120.76554014711505,71.91637525282786],[-120.76754542274267,71.9164994930745],[-120.76794709274013,71.9165029510189]]]}"
105_105,2.2144384805400064,105,2.4311537984457154,0.21671531790570908,"{""type"":""Polygon"",""coordinates"":[[[-121.35897276563212,71.80517716849967],[-121.3609851748057,71.80508761930002],[-121.36283734254523,71.80482610225498],[-121.36438179938708,71.80441344067302],[-121.3654955979281,71.8038824910367],[-121.36609010213137,71.80327552493573],[-121.36611803578081,71.80264086175225],[-121.36557723120892,71.80202902091546],[-121.3645107844137,71.80148870048093],[-121.36300360965699,71.80106290216249],[-121.36117567246393,71.80078551082745],[-121.35917244211373,71.80067859996906],[-121.35715332305675,71.8007506767954],[-121.35527898275583,71.80099600595915],[-121.35369857953096,71.80139506547728],[-121.35253790177754,71.80191609874115],[-121.35188935886447,71.80251763968148],[-121.35180461929454,71.80315181091558],[-121.35229048401384,71.80376813314003],[-121.35330832768302,71.80431754305562],[-121.35477715780505,71.80475630006944],[-121.35658005302788,71.80504947040627],[-121.35857347085211,71.80517371055798],[-121.35897276563212,71.80517716849967]]]}"
106_106,-7.4820547927615095,106,1.0153396351605188,8.497394427922028,"{""type"":""Polygon"",""coordinates"":[[[-121.08002138886597,71.91160268699929],[-121.08204523877708,71.91151313773364],[-121.08390793592646,71.91125162051115],[-121.08546117226585,71.9108389586957],[-121.08658130144045,71.91030800884273],[-121.0871791837631,71.90970104260957],[-121.08720727467629,71.90906637941958],[-121.08666339466542,71.908454538704],[-121.08559088510961,71.90791421848058],[-121.08407514316792,71.90748842039724],[-121.08223681624624,71.90721102924797],[-121.08022220023135,71.90710411846803],[-121.07819160523955,71.90717619524105],[-121.07630661156423,71.90742152423636],[-121.07471722506338,71.90782058352346],[-121.0735499490605,71.90834161656576],[-121.07289771837843,71.90894315736317],[-121.07281249560083,71.9095773285776],[-121.07330112080626,71.91019365091172],[-121.07432474951537,71.9107430610322],[-121.07580192907687,71.9111818182821],[-121.07761507349372,71.91147498881257],[-121.07961982404558,71.91159922905501],[-121.08002138886597,71.91160268699929]]]}"
107_107,3.87943912951786,107,3.7098157788845003,-0.16962335063335976,"{""type"":""Polygon"",""coordinates"":[[[-120.60034840918571,71.92288530059872],[-120.6023734800187,71.92279575132602],[-120.6042373008355,71.9225342340846],[-120.60579147409653,71.92212157224425],[-120.60691227885677,71.92159062236817],[-120.60751052168135,71.9209836561209],[-120.6075386293763,71.92034899293023],[-120.60699442116305,71.91973715222758],[-120.6059212646073,71.91919683202667],[-120.60440460840162,71.91877103396841],[-120.60256517272006,71.91849364283895],[-120.6005493416624,71.91838673206739],[-120.59851752199441,71.91845880883473],[-120.59663139142386,71.91870413781206],[-120.59504104625513,71.9191031970745],[-120.59387306610668,71.91962423009318],[-120.59322044187628,71.92022577087535],[-120.59313516753127,71.92085994208767],[-120.59362408732656,71.92147626443351],[-120.59464833339717,71.92202567457583],[-120.59612640398569,71.92246443185093],[-120.59794064216608,71.92275760240204],[-120.59994660211329,71.92288184265416],[-120.60034840918571,71.92288530059872]]]}"
108_108,5.084623408738322,108,5.095549738326901,0.010926329588579087,"{""type"":""Polygon"",""coordinates"":[[[-121.46366891530947,72.07293311722047],[-121.46571037198379,72.07284356785331],[-121.46758927339833,72.07258205035792],[-121.46915602095781,72.07216938818344],[-121.47028589265344,72.07163843799732],[-121.47088897370949,72.07103147156089],[-121.47091730661205,72.07039680836093],[-121.47036869362448,72.06978496783174],[-121.46928685376383,72.06924464793293],[-121.46775792734881,72.06881885021113],[-121.46590361116519,72.0685414593475],[-121.4638714732021,72.06843454868823],[-121.46182321734163,72.06850662537926],[-121.45992182866914,72.0687519541155],[-121.45831861735486,72.06915101304732],[-121.45714118695936,72.06967204574893],[-121.45648328095676,72.07027358632656],[-121.45639731451462,72.07090775751071],[-121.45689018794427,72.07152408001355],[-121.4579227195296,72.07207349044904],[-121.45941274846945,72.07251224806201],[-121.46124166591026,72.07280541889024],[-121.46326385700227,72.0729296592722],[-121.46366891530947,72.07293311722047]]]}"
109_109,4.064669783557562,109,3.8405122429452563,-0.22415754061230597,"{""type"":""Polygon"",""coordinates"":[[[-120.58065033959811,71.70578028040002],[-120.58265218601852,71.70569073126136],[-120.58449463239222,71.70542921438023],[-120.58603098348375,71.70501655301398],[-120.58713893720287,71.70448560357778],[-120.58773032251403,71.70387863759893],[-120.5877581109538,71.70324397442145],[-120.58722014579712,71.70263213347268],[-120.58615929649537,71.70209181284314],[-120.58466003147312,71.7016660143075],[-120.58284168670231,71.70138862280089],[-120.58084896828626,71.70128171187],[-120.57884044450668,71.7013537887456],[-120.57697594004266,71.70159911806496],[-120.57540383071371,71.70199817779655],[-120.57424924485026,71.70251921126507],[-120.57360410669266,71.70312075233743],[-120.57351981323423,71.70375492358973],[-120.57400312929637,71.70437124571282],[-120.57501563186653,71.70492065543917],[-120.57647675329171,71.70535941223488],[-120.57827018585937,71.70565258239284],[-120.58025314065104,71.70577682246073],[-120.58065033959811,71.70578028040002]]]}"
110_110,9.225864722802838,110,9.298192476832998,0.07232775403016056,"{""type"":""Polygon"",""coordinates"":[[[-121.30798344406175,72.05890517648429],[-121.3100233570048,72.05881562712601],[-121.31190083765703,72.05855410965457],[-121.31346640057643,72.05814144751153],[-121.31459541806568,72.05761049735462],[-121.31519804330728,72.05700353093599],[-121.3152263549942,72.05636886773691],[-121.31467815698694,72.05575702719139],[-121.3135971351916,72.05521670726412],[-121.3120693647677,72.05479090951063],[-121.31021645049329,72.05451351862197],[-121.30818584882212,72.05440660795213],[-121.30613914143383,72.05447868465035],[-121.30423919024457,72.05472401340928],[-121.30263719106509,72.05512307237224],[-121.3014606509893,72.05564410510372],[-121.30080324258999,72.05624564570061],[-121.3007173413526,72.05687981688742],[-121.30120984230682,72.05749613937546],[-121.3022415933045,72.05804554978336],[-121.30373049563354,72.05848430736451],[-121.30555803012268,72.05877747816663],[-121.30757869205758,72.05890171853636],[-121.30798344406175,72.05890517648429]]]}"
111_111,3.2869645689659523,111,3.2244014834419854,-0.06256308552396694,"{""type"":""Polygon"",""coordinates"":[[[-120.91998291388978,71.84960964373238],[-120.92200008294057,71.84952009450527],[-120.92385663140314,71.84925857738637],[-120.92540474092417,71.84884591570726],[-120.92652117330407,71.84831496598079],[-120.92711708296382,71.8477079998248],[-120.92714508204426,71.84707333663862],[-120.92660299794835,71.84646149585228],[-120.92553402876355,71.8459211755056],[-120.92402328965913,71.84549537728498],[-120.92219102985433,71.84521798602725],[-120.92018306253607,71.8451110752015],[-120.91815916895433,71.84518315200565],[-120.91628039635265,71.8454284810993],[-120.9146962556666,71.8458275405213],[-120.9135328327351,71.84634857369296],[-120.91288275554017,71.84695011457383],[-120.9127978149353,71.84758428579974],[-120.91328482814701,71.84820060806983],[-120.91430507866296,71.84875001807069],[-120.91577738254016,71.84918877518274],[-120.9175845419034,71.84948194560015],[-120.91958267466774,71.84960618578961],[-120.91998291388978,71.84960964373238]]]}"
112_112,3.839805128650459,112,3.8264180590181485,-0.0133870696323104,"{""type"":""Polygon"",""coordinates"":[[[-120.51339774926424,71.95293083337455],[-120.51542607898514,71.95284128408305],[-120.51729289909788,71.95257976679109],[-120.51884957319201,71.95216710488427],[-120.5199721812266,71.9516361549465],[-120.52057138630282,71.95102918866161],[-120.52059953879073,71.9503945254691],[-120.52005445453825,71.94978268480097],[-120.51897957100864,71.94924236466015],[-120.51746047444779,71.94881656666882],[-120.51561807926284,71.94853917559227],[-120.51359900501127,71.94843226484304],[-120.51156391643617,71.9485043415952],[-120.50967475126322,71.94874967052455],[-120.50808184721652,71.94914872972122],[-120.50691198756097,71.94966976267682],[-120.50625831286989,71.95027130341828],[-120.50617290088009,71.950905474625],[-120.50666260699448,71.95152179700209],[-120.50768850092719,71.95207120720274],[-120.50916894984675,71.95250996454504],[-120.51098610750356,71.9528031351513],[-120.51299529557204,71.95292737542925],[-120.51339774926424,71.95293083337455]]]}"
