system:index,control,label,mean,net_change,.geo
0_0,-0.25388748175119613,0,-0.31319285832133215,-0.059305376570136015,"{""type"":""Polygon"",""coordinates"":[[[-122.06878225054339,71.79580480374679],[-122.07079365871404,71.79571525455293],[-122.07264490518669,71.7954537375234],[-122.07418859386931,71.79504107596189],[-122.0753018385133,71.79451012634453],[-122.07589604714839,71.79390316025513],[-122.07592396703733,71.7932684970722],[-122.07538343154934,71.79265665622479],[-122.07431751521305,71.79211633577181],[-122.07281109003958,71.79169053743279],[-122.070984061893,71.79141314608151],[-122.06898182772862,71.79130623521623],[-122.06696371275568,71.79137831204724],[-122.06509030456891,71.79162364122573],[-122.06351068733308,71.7920227007641],[-122.06235058689111,71.79254373404734],[-122.06170236663763,71.79314527500019],[-122.06161766934498,71.79377944623602],[-122.0621032925358,71.79439576845085],[-122.06312063004434,71.79494517834853],[-122.06458872963483,71.79538393534168],[-122.06639072810815,71.79567710566157],[-122.06838315437967,71.79580134580533],[-122.06878225054339,71.79580480374679]]]}"
1_1,-0.08291278173427738,1,-0.19126087391833832,-0.10834809218406094,"{""type"":""Polygon"",""coordinates"":[[[-121.94895744821045,71.43965024239215],[-121.95093158065818,71.4395606934137],[-121.95274852063062,71.4392991769631],[-121.95426360426036,71.43888651616336],[-121.95535622259482,71.43835556725286],[-121.95593942465447,71.43774860159475],[-121.9559668320343,71.43711393843303],[-121.95543631673988,71.43650209719013],[-121.95439015383855,71.43596177604839],[-121.952911641998,71.4355359769423],[-121.95111846539712,71.43525858498495],[-121.94915332774289,71.43515167386371],[-121.94717260339903,71.43522375086866],[-121.94533390576976,71.43546908059677],[-121.94378355757375,71.43586814088896],[-121.94264495529092,71.43638917489504],[-121.94200875031189,71.43699071631418],[-121.94192562727342,71.43762488761425],[-121.9424022562348,71.43824120947116],[-121.9434007450573,71.43879061870044],[-121.94484164078303,71.43922937492329],[-121.94661024573594,71.43952254461142],[-121.9485657481945,71.43964678445917],[-121.94895744821045,71.43965024239215]]]}"
2_2,4.878176799664876,2,5.57084459935866,0.6926677996937833,"{""type"":""Polygon"",""coordinates"":[[[-121.05581566152262,71.73941275139708],[-121.05782106890432,71.73932320223787],[-121.05966679258746,71.73906168530146],[-121.06120587632562,71.73864902386248],[-121.06231580047798,71.73811807435881],[-121.06290823724531,71.73751110833877],[-121.06293607464038,71.73687644515927],[-121.06239715224861,71.73626460424825],[-121.06133441589542,71.73572428368446],[-121.05983248430789,71.73529848522206],[-121.05801090569568,71.73502109377331],[-121.05601464344778,71.73491418286686],[-121.05400254773924,71.73498625972584],[-121.05213472737265,71.73523158899273],[-121.050559821968,71.73563064865236],[-121.04940318237978,71.73615168205187],[-121.048756896397,71.73675322307972],[-121.04867245254499,71.73738739432586],[-121.04915662782325,71.73800371648315],[-121.05017093100946,71.7385531262733],[-121.05163465122503,71.73899188314256],[-121.05343127388454,71.73928505336085],[-121.05541775601924,71.739409293457],[-121.05581566152262,71.73941275139708]]]}"
4_4,2.972925144665043,4,2.9250566569005825,-0.04786848776446062,"{""type"":""Polygon"",""coordinates"":[[[-120.85793980080558,71.7915840473671],[-120.85995075852667,71.79149449817584],[-120.86180159043086,71.79123298115331],[-120.86334493344313,71.79082031960098],[-120.86445792883438,71.79028936999215],[-120.86505200446432,71.78968240390796],[-120.86507991816097,71.78904774072531],[-120.86453950376024,71.78843589987312],[-120.86347382612956,71.78789557941181],[-120.86196773826723,71.78746978106352],[-120.86014111919003,71.78719238970493],[-120.8581393333076,71.78708547883656],[-120.85612167017078,71.78715755566968],[-120.8542486814338,71.7874028848548],[-120.85266941789172,71.78780194440228],[-120.85150957723887,71.78832297769425],[-120.85086150218163,71.78892451865272],[-120.85077682391366,71.78955868988932],[-120.85126233841699,71.79017501209984],[-120.85227944815414,71.79072442198944],[-120.85374721900668,71.7911631789733],[-120.85554881394427,71.79145634928555],[-120.85754079401887,71.79158058942575],[-120.85793980080558,71.7915840473671]]]}"
5_5,-1.6537842330293206,5,-1.2003111218017661,0.4534731112275545,"{""type"":""Polygon"",""coordinates"":[[[-121.54739537038213,71.76331956789252],[-121.54940331711998,71.76323001871864],[-121.5512513778842,71.76296850174283],[-121.55279241029879,71.76255584025199],[-121.55390373958538,71.7620248907002],[-121.55449692615527,71.76141792465083],[-121.55452479845985,71.76078326146987],[-121.55398519345388,71.76017142058576],[-121.55292111142602,71.75963110006889],[-121.55141727828551,71.7592053016587],[-121.54959339359095,71.75892791025119],[-121.54759460420384,71.75882099936217],[-121.5455799613198,71.7588930762093],[-121.54370977635233,71.75913840543879],[-121.54213287703973,71.7595374650471],[-121.54097477292062,71.7600584983974],[-121.540327668412,71.76066003939351],[-121.54024311731197,71.76129421063528],[-121.54072790530455,71.76191053281693],[-121.54174349252662,71.76245994265258],[-121.5432090659643,71.76289869957428],[-121.54500796350919,71.76319186983557],[-121.54699696102658,71.76331610995186],[-121.54739537038213,71.76331956789252]]]}"
6_6,4.6522326438296835,6,4.65230792663872,7.528280903645879E-5,"{""type"":""Polygon"",""coordinates"":[[[-121.0470467754645,71.75098815041733],[-121.04905341152634,71.75089860125102],[-121.05090026601788,71.75063708429555],[-121.05244029263297,71.75022442283147],[-121.05355089666665,71.7496934733045],[-121.0541436962298,71.74908650727026],[-121.0541715505161,71.74845184409007],[-121.05363229783809,71.74784000319207],[-121.05256891037348,71.74729968265099],[-121.05106605870995,71.74687388421384],[-121.0492433642881,71.74659649278505],[-121.04724587927106,71.74648958188703],[-121.0452325510987,71.74656165874029],[-121.04336358660801,71.74680698798907],[-121.04178771644091,71.74720604762386],[-121.0406303682321,71.74772708099958],[-121.03998368620152,71.74832862201205],[-121.03989919045712,71.7489627932561],[-121.04038366220038,71.74957911542516],[-121.04139858667385,71.75012852523734],[-121.04286320358028,71.75056728213197],[-121.0446609269545,71.75086045237104],[-121.04664862616973,71.75098469247696],[-121.0470467754645,71.75098815041733]]]}"
7_7,3.937037557642388,7,3.750325670872857,-0.186711886769531,"{""type"":""Polygon"",""coordinates"":[[[-120.9952200992858,71.47795634275523],[-120.99719817082273,71.47786679375399],[-120.99901873611535,71.47760527724219],[-121.00053684257126,71.47719261636186],[-121.00163164058591,71.47666166737658],[-121.00221600576778,71.47605470167285],[-121.00224346731497,71.4754200385089],[-121.00171189314761,71.47480819730784],[-121.00066364281369,71.47426787623894],[-120.99918218124208,71.47384207721399],[-120.9973854273877,71.47356468532075],[-120.99541636956701,71.47345777422659],[-120.99343169397551,71.47352985121314],[-120.99158932831635,71.47377518088311],[-120.99003588712465,71.47417424109555],[-120.98889501303537,71.4746952750252],[-120.98825753835352,71.47529681639502],[-120.98817424896453,71.47593098768827],[-120.98865182839472,71.47654730958305],[-120.9896523090486,71.47709671888303],[-120.99109607953139,71.47753547518735],[-120.99286821332645,71.4778286449423],[-120.99482761768652,71.47795288482136],[-120.9952200992858,71.47795634275523]]]}"
8_8,4.272235232678952,8,4.120811119894269,-0.15142411278468249,"{""type"":""Polygon"",""coordinates"":[[[-120.66587270480159,71.71697967206636],[-120.6678757355168,71.71689012292087],[-120.66971927184919,71.71662860602136],[-120.671256531757,71.71621594463092],[-120.67236514079762,71.71568499517228],[-120.6729568757994,71.71507802917972],[-120.67298468052076,71.71444336600157],[-120.67244639700954,71.71383152506536],[-120.67138492011738,71.71329120445769],[-120.66988476825594,71.71286540594642],[-120.66806534798272,71.71258801445903],[-120.66607145096839,71.71248110353629],[-120.66406173924608,71.71255318040635],[-120.66219613198794,71.71279850970826],[-120.66062309274754,71.71319756941591],[-120.6594678238619,71.71371860286148],[-120.65882230396377,71.71432014391904],[-120.65873796048807,71.7149543151693],[-120.65922156230616,71.71557063730376],[-120.66023466372047,71.71612004705132],[-120.6616966494444,71.71655880387151],[-120.66349114296416,71.71685197404952],[-120.66547527086995,71.71697621412682],[-120.66587270480159,71.71697967206636]]]}"
9_9,3.9354865067406615,9,4.026237440126136,0.09075093338547413,"{""type"":""Polygon"",""coordinates"":[[[-121.15196023107976,71.65481848831726],[-121.15395670707564,71.65472893920965],[-121.15579421081058,71.65446742241188],[-121.15732644068932,71.65405476115534],[-121.15843142271854,71.65352381182096],[-121.1590212222843,71.65291684590422],[-121.15904893688968,71.6522821827298],[-121.1585124153747,71.65167034172404],[-121.15745441200896,71.65113002099534],[-121.1559591685403,71.65070422234922],[-121.15414570085623,71.65042683075531],[-121.1521583270369,71.65031991978758],[-121.15015519022845,71.65039199668821],[-121.14829568661106,71.65063732608674],[-121.14672779415584,71.65103638592687],[-121.14557630559538,71.65155741949951],[-121.14493289851627,71.65215896063903],[-121.14484883186942,71.65279313190057],[-121.14533085211089,71.65340945397213],[-121.14634063909885,71.65395886360221],[-121.14779784118495,71.65439762028699],[-121.14958646264981,71.65469079035395],[-121.15156409771775,71.65481503037921],[-121.15196023107976,71.65481848831726]]]}"
10_10,3.0127233014590473,10,3.0037687431533975,-0.00895455830564984,"{""type"":""Polygon"",""coordinates"":[[[-121.10147523157629,71.49422980580931],[-121.10345498157415,71.49414025679836],[-121.10527709162946,71.49387874026046],[-121.10679648612285,71.49346607934582],[-121.10789221290705,71.49293513032868],[-121.10847707369906,71.49232816460552],[-121.10850455832656,71.49169350144061],[-121.10797253296909,71.49108166025735],[-121.10692339317215,71.4905413392195],[-121.10544067470937,71.49011554022913],[-121.10364239657446,71.48983814836319],[-121.10167166835694,71.48973123728057],[-121.09968530912485,71.48980331425928],[-121.09784138050506,71.49004864390449],[-121.09628662137659,71.49044770408297],[-121.09514477926199,71.49096873798003],[-121.09450676355465,71.49157027932883],[-121.09442340328249,71.4922044506192],[-121.09490138771045,71.49282077253011],[-121.09590271709068,71.4933701818602],[-121.0973477125181,71.49380893819924],[-121.09912134996611,71.49410210798267],[-121.10108241694135,71.49422634787507],[-121.10147523157629,71.49422980580931]]]}"
11_11,3.3885131193274423,11,3.4190023832160805,0.030489263888638263,"{""type"":""Polygon"",""coordinates"":[[[-121.16277330968816,71.7675013161749],[-121.1647817013037,71.76741176699845],[-121.16663017150839,71.76715025001573],[-121.16817154531763,71.76673758851581],[-121.16928312077397,71.7662066389556],[-121.16987643870405,71.76559967290106],[-121.16990431712443,71.76496500971987],[-121.16936459252906,71.76435316884049],[-121.16830027474829,71.76381284833181],[-121.1667961084689,71.76338704993076],[-121.1649718197647,71.76310965853048],[-121.1629725876404,71.76300274764452],[-121.1609574985089,71.76307482448959],[-121.1590868992798,71.7633201537125],[-121.15750965064835,71.76371921331183],[-121.15635128995353,71.76424024665351],[-121.1557040420448,71.76484178764406],[-121.15561947215558,71.76547595888508],[-121.15610436749138,71.76609228107098],[-121.1571201796676,71.76664169091461],[-121.15858607777697,71.76708044784549],[-121.16038537386608,71.76737361811429],[-121.16237481206117,71.76749785823414],[-121.16277330968816,71.7675013161749]]]}"
12_12,-4.381720872518628,12,-4.30930931738687,0.07241155513175723,"{""type"":""Polygon"",""coordinates"":[[[-121.57647862040498,71.62541511547269],[-121.57847201163715,71.62532556638288],[-121.58030667632742,71.62506404963304],[-121.58183653898682,71.62465138843952],[-121.58293981408033,71.62412043916362],[-121.58352870279452,71.62351347328257],[-121.58355637498792,71.6228788101099],[-121.58302068269757,71.62226696907143],[-121.58196431403326,71.62172664828572],[-121.58047138054026,71.62130084957614],[-121.5786607142499,71.62102345793207],[-121.57667641036194,71.62091654694315],[-121.57467636782467,71.6209886238582],[-121.57281973668873,71.62123395330218],[-121.57125426640096,71.62163301320471],[-121.570104556927,71.62215404683714],[-121.56946214417594,71.62275558801525],[-121.56937820780777,71.62338975928212],[-121.56985948373,71.62400608132404],[-121.57086771089007,71.62455549089883],[-121.5723226617126,71.62499424751988],[-121.57410851968682,71.62528741753455],[-121.57608309911346,71.62541165753532],[-121.57647862040498,71.62541511547269]]]}"
13_13,3.0175233830730073,13,4.004656548472429,0.9871331653994218,"{""type"":""Polygon"",""coordinates"":[[[-121.30534217582019,71.67129693107682],[-121.3073403850094,71.67120738195919],[-121.30917948387876,71.67094586513453],[-121.31071304379385,71.67053320384257],[-121.31181898487483,71.67000225447534],[-121.31240929620752,71.66939528853854],[-121.31243703464182,71.66876062536313],[-121.31190004722158,71.66814878437577],[-121.31084112538889,71.66760846367906],[-121.30934458404677,71.66718266506861],[-121.30752954238336,71.66690527350288],[-121.30554044370533,71.66679836254703],[-121.3035355683627,71.66687043943959],[-121.30167445082499,71.66711576881255],[-121.30010519746068,71.66751482861767],[-121.29895270930975,71.66803586215669],[-121.29830874356108,71.66863740327453],[-121.29822460371585,71.6692715745331],[-121.29870704215705,71.66988789662129],[-121.29971770554334,71.67043730628245],[-121.30117617251523,71.67087606300302],[-121.30296634666404,71.67116923309936],[-121.3049456985627,71.67129347313838],[-121.30534217582019,71.67129693107682]]]}"
14_14,-0.462273040261626,14,3.338193752694593,3.800466792956219,"{""type"":""Polygon"",""coordinates"":[[[-120.74386680057894,71.53932083618267],[-120.74585121706374,71.53923128714473],[-120.74767762189522,71.53896977053431],[-120.74920059741213,71.53855710952423],[-120.75029890637613,71.53802616041857],[-120.7508851450703,71.53741919464137],[-120.75091269386428,71.5367845314738],[-120.75037941409882,71.5361726903401],[-120.74932780140124,71.53563236938852],[-120.74784158850872,71.53520657049422],[-120.74603907254479,71.53492917870422],[-120.74406370026392,71.53482226765364],[-120.74207266014795,71.53489434461058],[-120.7402243861602,71.53513967418692],[-120.73866596288241,71.53553873427099],[-120.73752142944706,71.5360597680775],[-120.73688190957012,71.53666130936789],[-120.73679835222558,71.53729548065022],[-120.73727746263334,71.53791180260595],[-120.73828115165598,71.53846121201977],[-120.73972955269493,71.53889996845531],[-120.74150737062504,71.53919313831786],[-120.74347306003237,71.53931737824735],[-120.74386680057894,71.53932083618267]]]}"
15_15,3.245616716369586,15,3.0711123620716236,-0.1745043542979623,"{""type"":""Polygon"",""coordinates"":[[[-121.27462931511846,71.49582975381877],[-121.27660923029897,71.49574020480686],[-121.27843149237924,71.49547868826639],[-121.27995101363244,71.49506602734837],[-121.28104683181978,71.4945350783281],[-121.28163174138633,71.49392811260303],[-121.2816592282852,71.49329344943801],[-121.28112715852468,71.49268160825652],[-121.28007793119289,71.49214128722171],[-121.27859508903549,71.49171548823475],[-121.27679666089132,71.4914380963715],[-121.27482576828483,71.49133118529001],[-121.27283924336041,71.49140326226795],[-121.27099516092474,71.49164859191072],[-121.26944027209403,71.49204765208586],[-121.268298334713,71.4925686859797],[-121.2676602657616,71.49317022732644],[-121.2675768985136,71.49380439861652],[-121.26805492279861,71.49442072052902],[-121.26905633570472,71.49497012986207],[-121.27050145168276,71.49540888620454],[-121.27227523711,71.49570205599076],[-121.27423646770845,71.49582629588447],[-121.27462931511846,71.49582975381877]]]}"
16_16,-0.2678507733766233,16,-0.34910892255320464,-0.08125814917658136,"{""type"":""Polygon"",""coordinates"":[[[-121.47381988573953,71.40963497736946],[-121.47579094322053,71.4095454284088],[-121.47760505316309,71.40928391200603],[-121.47911777708666,71.4088712512692],[-121.48020869389855,71.40834030241706],[-121.48079098798998,71.40773333679458],[-121.48081835308383,71.4070986736346],[-121.48028866437538,71.40648683235905],[-121.47924413098428,71.40594651116044],[-121.47776792179002,71.405520711991],[-121.47597753769848,71.4052433199836],[-121.47401546024192,71.40513640884122],[-121.47203782035861,71.40520848586054],[-121.47020198610154,71.40545381563403],[-121.46865405238857,71.40585287598847],[-121.46751722354374,71.40637391005424],[-121.46688200973068,71.4069754515119],[-121.46679901654895,71.40760962281726],[-121.46727490354544,71.40822594464463],[-121.46827183748555,71.4087753538187],[-121.46971048909201,71.40921410997794],[-121.4714763393285,71.40950727961389],[-121.47342879585004,71.4096315194372],[-121.47381988573953,71.40963497736946]]]}"
17_17,-0.38295542008088396,17,-0.1553555992480138,0.22759982083287017,"{""type"":""Polygon"",""coordinates"":[[[-121.45090468876035,71.72196011254188],[-121.45290824661382,71.72187056339334],[-121.4547522680948,71.72160904648564],[-121.4562899325233,71.72119638508443],[-121.45739883325221,71.7206654356158],[-121.4579907239038,71.72005846961716],[-121.45801853587217,71.71942380643871],[-121.45748011065899,71.71881196550808],[-121.45641835442174,71.71827164491015],[-121.45491780782176,71.71784584640972],[-121.45309790883465,71.7175684549309],[-121.45110348721776,71.71746154401177],[-121.44909324673351,71.71753362087937],[-121.44722714861376,71.71777895017352],[-121.44565369546311,71.71817800987053],[-121.4444981225593,71.71869904330588],[-121.44385243274566,71.71930058435683],[-121.4437680670068,71.71993475560618],[-121.44425179601687,71.7205510777457],[-121.44526516398106,71.72110048750272],[-121.4467275344106,71.7215392443338],[-121.44852250016791,71.72183241452073],[-121.45050715023538,71.72195665460221],[-121.45090468876035,71.72196011254188]]]}"
18_18,-9.771097391342465,18,-3.9599270076821433,5.811170383660322,"{""type"":""Polygon"",""coordinates"":[[[-121.61485162913968,71.58753304883481],[-121.61684106088728,71.58744349976789],[-121.61867208148824,71.58718198307955],[-121.62019890567458,71.58676932196695],[-121.62129998980916,71.58623837276615],[-121.62188770938728,71.5856314069309],[-121.62191532714046,71.58499674376048],[-121.62138069921006,71.58438490268001],[-121.62032642878603,71.58384458182113],[-121.61883646029068,71.58341878303006],[-121.61702938976451,71.58314139132162],[-121.61504902632612,71.58303448030551],[-121.61305295548028,71.58310655723902],[-121.61120001135413,71.58335188674141],[-121.60963765006937,71.58375094672401],[-121.60849022416308,71.58427198043324],[-121.60784908769261,71.58487352166087],[-121.6077653185435,71.58550769293456],[-121.60824563908409,71.58612401493846],[-121.60925186410712,71.58667342444225],[-121.6107039252929,71.58711218098145],[-121.61248623615586,71.58740535092903],[-121.61445689347835,71.58752959089836],[-121.61485162913968,71.58753304883481]]]}"
19_19,3.9389693684754428,19,3.7880626077243753,-0.15090676075106746,"{""type"":""Polygon"",""coordinates"":[[[-120.87862409962898,71.74981871798616],[-120.88063061148841,71.74972916882056],[-120.88247735167099,71.74946765186702],[-120.88401728297436,71.74905499040545],[-120.88512781828149,71.74852404088087],[-120.88572058117109,71.74791707484806],[-120.88574843374992,71.74728241166794],[-120.88520921445925,71.74667057076863],[-120.88414589281294,71.74613025022525],[-120.88264313415625,71.74570445178554],[-120.88082055252718,71.74542706035473],[-120.87882319111507,71.74532014945588],[-120.87680998752761,71.7453922263097],[-120.87494113869191,71.74563755556032],[-120.87336536604883,71.74603661519762],[-120.8722080894717,71.74655764857573],[-120.87156144747601,71.74715918958977],[-120.87147695697725,71.74779336083402],[-120.87196139875199,71.7484096830019],[-120.872976260422,71.74895909281184],[-120.87444078668551,71.74939784970391],[-120.87623839879281,71.7496910199409],[-120.87822597497814,71.7498152600458],[-120.87862409962898,71.74981871798616]]]}"
20_20,3.8803621723074597,20,4.040280447377364,0.15991827506990397,"{""type"":""Polygon"",""coordinates"":[[[-120.89704805174365,71.76326329321901],[-120.89905599249613,71.76317374404516],[-120.9009040477517,71.76291222706945],[-120.90244507557317,71.76249956557872],[-120.90355640154775,71.76196861602705],[-120.90414958635034,71.76136164997773],[-120.90417745857265,71.7607269867968],[-120.90363785517563,71.76011514591262],[-120.90257377631958,71.75957482539563],[-120.90106994766117,71.75914902698531],[-120.89924606840214,71.7588716355777],[-120.89724728497164,71.75876472468865],[-120.89523264809141,71.75883680153582],[-120.89336246869745,71.75908213076539],[-120.8917855740846,71.7594811903738],[-120.89062747341744,71.76000222372423],[-120.88998037083816,71.76060376472041],[-120.8898958199909,71.7612379359622],[-120.89038060653927,71.76185425814379],[-120.89139619073482,71.76240366797934],[-120.89286175980436,71.76284242490091],[-120.89466065198721,71.76313559516208],[-120.89664964357569,71.76325983527833],[-120.89704805174365,71.76326329321901]]]}"
21_21,2.983905654696256,21,3.1329222415920595,0.14901658689580355,"{""type"":""Polygon"",""coordinates"":[[[-121.18961165521355,71.41764840352378],[-121.19158353265347,71.41755885455838],[-121.193398397241,71.41729733814286],[-121.19491175039488,71.41688467738925],[-121.1960031209284,71.41635372852154],[-121.19658565713529,71.41574676288955],[-121.19661303350509,71.41511209972913],[-121.19608312438244,71.41450025846227],[-121.19503815647236,71.41395993727882],[-121.1935613332631,71.4135341381263],[-121.19177020453152,71.41325674613223],[-121.1898073110541,71.41314983499548],[-121.18782884868008,71.41322191201098],[-121.18599225088691,71.41346724177237],[-121.18444367333699,71.41386630211021],[-121.18330637159394,71.41438733616006],[-121.18267089348042,71.41498887760746],[-121.18258786567169,71.41562304891139],[-121.18306395051785,71.41623937074664],[-121.18406129907707,71.41678877993542],[-121.18550054909188,71.41722753611164],[-121.18726713389056,71.4175207057615],[-121.1892204026301,71.41764494559133],[-121.18961165521355,71.41764840352378]]]}"
23_23,-4.613363170350266,23,-4.294162924592768,0.3192002457574983,"{""type"":""Polygon"",""coordinates"":[[[-121.79432218664141,71.53567482745814],[-121.79630622493644,71.5355852784224],[-121.79813228170302,71.53532376181785],[-121.79965496700028,71.5349111008155],[-121.80075306669477,71.534380151717],[-121.80133919371862,71.53377318594421],[-121.80136673731238,71.53313852277685],[-121.80083355920895,71.53252668163913],[-121.79978214692458,71.53198636068056],[-121.79829621723385,71.53156056177848],[-121.79649404471945,71.53128316998232],[-121.79451904881087,71.53117625892915],[-121.79252838805128,71.53124833588784],[-121.79068046622842,71.53149366546978],[-121.7891223399071,71.53189272556148],[-121.78797802458655,71.53241375937533],[-121.78733862661328,71.53301530067046],[-121.7872550852403,71.53364947195342],[-121.78773410439453,71.53426579390555],[-121.78873760218292,71.53481520331258],[-121.79018572721826,71.5352539597403],[-121.79196320634631,71.53554712959644],[-121.79392852113426,71.5356713695229],[-121.79432218664141,71.53567482745814]]]}"
25_25,-0.2356040642036622,25,-0.3546303449186854,-0.11902628071502319,"{""type"":""Polygon"",""coordinates"":[[[-121.45236233379522,71.68913574612549],[-121.45436242284296,71.689046196997],[-121.45620325182915,71.68878468014314],[-121.45773825432978,71.68837201881279],[-121.45884523561841,71.68784106940991],[-121.45943610202399,71.68723410345139],[-121.45946386630321,71.6865994402749],[-121.45892637355198,71.68598759930748],[-121.45786645553041,71.6854472786455],[-121.4563685064873,71.68502148007371],[-121.45455175765284,71.68474408853852],[-121.45256078815704,71.68463717759559],[-121.45055402716393,71.68470925447937],[-121.44869115913437,71.68495458382465],[-121.44712042969941,71.68535364359174],[-121.44596685737135,71.68587467709433],[-121.44532228567753,71.68647621818867],[-121.44523806643943,71.68711038944399],[-121.4457209584685,71.68772671155021],[-121.44673257241473,71.68827612124508],[-121.44819241130853,71.68871487800449],[-121.44998426953137,71.68900804813268],[-121.45196548354129,71.68913228818663],[-121.45236233379522,71.68913574612549]]]}"
26_26,-4.3406237589318915,26,-4.2360397597800254,0.104583999151866,"{""type"":""Polygon"",""coordinates"":[[[-121.6901874826925,71.69525637355133],[-121.69218821759335,71.6951668244191],[-121.69402964098664,71.69490530755523],[-121.6955651391088,71.69449264621166],[-121.696672477776,71.69396169679655],[-121.69726353488493,71.69335473083055],[-121.69729130804348,71.69272006765371],[-121.69675364167823,71.69210822669314],[-121.69569338140128,71.69156790604308],[-121.69419494872186,71.69114210748458],[-121.69237761336379,71.69086471595988],[-121.69038600112114,71.69075780502138],[-121.68837859228518,71.69082988190216],[-121.68651512284849,71.6910752112379],[-121.68494388628781,71.69147427099196],[-121.6837899414747,71.69199530448202],[-121.68314516159946,71.69259684556827],[-121.68306091508461,71.69323101682248],[-121.68354396295041,71.69384733893493],[-121.68455590347543,71.69439674864135],[-121.68601621371313,71.6948355054141],[-121.68780865052445,71.69512867555322],[-121.68979050429012,71.6952529156123],[-121.6901874826925,71.69525637355133]]]}"
27_27,3.776307240013533,27,3.377623667496069,-0.3986835725174642,"{""type"":""Polygon"",""coordinates"":[[[-120.85642532236957,71.67285489030213],[-120.85842369558834,71.67276534118353],[-120.86026294542134,71.67250382435634],[-120.86179663121115,71.67209116306101],[-120.86290266305684,71.67156021369065],[-120.86349302282316,71.67095324775198],[-120.86352076351265,71.67031858457648],[-120.8629837319991,71.66970674359087],[-120.8619247232426,71.66916642289718],[-120.86042805906965,71.6687406242901],[-120.85861286844472,71.66846323272702],[-120.856623606526,71.66835632177231],[-120.85461856664838,71.66842839866409],[-120.85275729636918,71.66867372803466],[-120.85118791420835,71.66907278783646],[-120.85003533145608,71.66959382137229],[-120.84939131283485,71.6701953624881],[-120.84930716606215,71.67082953374637],[-120.84978964408178,71.67144585583613],[-120.85080039041047,71.67199526550021],[-120.85225897709122,71.6724340222242],[-120.85404929818613,71.67272719232331],[-120.85602881256578,71.67285143236363],[-120.85642532236957,71.67285489030213]]]}"
28_28,2.2031346893626624,28,0.5709872758684357,-1.6321474134942267,"{""type"":""Polygon"",""coordinates"":[[[-122.09229119840337,71.562771829089],[-122.09427805103351,71.56268228003698],[-122.096106697958,71.56242076338872],[-122.09763154295204,71.56200810232885],[-122.09873119994528,71.56147715317694],[-122.09931815797374,71.56087018737158],[-122.09934574026481,71.56023552420261],[-122.09881180563345,71.55962368309476],[-122.09775890195506,71.5590833621882],[-122.09627086479205,71.55865756334407],[-122.09446613646581,71.55838017159368],[-122.09248833974793,71.55827326055984],[-122.09049485597279,71.5583453375054],[-122.08864431348198,71.55859066704582],[-122.08708397733153,71.55898972708059],[-122.08593803888903,71.55951076083984],[-122.08529773375798,71.56011230209975],[-122.08521407353052,71.56074647337788],[-122.08569377175628,71.56136279535701],[-122.0866986926321,71.56191220481455],[-122.08814887157406,71.56235096130044],[-122.08992887192979,71.56264413120431],[-122.09189697448349,71.56276837115313],[-122.09229119840337,71.562771829089]]]}"
29_29,2.4230260668297112,29,2.4214780843873873,-0.001547982442323903,"{""type"":""Polygon"",""coordinates"":[[[-120.7997017778086,71.78099459626299],[-120.80171160633282,71.78090504707825],[-120.80356139898761,71.78064353007323],[-120.80510387546586,71.78023086854397],[-120.80621624602472,71.77969991895652],[-120.8068099882342,71.77909295288539],[-120.80683788640792,71.77845828970337],[-120.8062977755513,71.77784644883921],[-120.8052326963131,71.77730612835707],[-120.80372745402988,71.77688032998557],[-120.8019018604169,71.77660293860862],[-120.79990119829777,71.77649602773253],[-120.79788466783388,71.7765681045709],[-120.79601273058303,71.77681343377266],[-120.7944343536882,71.77721249334293],[-120.7932751642806,71.77773352665679],[-120.7926274532043,71.77833506762936],[-120.79254282262777,71.7789692388679],[-120.79302806467086,71.7795855610676],[-120.79404460342548,71.78013497093698],[-120.79551155019053,71.78057372789752],[-120.79731213353584,71.78086689819065],[-120.79930299507407,71.7809911383219],[-120.7997017778086,71.78099459626299]]]}"
30_30,3.110665136754283,30,2.971239017953594,-0.13942611880068911,"{""type"":""Polygon"",""coordinates"":[[[-120.66541445386066,71.48870808057355],[-120.66739363400528,71.48861853156589],[-120.66921521959914,71.48835701503684],[-120.67073417679174,71.48794435413387],[-120.67182958825,71.48741340512754],[-120.67241428077779,71.48680643941098],[-120.67244175756933,71.48617177624638],[-120.67190988539514,71.48555993505708],[-120.67086104757927,71.4850196140087],[-120.6693787558428,71.48459381500658],[-120.66758099521537,71.48431642313139],[-120.66561083411318,71.48420951204483],[-120.66362504649283,71.48428158902621],[-120.66178164851276,71.48452691867982],[-120.66022733683617,71.48492597886984],[-120.65908582337522,71.48544701277795],[-120.65844799135115,71.4860485541339],[-120.65836465514451,71.48668272542524],[-120.65884250207196,71.48729904733068],[-120.65984354330168,71.48784845665054],[-120.66128812284893,71.48828721297781],[-120.66306124979266,71.48858038275156],[-120.66502175229446,71.48870462263943],[-120.66541445386066,71.48870808057355]]]}"
31_31,-3.4313143546027414,31,-2.9971438376324526,0.43417051697028874,"{""type"":""Polygon"",""coordinates"":[[[-121.54194100462624,71.61040962868947],[-121.54393282547704,71.61032007960874],[-121.54576604487569,71.6100585628833],[-121.54729470243862,71.60964590172186],[-121.54839710857047,71.60911495247575],[-121.54898553359082,71.60850798661286],[-121.5490131841928,71.60787332344108],[-121.54847791404114,71.60726148238595],[-121.54742237756531,71.60672116157123],[-121.54593062002746,71.60629536282934],[-121.54412137986205,71.60601797115974],[-121.54213863880551,71.60591106016003],[-121.54014017149059,71.60598313708239],[-121.5382850026687,71.60622846654955],[-121.53672076545041,71.60662752648383],[-121.53557196166808,71.60714856014671],[-121.53493005510606,71.60775010134448],[-121.5348461850593,71.60838427261405],[-121.53532708206542,71.60900059464089],[-121.53633451515297,71.60955000418753],[-121.53778831990938,71.6099887607761],[-121.53957277105471,71.61028193076417],[-121.54154579492555,71.61040617075247],[-121.54194100462624,71.61040962868947]]]}"
32_32,3.205258278000449,32,3.3610710685950913,0.15581279059464226,"{""type"":""Polygon"",""coordinates"":[[[-121.12816050606638,71.75250507790876],[-121.1301673032614,71.75241552874152],[-121.1320143060509,71.75215401178356],[-121.13355445631795,71.75174135031618],[-121.13466514951347,71.75121040078618],[-121.13525799665487,71.75060343475008],[-121.13528585315632,71.74996877156978],[-121.1347465571635,71.7493569306735],[-121.13368308430996,71.74881661013539],[-121.13218011198465,71.74839081170155],[-121.13035727123186,71.74811342027537],[-121.12835962585687,71.74800650937847],[-121.12634613605522,71.74807858623099],[-121.1244770215203,71.7483239154774],[-121.12290102483112,71.74872297510892],[-121.12174358369143,71.7492440084815],[-121.12109684972185,71.74984554949198],[-121.1210123471721,71.75047972073574],[-121.12149685779474,71.75109604290634],[-121.12251186374588,71.75164545272142],[-121.1239765982473,71.75208420961938],[-121.12577446597284,71.75237737986117],[-121.1277623248,71.75250161996836],[-121.12816050606638,71.75250507790876]]]}"
33_33,-4.420561468461249,33,-4.522411384694968,-0.10184991623371964,"{""type"":""Polygon"",""coordinates"":[[[-121.56780292649795,71.69359678112743],[-121.56980348623394,71.69350723199621],[-121.57164474841527,71.69324571513505],[-121.57318011211753,71.69283305379507],[-121.57428735385844,71.69230210438327],[-121.57487835924582,71.69169513841929],[-121.57490612999615,71.69106047524257],[-121.57436851071756,71.69044863428013],[-121.57330834326532,71.68990831362683],[-121.57181004175519,71.68948251506473],[-121.56999286547095,71.6892051235372],[-121.56800142755073,71.68909821259749],[-121.56599419441928,71.68917028947908],[-121.56413088809308,71.6894156188174],[-121.56255978907235,71.689814678575],[-121.56140594528269,71.69033571206847],[-121.56076122186929,71.69093725315692],[-121.56067698275231,71.69157142441142],[-121.56115998835288,71.69218774652218],[-121.56217184030491,71.69273715622546],[-121.56363202270724,71.6931759129946],[-121.56542430259684,71.69346908313075],[-121.56740598285133,71.69359332318844],[-121.56780292649795,71.69359678112743]]]}"
35_35,3.8995951038166488,35,4.155569489031795,0.2559743852151466,"{""type"":""Polygon"",""coordinates"":[[[-120.8330453693952,71.46661014382049],[-120.8350222724512,71.466520594826],[-120.83684176233857,71.46625907833234],[-120.83835897211154,71.46584641747594],[-120.83945312355186,71.46531546851283],[-120.84003714370849,71.46470850282265],[-120.84006458918782,71.46407383965935],[-120.83953332912183,71.46346199844587],[-120.83848569799832,71.46292167735537],[-120.83700511142689,71.46249587830634],[-120.83520941871913,71.4622184863941],[-120.83324152376576,71.4621115752919],[-120.8312580202614,71.46218365228391],[-120.82941674267654,71.46242898197112],[-120.82786421898263,71.46282804220722],[-120.8267240187959,71.46334907615953],[-120.82608692075537,71.46395061754399],[-120.82600368071235,71.46458478883926],[-120.82648097819823,71.4652011107228],[-120.82748086800078,71.4657505200018],[-120.82892378572345,71.466189276282],[-120.83069487273225,71.46648244601711],[-120.8326531196427,71.46660668588689],[-120.8330453693952,71.46661014382049]]]}"
36_36,-3.247081759953609,36,-3.6777112231629747,-0.4306294632093657,"{""type"":""Polygon"",""coordinates"":[[[-121.50603606686077,71.54523154155073],[-121.5080210967692,71.54514199250926],[-121.50984806616178,71.5448804758893],[-121.51137151241477,71.54446781486669],[-121.5124701608138,71.54393686574937],[-121.51305658063707,71.54332989996509],[-121.5130841378657,71.54269523679717],[-121.51255069320447,71.54208339566998],[-121.51149875543675,71.54154307472973],[-121.51001208319121,71.54111727584807],[-121.50820901015233,71.54083988406803],[-121.5062330273959,71.54073297302169],[-121.50424137196417,71.54080504997573],[-121.50239252676516,71.54105037954305],[-121.50083362182426,71.5414494396147],[-121.49968873460679,71.54197047340931],[-121.4990490170022,71.54257201469203],[-121.4989654337517,71.5432061859733],[-121.49944469217267,71.54382250793493],[-121.50044869137712,71.54437191735975],[-121.5018975400937,71.54481067380797],[-121.50367590756062,71.54510384368092],[-121.50564220460039,71.54522808361529],[-121.50603606686077,71.54523154155073]]]}"
37_37,2.902116891900444,37,2.9114148308382664,0.00929793893782227,"{""type"":""Polygon"",""coordinates"":[[[-121.16436105491789,71.60555670135446],[-121.16635236844988,71.60546715227666],[-121.1681851209406,71.60520563555909],[-121.16971338919166,71.60479297440804],[-121.17081551460147,71.60426202517154],[-121.1714037898234,71.60365505931453],[-121.1714314334501,71.60302039614304],[-121.1708962996722,71.60240855508253],[-121.16984103203856,71.60186823425842],[-121.16834965439841,71.60144243550609],[-121.16654087494918,71.60116504382825],[-121.16455863877245,71.60105813282505],[-121.1625606803403,71.60113020974978],[-121.16070598392567,71.6013755392244],[-121.15914214505605,71.60177459916896],[-121.15799363386147,71.60229563284169],[-121.15735189082612,71.60289717404578],[-121.15726804220469,71.60353134531623],[-121.15774881680018,71.60414766733821],[-121.158755993359,71.60469707687574],[-121.16020942787354,71.60513583345384],[-121.16199342453648,71.60542900343331],[-121.163965945878,71.60555324341757],[-121.16436105491789,71.60555670135446]]]}"
38_38,-8.610626599534676,38,-3.377685278736722,5.232941320797954,"{""type"":""Polygon"",""coordinates"":[[[-121.81206216138213,71.56461082581372],[-121.81404920531865,71.5645212767606],[-121.81587802831095,71.56425976010935],[-121.81740302011188,71.56384709904557],[-121.81850278296355,71.56331614989004],[-121.8190897974801,71.56270918408245],[-121.8191173824016,71.5620745209134],[-121.81858339634472,71.56146267980756],[-121.81753039128778,71.56092235890456],[-121.8160422108679,71.56049656006435],[-121.8142373088086,71.56021916831706],[-121.8122593217038,71.56011225728456],[-121.81026564603224,71.56018433422922],[-121.80841492539976,71.56042966376683],[-121.80685443903464,71.56082872379773],[-121.80570839025931,71.56134975755326],[-121.80506802346356,71.56195129881078],[-121.80498435515683,71.56258547008858],[-121.8054640995429,71.56320179206955],[-121.80646911715404,71.56375120153051],[-121.80791943571177,71.56418995802035],[-121.80969960744967,71.56448312792746],[-121.81166789950377,71.56460736787781],[-121.81206216138213,71.56461082581372]]]}"
39_39,5.670888421280267,39,6.863196631955616,1.1923082106753489,"{""type"":""Polygon"",""coordinates"":[[[-121.14527665283495,71.54932320239487],[-121.14726210761782,71.54923365335094],[-121.1490894680413,71.54897213672439],[-121.1506132403393,71.54855947569308],[-121.15171212384062,71.54802852656772],[-121.15229866911899,71.54742156077852],[-121.15232623218968,71.54678689761036],[-121.15179267331698,71.54617505648766],[-121.1507405103965,71.54563473555528],[-121.14925351999015,71.54520893668234],[-121.14745006110549,71.54493154490923],[-121.14547365551653,71.5448246338658],[-121.14348157389989,71.54489671081788],[-121.14163233306394,71.54514204037892],[-121.14007309450957,71.54554110044197],[-121.1389279622527,71.54606213422834],[-121.13828810769633,71.54666367550573],[-121.13820450650265,71.54729784678628],[-121.13868386744164,71.54791416875199],[-121.13968808148674,71.54846357818442],[-121.14113724027746,71.54890233464144],[-121.14291598836897,71.54919550452159],[-121.14488270627213,71.54931974445932],[-121.14527665283495,71.54932320239487]]]}"
40_40,-15.52369187977386,40,-4.6832900808265245,10.840401798947337,"{""type"":""Polygon"",""coordinates"":[[[-121.69634999462689,71.51043633562584],[-121.69833141917444,71.51034678660521],[-121.70015507039264,71.51008527004127],[-121.70167574992182,71.50967260909239],[-121.70277240331093,71.50914166004348],[-121.70335775855784,71.50853469430093],[-121.70338526621153,71.50790003113507],[-121.70285279071504,71.50728818996959],[-121.70180276352787,71.5067478689627],[-121.70031879110303,71.5063220700068],[-121.6985189922401,71.50604467816812],[-121.69654659751889,71.50593776709698],[-121.69455855857024,71.50600984406789],[-121.69271307063246,71.50625517368839],[-121.69115699663875,71.50665423383299],[-121.69001418875465,71.50717526769755],[-121.6893756332824,71.50777680902539],[-121.6892922022919,71.50841098031289],[-121.68977059077345,71.50902730223987],[-121.690772766902,71.5095767116],[-121.69221898441936,71.51001546797369],[-121.6939941220163,71.5103086377855],[-121.69595684773238,71.51043287769122],[-121.69634999462689,71.51043633562584]]]}"
41_41,1.3622439057621172,41,-0.04771106066514495,-1.4099549664272621,"{""type"":""Polygon"",""coordinates"":[[[-122.06125094375915,71.52540830896014],[-122.06323391795549,71.52531875993056],[-122.06505899538463,71.52505724334253],[-122.06658086410144,71.52464458236196],[-122.06767837498182,71.52411363328365],[-122.068264187803,71.52350666752316],[-122.06829171676507,71.5228720043564],[-122.06775882470433,71.52226016320739],[-122.0667079763153,71.52171984222916],[-122.06522284345893,71.52129404330515],[-122.06342163729612,71.52101665149168],[-122.06144770037261,71.52090974043121],[-122.05945810699426,71.52098181739485],[-122.05761117604506,71.5212271469925],[-122.05605388525923,71.52162620710574],[-122.0549101836403,71.52214724094023],[-122.0542711286628,71.52274878224867],[-122.05418763222843,71.5233829535335],[-122.05466639462574,71.52399927547538],[-122.05566935434523,71.52454868486332],[-122.05711670279936,71.52498744126903],[-122.05889322865245,71.52528061110714],[-122.06085748938754,71.52540485102516],[-122.06125094375915,71.52540830896014]]]}"
42_42,-0.4864717042979041,42,-0.25342569347723326,0.23304601082067083,"{""type"":""Polygon"",""coordinates"":[[[-121.49921139083588,71.76347956004136],[-121.50121935459076,71.76339001086738],[-121.50306743101652,71.76312849389129],[-121.5046084764898,71.7627158324001],[-121.50571981519262,71.762184882848],[-121.5063130067872,71.76157791679842],[-121.50634087932572,71.76094325361746],[-121.50580126974532,71.76033141273354],[-121.50473717869964,71.75979109221696],[-121.50323333281625,71.75936529380712],[-121.5014094326679,71.7590879023999],[-121.49941062634562,71.758980991511],[-121.49739596639216,71.75905306835806],[-121.49552576557876,71.75929839758729],[-121.49394885290435,71.75969745719524],[-121.49279073897095,71.76021849054521],[-121.49214362897713,71.76082003154112],[-121.49205907715837,71.76145420278287],[-121.49254386925695,71.76207052496467],[-121.49355946508379,71.76261993480063],[-121.4950250509405,71.76305869172268],[-121.49682396373008,71.76335186198425],[-121.49881297810386,71.76347610210068],[-121.49921139083588,71.76347956004136]]]}"
43_43,0.0430035241199863,43,0.03029148310993975,-0.01271204101004655,"{""type"":""Polygon"",""coordinates"":[[[-122.0091677212077,71.49312055187721],[-122.0111473567005,71.49303100286693],[-122.01296936137167,71.4927694863308],[-122.01448866799478,71.4923568254185],[-122.01558433141805,71.49182587640354],[-122.01616915839945,71.49121891068171],[-122.01619664145242,71.49058424751686],[-122.01566464687525,71.4899724063324],[-122.01461556775776,71.48943208529242],[-122.01313293504039,71.48900628629968],[-122.01133476089231,71.48872889443189],[-122.00936414662971,71.48862198334848],[-122.00737790225601,71.48869406032773],[-122.00553408026182,71.48893938997462],[-122.00397941104336,71.48933845015542],[-122.0028376349677,71.48985948405469],[-122.00219965616931,71.49046102540493],[-122.00211630073281,71.4910951966955],[-122.0025942575317,71.4917115186053],[-122.00359552901162,71.49226092793334],[-122.00504044087299,71.49269968427002],[-122.0068139757414,71.49299285405151],[-122.00877492929257,71.49311709394298],[-122.0091677212077,71.49312055187721]]]}"
45_45,3.0112422319297067,45,3.032458089613024,0.021215857683317463,"{""type"":""Polygon"",""coordinates"":[[[-120.76553354596248,71.56652616155577],[-120.76752078918814,71.5664366125015],[-120.76934979559508,71.56617509584716],[-120.77087494032877,71.5657624347793],[-120.77197481345605,71.56523148562],[-120.7725618868178,71.5646245198101],[-120.77258947447947,71.56398985664092],[-120.77205543485121,71.56337801553721],[-120.77100232418545,71.56283769463789],[-120.76951399453095,71.56241189580177],[-120.76770891148918,71.56213450405775],[-120.76573072605314,71.56202759302658],[-120.76373685047787,71.56209966997031],[-120.76188594427032,71.56234499950499],[-120.7603253014225,71.56274405953185],[-120.75917913771039,71.56326509328353],[-120.75853870667684,71.56386663453856],[-120.75845502995374,71.56450080581601],[-120.75893482242628,71.56511712779889],[-120.75993994080925,71.56566653726343],[-120.76139040480848,71.5661052937574],[-120.76317075507995,71.56639846366788],[-120.76513924454171,71.56652270361981],[-120.76553354596248,71.56652616155577]]]}"
46_46,-1.3452613027275941,46,-1.7843190052861442,-0.43905770255855003,"{""type"":""Polygon"",""coordinates"":[[[-121.87569404718312,71.73133620071728],[-121.87769859821196,71.73124665156303],[-121.87954353375594,71.73098513463991],[-121.88108196033744,71.7305724732184],[-121.88219141063303,71.73004152373096],[-121.88278359454254,71.72943455772084],[-121.88281142016481,71.72879989454182],[-121.88227272797246,71.72818805362171],[-121.88121044542422,71.72764773304212],[-121.87970915510184,71.72722193456211],[-121.87788835417527,71.72694454309942],[-121.8758929441606,71.72683763218713],[-121.87388170744215,71.72690970905009],[-121.8720146844956,71.7271550383296],[-121.87044045150117,71.72755409800654],[-121.8692843058001,71.72807513142264],[-121.86863829585053,71.72867667246119],[-121.86855388816585,71.72931084370882],[-121.86903785681689,71.72992716585787],[-121.87005172698454,71.7304765756327],[-121.87151482223372,71.73091533248427],[-121.87331067772848,71.73120850268803],[-121.87529631159498,71.7313327427774],[-121.87569404718312,71.73133620071728]]]}"
47_47,1.9832932297707508,47,0.2235053718726432,-1.7597878578981077,"{""type"":""Polygon"",""coordinates"":[[[-122.01990264031666,71.53963193425363],[-122.02188708907782,71.53954238521553],[-122.02371352361466,71.53928086860459],[-122.02523652390013,71.53886820759386],[-122.02633485072411,71.53833725848757],[-122.02692109894869,71.53773029271002],[-122.02694864818645,71.53709562954242],[-122.02641535974475,71.53648378840906],[-122.025363729943,71.53594346745808],[-122.02387749288087,71.53551766856445],[-122.02207494760546,71.53524027677496],[-122.02009954320337,71.53513336572462],[-122.0181084707115,71.53520544268139],[-122.01626016666849,71.53545077225728],[-122.01470171804719,71.53584983234067],[-122.01355716599696,71.53637086614657],[-122.01291763571625,71.53697240743655],[-122.0128340770086,71.53760657871882],[-122.01331319520438,71.53822290067488],[-122.01431690054775,71.53877231008929],[-122.01576532514201,71.53921106652547],[-122.01754317198697,71.53950423638858],[-122.01950889336594,71.53962847631831],[-122.01990264031666,71.53963193425363]]]}"
48_48,-4.028966937179269,48,-4.0151341960467075,0.013832741132561388,"{""type"":""Polygon"",""coordinates"":[[[-121.7451381642232,71.62899888808641],[-121.74713193089745,71.62890933899445],[-121.74896694112373,71.62864782223876],[-121.75049709189398,71.62823516103758],[-121.75160057473617,71.62770421175456],[-121.75218957430889,71.62709724586918],[-121.7522172516642,71.62646258269628],[-121.75168145845021,71.62585074166181],[-121.75062489082877,71.62531042088303],[-121.74913167619194,71.62488462218117],[-121.74732066894795,71.62460723054322],[-121.74533599142298,71.62450031955687],[-121.74333557228641,71.62457239647014],[-121.74147859154483,71.62481772590861],[-121.73991282645851,71.62521678580354],[-121.73876290045452,71.6257378194287],[-121.7381203666853,71.62633936060212],[-121.73803641446116,71.62697353186832],[-121.73851778097347,71.62758985391386],[-121.73952619797797,71.62813926349537],[-121.74098142279855,71.62857802012417],[-121.74276761711319,71.62887119014522],[-121.74474256843747,71.62899543014898],[-121.7451381642232,71.62899888808641]]]}"
49_49,1.831716047738772,49,1.881469109394723,0.04975306165595095,"{""type"":""Polygon"",""coordinates"":[[[-121.38100614047349,71.39939866180403],[-121.38297615159001,71.39930911284941],[-121.38478929851624,71.39904759646292],[-121.38630121946747,71.3986349357475],[-121.38739155727681,71.39810398691522],[-121.38797354240012,71.39749702130487],[-121.38800089310445,71.39686235814548],[-121.38747148567047,71.3962505168588],[-121.38642750677701,71.39571019564083],[-121.38495208113854,71.39528439644985],[-121.38316264729598,71.39500700442541],[-121.38120161117872,71.39490009327584],[-121.37922502089106,71.39497217030004],[-121.37739016099651,71.39521750008899],[-121.37584304889572,71.39561656046462],[-121.37470682352499,71.39613759455071],[-121.37407194699054,71.39673913602147],[-121.37398899799685,71.39737330732864],[-121.37446463251368,71.39798962914593],[-121.37546103735063,71.39853903830122],[-121.37689892531718,71.3989777944388],[-121.37866383816538,71.39927096405701],[-121.38061525820078,71.39939520387199],[-121.38100614047349,71.39939866180403]]]}"
51_51,-0.024804779895183537,51,-0.17811873419349433,-0.1533139542983108,"{""type"":""Polygon"",""coordinates"":[[[-121.96334646429986,71.5928040925605],[-121.96533644598962,71.59271454349039],[-121.96716797272681,71.5924530267935],[-121.96869521893396,71.59204036566967],[-121.96979660737613,71.59150941645844],[-121.97038448933843,71.59090245061684],[-121.97041211465306,71.59026778744611],[-121.96987733889128,71.58965594637147],[-121.96882277703767,71.58911562552274],[-121.9673323967267,71.58868982674299],[-121.96552482677613,71.5884124350435],[-121.96354391603914,71.58830552403116],[-121.96154729355545,71.58837760096212],[-121.95969383733159,71.58862293045638],[-121.95813104422994,71.58902199042787],[-121.95698330115349,71.58954302412641],[-121.95634198741746,71.59014456534717],[-121.95625819504302,71.59077873661992],[-121.95673864827894,71.5913950586291],[-121.95774515138362,71.59194446814276],[-121.959197613918,71.59238322469332],[-121.96098041744766,71.59267639465023],[-121.96295161952048,71.59280063462391],[-121.96334646429986,71.5928040925605]]]}"
52_52,-0.5905417578135937,52,-0.8997788145183936,-0.30923705670479984,"{""type"":""Polygon"",""coordinates"":[[[-121.43537012607682,71.70308210646168],[-121.43737168739592,71.70299255732468],[-121.43921387137834,71.70273104044799],[-121.44075000368588,71.70231837908754],[-121.44185779964612,71.70178742965676],[-121.44244910077441,71.70118046368121],[-121.44247688529462,71.70054580050389],[-121.44193899677698,71.69993395955208],[-121.4408782985583,71.69939363891729],[-121.43937924702938,71.69896784037579],[-121.43756116116978,71.69869044886453],[-121.43556872648374,71.6985835379317],[-121.43356048868371,71.6986556148086],[-121.43169624970096,71.69890094413218],[-121.43012436423433,71.69930000386952],[-121.42896994279832,71.69982103734358],[-121.42832489653902,71.7004225784195],[-121.42824061512151,71.70105674967228],[-121.42872386239213,71.70167307179264],[-121.42973622079948,71.7022224815139],[-121.43119713415759,71.70266123830372],[-121.43299031131686,71.70295440845683],[-121.43497298369877,71.70307864852246],[-121.43537012607682,71.70308210646168]]]}"
53_53,-4.055104573694734,53,-4.252256528277163,-0.19715195458242896,"{""type"":""Polygon"",""coordinates"":[[[-121.77808597108361,71.64372151225719],[-121.7800812816919,71.6436319631563],[-121.78191771286905,71.64337044637664],[-121.78344904844013,71.6429577851439],[-121.78455338560914,71.64242683583163],[-121.78514284106602,71.64181986992836],[-121.7851705396488,71.6411852067546],[-121.78463433140526,71.6405733657365],[-121.78357694561056,71.64003304498625],[-121.78208257482352,71.63960724631616],[-121.78027016547297,71.6393298547033],[-121.7782839514375,71.63922294372756],[-121.7762819836082,71.63929502063363],[-121.77442356518046,71.63954035004934],[-121.77285658779157,71.63993940991305],[-121.77170577134915,71.64046044350827],[-121.77106273991558,71.64106198466237],[-121.77097872248662,71.64169615592591],[-121.77146046153317,71.64231247798628],[-121.77246965923655,71.64286188759547],[-121.77392601082174,71.64330064425617],[-121.77571358827221,71.64359381430339],[-121.77769006895468,71.6437180543194],[-121.77808597108361,71.64372151225719]]]}"
54_54,1.8128072272578297,54,-0.4064763494574358,-2.2192835767152657,"{""type"":""Polygon"",""coordinates"":[[[-122.07901701649241,71.55444910885849],[-122.08100300381594,71.55435955981146],[-122.08283085436022,71.55409804317664],[-122.08435503532542,71.55368538213445],[-122.0854542135055,71.55315443299898],[-122.08604091603013,71.55254746720361],[-122.08606848642326,71.55191280403514],[-122.08553478439705,71.5513009629181],[-122.08448233926858,71.55076064199558],[-122.08299495007725,71.55033484313361],[-122.08119100757088,71.55005745136916],[-122.07921407200072,71.54995054032938],[-122.07722145620092,71.55002261727896],[-122.0753717194709,71.55026794683215],[-122.07381206276315,71.55066700688442],[-122.07266662337213,71.55118804066046],[-122.07202659715948,71.5517895819312],[-122.07194297347556,71.55242375321082],[-122.07242246291142,71.55304007518166],[-122.07342694623924,71.55358948462364],[-122.07487649367901,71.55402824109166],[-122.07665571884813,71.55432141098086],[-122.07862296426433,71.55444565092282],[-122.07901701649241,71.55444910885849]]]}"
55_55,-3.613532356071277,55,-3.512079610592852,0.10145274547842531,"{""type"":""Polygon"",""coordinates"":[[[-121.73532410432814,71.65674220353615],[-121.73732078249576,71.65665265442736],[-121.73915847229826,71.65639113762647],[-121.74069085732174,71.65597847636579],[-121.74179595122148,71.65544752702758],[-121.7423858104833,71.6548405611085],[-121.74241352786828,71.65420589793395],[-121.74187695200688,71.65359405693036],[-121.74081884150473,71.65305373620536],[-121.73932344664306,71.65262793756341],[-121.73750979535905,71.6523505459728],[-121.73552222034014,71.65224363500643],[-121.73351888073691,71.65231571190614],[-121.7316591888606,71.65256104130167],[-121.73009113765943,71.65296010113774],[-121.72893953249978,71.65348113470645],[-121.72829606025357,71.65408267584344],[-121.72821198506838,71.65471684710462],[-121.7286940540916,71.65533316917812],[-121.72970394330879,71.65588257881184],[-121.73116129293997,71.65632133550079],[-121.73295009552074,71.6566145055712],[-121.73492793085177,71.65673874559805],[-121.73532410432814,71.65674220353615]]]}"
57_57,-0.7906404364915304,57,-0.5821552859512321,0.20848515054029826,"{""type"":""Polygon"",""coordinates"":[[[-121.855645476202,71.46255499887768],[-121.85762196199514,71.4624654498856],[-121.8594410678568,71.46220393339844],[-121.86095795742553,71.46179127255056],[-121.86205187797506,71.46126032359537],[-121.86263577492362,71.46065335791003],[-121.86266321466508,71.46001869474696],[-121.8621320667642,71.45940685352905],[-121.86108465675987,71.45886653243083],[-121.8596043826498,71.45844073337324],[-121.85780906887602,71.45816334145418],[-121.85584158918103,71.45805643034912],[-121.85385850422742,71.45812850734308],[-121.85201761519237,71.45837383703645],[-121.85046541913567,71.458772897281],[-121.8493254595986,71.4592939312414],[-121.84868849605616,71.45989547263108],[-121.84860527363448,71.46052964392707],[-121.8490824704384,71.46114596580661],[-121.85008214924872,71.46169537507812],[-121.85152476245193,71.46213413134967],[-121.85329547565483,71.46242730107771],[-121.85525330924165,71.46255154094418],[-121.855645476202,71.46255499887768]]]}"
58_58,1.6610158900376195,58,1.7744070035509028,0.11339111351328324,"{""type"":""Polygon"",""coordinates"":[[[-121.31737351927467,71.59289904158345],[-121.31936351087366,71.5928094925133],[-121.32119504673075,71.59254797581625],[-121.32272230054213,71.59213531469221],[-121.3238236944675,71.59160436548079],[-121.32441157935574,71.59099739963908],[-121.32443920480667,71.59036273646834],[-121.32390442638115,71.5897508953938],[-121.32284985927635,71.58921057454526],[-121.32135947154501,71.58878477576572],[-121.31955189259546,71.58850738406639],[-121.3175709719969,71.58840047305411],[-121.31557433957342,71.58847254998501],[-121.31372087412227,71.58871787947913],[-121.31215807323983,71.58911693945042],[-121.31101032444839,71.58963797314878],[-121.31036900751826,71.59023951436942],[-121.31028521472533,71.59087368564214],[-121.31076567035227,71.59149000765143],[-121.3117721784676,71.59203941716525],[-121.31322464823374,71.59247817371602],[-121.31500746064062,71.59277134367309],[-121.3169786725291,71.59289558364686],[-121.31737351927467,71.59289904158345]]]}"
59_59,2.3721156775524563,59,2.382302880586362,0.010187203033905856,"{""type"":""Polygon"",""coordinates"":[[[-121.2517370683607,71.39584601148353],[-121.25370671659674,71.395756462531],[-121.25551952954775,71.39549494615014],[-121.25703117202717,71.39508228544216],[-121.25812130903775,71.39455133661677],[-121.25870318701048,71.39394437101062],[-121.25873053272447,71.39330970785144],[-121.25820122283682,71.39269786656092],[-121.2571574362438,71.39215754533623],[-121.25568228234346,71.39173174613776],[-121.2538931780484,71.39145435410742],[-121.25193250306894,71.39134744295534],[-121.24995627678237,71.39141951998126],[-121.24812175479795,71.39166484977555],[-121.24657492763333,71.39206391015853],[-121.2454389115481,71.39258494425168],[-121.2448041519823,71.39318648572697],[-121.24472121831303,71.39382065703477],[-121.24519676526955,71.39443697884857],[-121.24619298661287,71.39498638799735],[-121.24763060974817,71.39542514412743],[-121.249395197509,71.39571831373947],[-121.25134625808977,71.39584255355157],[-121.2517370683607,71.39584601148353]]]}"
60_60,-9.844301558209422,60,-4.68318407424163,5.161117483967791,"{""type"":""Polygon"",""coordinates"":[[[-121.71586178031673,71.49277967786227],[-121.71784138062489,71.49269012885219],[-121.71966335291407,71.49242861231662],[-121.72118263253681,71.49201595140504],[-121.72227827649083,71.49148500239072],[-121.722863093083,71.4908780366693],[-121.72289057565217,71.49024337350447],[-121.72235859053305,71.48963153231963],[-121.72130953006084,71.48909121127903],[-121.719826923691,71.48866541228556],[-121.71802878149552,71.48838802041719],[-121.71605820224852,71.48828110933353],[-121.71407199316805,71.48835318631295],[-121.71222820393729,71.48859851596035],[-121.71067356234599,71.48899757614187],[-121.7095318065625,71.48951861004183],[-121.7088938391053,71.4901201513925],[-121.70881048515467,71.49075432268313],[-121.70928843346385,71.4913706445926],[-121.71028968715238,71.49192005392001],[-121.71173457333595,71.49235881025596],[-121.71350807668414,71.49265198003684],[-121.71546899538284,71.49277621992805],[-121.71586178031673,71.49277967786227]]]}"
62_62,-2.1223240470646436,62,-2.0681536445971433,0.05417040246750027,"{""type"":""Polygon"",""coordinates"":[[[-121.83996475864399,71.5560226937174],[-121.84195090951084,71.55593314466944],[-121.84377891057142,71.55567162803207],[-121.84530321703836,71.55525896698654],[-121.84640248571436,71.55472801784796],[-121.84698923652934,71.5541210520507],[-121.84701680917118,71.55348638888213],[-121.84648306318252,71.55287454776685],[-121.84543053138789,71.55233422684734],[-121.8439430197296,71.55190842798874],[-121.84213892870287,71.55163103622694],[-121.84016183037535,71.55152412518828],[-121.83816905052778,71.55159620213712],[-121.83631916150854,71.55184153168788],[-121.83475937638582,71.55224059173686],[-121.83361384267383,71.55276162550972],[-121.83297376374546,71.55336316677841],[-121.83289013315479,71.55399733805775],[-121.83336966205206,71.55461366003014],[-121.83437422807665,71.55516306947509],[-121.83582389487066,71.55560182594648],[-121.83760326655042,71.55589499583844],[-121.83957067396604,71.55601923578169],[-121.83996475864399,71.5560226937174]]]}"
63_63,0.2062476245251737,63,0.21834901494524064,0.012101390420066943,"{""type"":""Polygon"",""coordinates"":[[[-121.9756897732837,71.43893193573726],[-121.97766383202485,71.43884238675922],[-121.97948070416183,71.43858087030979],[-121.98099573122971,71.43816820951156],[-121.98208830877888,71.43763726060244],[-121.9826714890747,71.4370302949452],[-121.98269889544095,71.43639563178351],[-121.98216839995968,71.43578379053983],[-121.98112227611755,71.43524346939674],[-121.97964381947106,71.43481767028912],[-121.97785070980629,71.43454027833059],[-121.9758856455046,71.43443336720884],[-121.97390499509484,71.43450544421412],[-121.97206636610024,71.43475077394332],[-121.97051607577909,71.43514983423701],[-121.96937751600535,71.43567086824451],[-121.96874133478445,71.43627240966458],[-121.9686582148586,71.43690658096476],[-121.96913482603522,71.43752290282097],[-121.9701332775874,71.43807231204892],[-121.97157411952185,71.43851106827026],[-121.97334265844457,71.43880423795714],[-121.9752980878924,71.43892847780431],[-121.9756897732837,71.43893193573726]]]}"
64_64,3.42217578406376,64,4.0140893110347005,0.5919135269709406,"{""type"":""Polygon"",""coordinates"":[[[-121.19474843398973,71.6764566934823],[-121.19674718653269,71.67636714436152],[-121.19858678547449,71.67610562752841],[-121.20012076235408,71.67569296622536],[-121.20122700409638,71.67516201684782],[-121.20181747586724,71.67455505090474],[-121.20184522177182,71.67392038772903],[-121.20130808829087,71.67330854674744],[-121.20024887852004,71.67276822606075],[-121.19875193029644,71.67234242746147],[-121.19693639519274,71.67206503590458],[-121.19494675577405,71.67195812495245],[-121.19294133540348,71.67203020184249],[-121.19107971190408,71.67227553120745],[-121.18951003189673,71.67267459100157],[-121.18835723037554,71.67319562453007],[-121.18771308948472,71.67379716564112],[-121.18762892669183,71.67443133689873],[-121.18811149623798,71.67504765899214],[-121.18912243437389,71.67559706866304],[-121.19058129788566,71.67603582539485],[-121.19237195879874,71.67632899550038],[-121.19435184892147,71.67645323554373],[-121.19474843398973,71.6764566934823]]]}"
65_65,0.0013534495266262327,65,0.02095914395540653,0.0196056944287803,"{""type"":""Polygon"",""coordinates"":[[[-122.01502777538325,71.59448130787023],[-122.0170179321287,71.5943917587991],[-122.01884961997743,71.59413024209951],[-122.02037700052075,71.5937175809721],[-122.02147848582905,71.59318663175753],[-122.02206641948094,71.59257966591392],[-122.02209404720251,71.59194500274307],[-122.02155922438352,71.59133316167029],[-122.02050456976303,71.5907928408248],[-122.01901405836436,71.59036704204867],[-122.01720632943876,71.59008965035201],[-122.01522524448762,71.58998273934088],[-122.01322844640849,71.590054816271],[-122.01137482717549,71.5903001457627],[-122.00981189661937,71.59069920573064],[-122.0086640525824,71.59122023942581],[-122.00802268241982,71.59182178064437],[-122.00793888265235,71.5924559519168],[-122.0084193781274,71.59307227392767],[-122.00942596975008,71.59362168344447],[-122.01087856004031,71.59406043999866],[-122.01266152039392,71.59435360995852],[-122.01463289586981,71.5944778499336],[-122.01502777538325,71.59448130787023]]]}"
66_66,0.03128327439576269,66,-0.03662968243500904,-0.06791295683077173,"{""type"":""Polygon"",""coordinates"":[[[-121.42551931053369,71.65296612923801],[-121.42751559189779,71.6528765801315],[-121.42935291650447,71.65261506333677],[-121.43088499702456,71.6522024020842],[-121.43198987135548,71.6516714527535],[-121.43257961345152,71.65106448683902],[-121.43260732538096,71.65042982366471],[-121.43207085618558,71.64981798265691],[-121.43101295596058,71.64927766192459],[-121.42951785823877,71.64885186327447],[-121.42770456730736,71.64857447167738],[-121.4257173871839,71.64846756070831],[-121.42371444560702,71.64853963760986],[-121.42185512322754,71.64878496701125],[-121.42028738359787,71.64918402685534],[-121.41913600728807,71.64970506043173],[-121.41849266294565,71.6503066015737],[-121.41840860451872,71.65094077283558],[-121.41889057779773,71.65155709490526],[-121.4199002663691,71.65210650453184],[-121.42135732641272,71.65254526121261],[-121.42314577351637,71.65283843127628],[-121.42512321579001,71.65296267129999],[-121.42551931053369,71.65296612923801]]]}"
67_67,-3.7932730708895277,67,-4.399252919044531,-0.6059798481550032,"{""type"":""Polygon"",""coordinates"":[[[-121.65122757274786,71.7412233683173],[-121.65323317221426,71.74113381915699],[-121.65507907268145,71.74087230221761],[-121.65661830382354,71.7404596407747],[-121.65772833426458,71.73992869126738],[-121.65832082774932,71.73932172524513],[-121.65834866778509,71.73868706206551],[-121.6578096937583,71.73807522115652],[-121.65674685561412,71.7375349005963],[-121.65524478018723,71.73710910213785],[-121.65342302713582,71.7368317106922],[-121.65142657372724,71.73672479978708],[-121.64941428534246,71.73679687664517],[-121.64754628611011,71.73704220590923],[-121.64597122988008,71.73744126556497],[-121.64481447951025,71.73796229896077],[-121.64416813161162,71.7385638399862],[-121.64408367964708,71.73919801123203],[-121.644567901273,71.73981433339114],[-121.64558230158765,71.74036374318476],[-121.64704616198665,71.74080250005798],[-121.64884295672555,71.7410956702795],[-121.65082962913154,71.74121991037718],[-121.65122757274786,71.7412233683173]]]}"
68_68,-3.324671151189419,68,-3.2595691060772007,0.0651020451122184,"{""type"":""Polygon"",""coordinates"":[[[-121.54469347506249,71.79375390362124],[-121.54670466432944,71.79366435442863],[-121.54855570933543,71.79340283740251],[-121.55009923003362,71.79299017584546],[-121.55121235354893,71.79245922623224],[-121.5518064975479,71.79185226014538],[-121.55183441442759,71.79121759696257],[-121.55129393778402,71.79060575611284],[-121.55022813745086,71.7900654356558],[-121.54872187619954,71.78963963731229],[-121.54689504684721,71.78936224595745],[-121.54489303053316,71.78925533509069],[-121.54287513513772,71.7893274119227],[-121.54100193078978,71.78957274110444],[-121.53942248543748,71.78997180064721],[-121.53826251124451,71.7904928339347],[-121.53761436155162,71.79109437489029],[-121.53752967350435,71.79172854612648],[-121.53801524387663,71.79234486833923],[-121.53903247069574,71.79289427823298],[-121.54050041053038,71.79333303522161],[-121.54230221289859,71.7936262055378],[-121.54429442233304,71.79375044567982],[-121.54469347506249,71.79375390362124]]]}"
69_69,0.0014984861743163678,69,3.3594691786684803,3.3579706924941637,"{""type"":""Polygon"",""coordinates"":[[[-120.71942558408644,71.51947663488153],[-120.72140794402887,71.51938708585548],[-120.72323245613269,71.51912556927702],[-120.72475385347616,71.51871290830901],[-120.7258510244619,71.51818195924236],[-120.72643665590859,71.51757499348896],[-120.72646417642444,71.51694033032258],[-120.72593144948257,71.51632848916704],[-120.72488092660375,71.51578816817744],[-120.72339625372227,71.51536236924079],[-120.7215956053887,71.51508497741733],[-120.71962227976739,71.51497806635264],[-120.71763330253798,71.51505014331916],[-120.71578694357343,71.51529547292584],[-120.7142301351029,71.51569453305153],[-120.71308678774496,71.51621556689793],[-120.71244793076272,71.51681710821406],[-120.71236446026917,71.51745127949995],[-120.7128430744528,71.51806760143593],[-120.71384572357044,71.51861701081285],[-120.71529262374085,71.51905576720587],[-120.71706859931328,71.51934893703354],[-120.71903225159343,71.51947317694668],[-120.71942558408644,71.51947663488153]]]}"
70_70,4.938706991297161,70,5.171702323300661,0.2329953320035001,"{""type"":""Polygon"",""coordinates"":[[[-121.04051292990782,71.48422173270042],[-121.04249164730726,71.48413218369544],[-121.04431280701604,71.48387066717359],[-121.0458314091017,71.48345800628006],[-121.0469265645018,71.48292705728251],[-121.04751112039179,71.48232009157132],[-121.04753859082018,71.48168542840699],[-121.04700684303738,71.48107358721278],[-121.04595825044298,71.48053326615585],[-121.04447630522655,71.48010746714418],[-121.04267896483735,71.47983007526146],[-121.0407092642571,71.47972316417173],[-121.03872394080993,71.47979524115526],[-121.03688097373204,71.4800405708157],[-121.03532702540551,71.48043963101509],[-121.03418577882539,71.48096066493218],[-121.03354809595997,71.4815622062939],[-121.03346477929556,71.48219637758606],[-121.03394251456666,71.48281269948704],[-121.03494332180583,71.4833621087986],[-121.03638756364059,71.4838008651163],[-121.03816027603301,71.4840940348822],[-121.04012032015827,71.4842182747664],[-121.04051292990782,71.48422173270042]]]}"
71_71,-2.002000251702725,71,-2.332870214594798,-0.33086996289207304,"{""type"":""Polygon"",""coordinates"":[[[-121.52731945620226,71.69359639117495],[-121.5293200158971,71.69350684204372],[-121.53116127804054,71.69324532518256],[-121.53269664171125,71.69283266384258],[-121.53380388342936,71.6923017144308],[-121.53439488880457,71.69169474846682],[-121.53442265955435,71.69106008529008],[-121.53388504028683,71.69044824432765],[-121.53282487285641,71.68990792367434],[-121.53132657137711,71.68948212511224],[-121.52950939513022,71.68920473358472],[-121.52751795725094,71.68909782264501],[-121.52551072416078,71.68916989952659],[-121.5236474178729,71.68941522886493],[-121.52207631888449,71.68981428862251],[-121.52092247511854,71.69033532211597],[-121.52027775171842,71.69093686320443],[-121.5201935126032,71.69157103445895],[-121.52067651819385,71.69218735656969],[-121.5216883701251,71.69273676627297],[-121.52314855249736,71.69317552304211],[-121.52494083235008,71.69346869317827],[-121.5269225125638,71.69359293323595],[-121.52731945620226,71.69359639117495]]]}"
74_74,2.893248240476252,74,2.5249545391367354,-0.36829370133951667,"{""type"":""Polygon"",""coordinates"":[[[-120.79899194836524,71.72295202609703],[-120.80099561123946,71.7228624769479],[-120.80283972937566,71.72260096003856],[-120.80437747439606,71.7221882986352],[-120.8054864332375,71.7216573491646],[-120.80607835489889,71.72105038316474],[-120.80610616831105,71.72041571998622],[-120.80556771486684,71.7198038790567],[-120.80450590297622,71.71926355846072],[-120.80300527773322,71.71883775996244],[-120.80118528337286,71.71856036848533],[-120.79919075724037,71.71845345756692],[-120.79718041141199,71.71852553443404],[-120.79531421549878,71.71877086372663],[-120.79374067988554,71.7191699234215],[-120.79258504641278,71.71969095685482],[-120.79193932274723,71.72029249790448],[-120.79185495257292,71.72092666915364],[-120.79233870692322,71.72154299129417],[-120.7933521279916,71.72209240105308],[-120.79481457506532,71.72253115788631],[-120.79660963490561,71.72282432807503],[-120.79859438900235,71.72294856815734],[-120.79899194836524,71.72295202609703]]]}"
76_76,3.1604748657120236,76,2.7660451833829525,-0.39442968232907116,"{""type"":""Polygon"",""coordinates"":[[[-120.80405628756772,71.76581658154365],[-120.80606449992679,71.76572703236823],[-120.8079128051539,71.7654655153883],[-120.80945404140354,71.76505285389202],[-120.81056551766966,71.76452190433521],[-120.8111587826702,71.76391493828275],[-120.81118665862634,71.76328027510165],[-120.81064698221765,71.76266843422037],[-120.80958275942976,71.76212811370837],[-120.80807872738345,71.76170231530364],[-120.80625460146858,71.76142492390046],[-120.80425554773821,71.76131801301327],[-120.8022406384151,71.76139008985918],[-120.80037020610621,71.76163541908474],[-120.79879309822729,71.76203447868767],[-120.7976348409156,71.76255551203283],[-120.79698765078768,71.76315705302561],[-120.79690308846928,71.76379122426694],[-120.79738794055281,71.76440754645112],[-120.79840366208735,71.76495695629154],[-120.79986942937538,71.76539571321872],[-120.80166856487735,71.76568888348449],[-120.80365782550828,71.76581312360291],[-120.80405628756772,71.76581658154365]]]}"
77_77,-1.017976322219529,77,-1.0287532443130172,-0.010776922093488128,"{""type"":""Polygon"",""coordinates"":[[[-121.90128945760455,71.75173396602946],[-121.90329617288606,71.75164441686269],[-121.90514310028692,71.75138289990599],[-121.9066831876944,71.75097023844029],[-121.90779383556368,71.75043928891183],[-121.9083866585182,71.74983232287668],[-121.9084145138936,71.74919765969643],[-121.90787523992024,71.74858581879928],[-121.90681181047496,71.74804549825966],[-121.90530889948916,71.74761969982414],[-121.90348613312503,71.74734230839664],[-121.9014885692695,71.74723539749917],[-121.89947516163356,71.74730747435206],[-121.89760612337498,71.74755280359967],[-121.89603019100444,71.74795186323286],[-121.89487279710703,71.74847289660703],[-121.89422608954114,71.74907443761853],[-121.89414159045096,71.74970860886243],[-121.8946260813089,71.75032493103224],[-121.89564104584012,71.75087434084585],[-121.89710572056106,71.75131309774211],[-121.89890351490429,71.75160626798254],[-121.90089129259124,71.75173050808907],[-121.90128945760455,71.75173396602946]]]}"
78_78,2.6221235366948092,78,2.893111078247307,0.2709875415524978,"{""type"":""Polygon"",""coordinates"":[[[-120.83865119624292,71.71885148329422],[-120.84065442503952,71.71876193414758],[-120.84249814367489,71.71850041724498],[-120.84403555558839,71.71808775585049],[-120.84514427423598,71.71755680638812],[-120.84573606772587,71.71694984039327],[-120.8457638751704,71.71631517721501],[-120.84522553841222,71.71570333628088],[-120.84416395655127,71.71516301567688],[-120.84266365635999,71.71473721716967],[-120.84084405620166,71.71445982568551],[-120.83884996205883,71.71435291476412],[-120.83684005164503,71.71442499163327],[-120.8349742599371,71.71467032093226],[-120.83340106516275,71.71506938063591],[-120.83224568203696,71.71559041407764],[-120.83160009829017,71.71619195513271],[-120.83151574644867,71.71682612638263],[-120.83199939606138,71.717442448519],[-120.83301259763643,71.71799185827012],[-120.83447472792017,71.71843061509438],[-120.83626939889142,71.71872378527576],[-120.83825372300852,71.7188480253546],[-120.83865119624292,71.71885148329422]]]}"
79_79,0.4433183281897897,79,0.5037166678731798,0.06039833968339009,"{""type"":""Polygon"",""coordinates"":[[[-121.99387255237929,71.63448798617178],[-121.99586689439015,71.63439843707647],[-121.99770243412421,71.63413692031186],[-121.99923302640251,71.63372425909891],[-122.00033682760389,71.63319330980498],[-122.00092599705879,71.63258634391293],[-122.00095368232442,71.63195168073972],[-122.00041773445248,71.63133983971134],[-121.99936086194427,71.63079951894319],[-121.99786721647587,71.63037372025317],[-121.99605568674623,71.63009632862457],[-121.99407043665093,71.62998941764218],[-121.99206944040436,71.63006149455278],[-121.99021192391865,71.63030682398276],[-121.98864570707593,71.63070588386606],[-121.98749544925606,71.63122691748006],[-121.98685273003558,71.63182845864628],[-121.98676875351335,71.63246262991149],[-121.98725025884805,71.63307895196255],[-121.98825896677477,71.63362836155439],[-121.98971461147663,71.63406711819508],[-121.99150132120752,71.63436028822588],[-121.99347684243682,71.63448452823418],[-121.99387255237929,71.63448798617178]]]}"
80_80,3.3935077788527903,80,3.4179387132599364,0.024430934407146054,"{""type"":""Polygon"",""coordinates"":[[[-120.74973136377113,71.76527768486288],[-120.75173951879849,71.7651881356878],[-120.75358777126073,71.76492661870876],[-120.75512896351464,71.76451395721365],[-120.75624040805663,71.76398300765793],[-120.75683365612873,71.76337604160612],[-120.75686153129669,71.76274137842506],[-120.75632187029959,71.76212953754316],[-120.75525767789337,71.76158921703012],[-120.75375368877889,71.76116341862422],[-120.751929614929,71.76088602722008],[-120.74993061825454,71.76077911633251],[-120.74791576643966,71.76085119317868],[-120.74604538751693,71.76109652240508],[-120.744468324655,71.76149558200919],[-120.74331010040841,71.76201661535545],[-120.74266292876055,71.76261815634895],[-120.74257836886352,71.7632523275904],[-120.74306320711365,71.76386864977401],[-120.74407889965818,71.76441805961342],[-120.74554462510554,71.7648568165394],[-120.74734370924682,71.7651499868042],[-120.74933291308733,71.76527422692217],[-120.74973136377113,71.76527768486288]]]}"
81_81,3.1647315840563266,81,3.303049537988359,0.13831795393203228,"{""type"":""Polygon"",""coordinates"":[[[-120.87705439909114,71.72174755884606],[-120.87905793444159,71.72165800969766],[-120.88090193521202,71.7213964927903],[-120.88243958237194,71.72098383138955],[-120.88354847064899,71.72045288192135],[-120.88414035465601,71.71984591592297],[-120.88416816631502,71.71921125274453],[-120.88362974715096,71.71859941181367],[-120.88256800283867,71.71805909121532],[-120.88106747308973,71.71763329271442],[-120.87924759453843,71.71735590123524],[-120.8772531953163,71.71724899031595],[-120.87524297740443,71.71732106718366],[-120.87337690023904,71.71756639647813],[-120.8718034647578,71.71796545617559],[-120.87064790483224,71.71848648961138],[-120.87000222227215,71.71908803066263],[-120.86991785748367,71.719722201912],[-120.87040158106406,71.72033852405133],[-120.87141493764946,71.72088793380794],[-120.87287729165632,71.72132669063853],[-120.87467223725426,71.7216198608251],[-120.87665686503115,71.72174410090639],[-120.87705439909114,71.72174755884606]]]}"
82_82,3.517077473604622,82,4.397579387359847,0.8805019137552246,"{""type"":""Polygon"",""coordinates"":[[[-120.89313364323132,71.61209056688733],[-120.89512563986882,71.61200101780558],[-120.89695902105181,71.6117395010774],[-120.89848781351188,71.61132683991238],[-120.89959031691433,71.61079589066293],[-120.90017879384008,71.61018892479802],[-120.90020644685899,71.60955426162614],[-120.89967112945362,71.60894242057287],[-120.8986154998235,71.60840209976139],[-120.89712361065058,71.60797630102313],[-120.89531421084634,71.60769890935639],[-120.89333129484815,71.60759199835789],[-120.8913326512046,71.60766407527943],[-120.88947731869291,71.60790940474398],[-120.88791294344621,71.6083084646747],[-120.88676403828175,71.60882949833419],[-120.88612207505753,71.60943103952974],[-120.88603819758681,71.610065210799],[-120.88651913700839,71.61068153282754],[-120.88752665898355,71.61123094237732],[-120.88898059202931,71.61166969896955],[-120.89076520065352,71.6119628689606],[-120.89273839865149,71.61208710895029],[-120.89313364323132,71.61209056688733]]]}"
83_83,3.979446048392305,83,3.6849105860696234,-0.2945354623226817,"{""type"":""Polygon"",""coordinates"":[[[-121.268012811401,71.73699590874712],[-121.27001796244508,71.73690635958938],[-121.2718634502095,71.73664484265696],[-121.27340233723682,71.7362321812232],[-121.27451211954659,71.73570123172439],[-121.27510448062438,71.73509426570733],[-121.27513231449544,71.73445960252798],[-121.27459346101075,71.73384776161424],[-121.2735308604979,71.73330744104572],[-121.27202912086433,71.73288164257805],[-121.27020777504173,71.73260425112511],[-121.26821176789822,71.73249734021692],[-121.26619992931666,71.7325694170771],[-121.26433234764686,71.73281474634777],[-121.26275764351905,71.73321380601257],[-121.26160115176923,71.73373483941705],[-121.26095494841323,71.7343363804481],[-121.26087051538742,71.73497055169469],[-121.26135462881464,71.7355868738495],[-121.2623688023827,71.73613628363508],[-121.26383233552305,71.73657504049905],[-121.26562872854227,71.73686821071297],[-121.26761495675942,71.7369924508071],[-121.268012811401,71.73699590874712]]]}"
84_84,0.29025531506567964,84,0.050176874188194866,-0.24007844087748478,"{""type"":""Polygon"",""coordinates"":[[[-121.96685150061033,71.7296715256954],[-121.96885587523033,71.72958197654215],[-121.97070064841746,71.72932045962177],[-121.97223893962457,71.72890779820388],[-121.97334829230554,71.72837684871978],[-121.97394042412628,71.7277698827117],[-121.97396824732336,71.72713521953277],[-121.97342960255213,71.72652337861079],[-121.9723674134878,71.72598305802796],[-121.97086625526616,71.72555725954432],[-121.96904561454302,71.72527986807876],[-121.96705038008858,71.72517295716524],[-121.9650393203223,71.72524503402904],[-121.9631724616444,71.72549036331115],[-121.96159836716664,71.72588942299164],[-121.96044232320642,71.72641045641117],[-121.95979637011973,71.72701199745192],[-121.95971196988555,71.72764616869986],[-121.9601958959713,71.72826249084721],[-121.96120967693709,71.72881190061888],[-121.96267264344303,71.7292506574668],[-121.96446834090167,71.7295438276676],[-121.96645380002475,71.72966806775555],[-121.96685150061033,71.7296715256954]]]}"
85_85,-0.3360217044073247,85,-0.28709280066888093,0.048928903738443774,"{""type"":""Polygon"",""coordinates"":[[[-121.4500190074811,71.65886925407519],[-121.45201590924019,71.6587797049651],[-121.45385380482381,71.65851818816074],[-121.45538636142925,71.6581055268955],[-121.45649157905191,71.65757457755304],[-121.45708150433451,71.65696761163137],[-121.45710922479358,71.65633294845671],[-121.45657258882785,71.65572110745549],[-121.45551435983845,71.65518078673462],[-121.45401879754397,71.65475498809728],[-121.45220494320793,71.65447759651029],[-121.45021714567278,71.65437068554546],[-121.44821358178908,71.65444276244412],[-121.44635368170819,71.65468809183636],[-121.44478545494226,71.65508715166791],[-121.44363372082994,71.65560818523228],[-121.44299017651231,71.65620972636647],[-121.44290609188413,71.6568438976273],[-121.44338821485742,71.65746021970293],[-121.44439821713483,71.65800962934064],[-121.44585572994323,71.65844838603422],[-121.44764473282873,71.65874155610838],[-121.44962278964034,71.65886579613705],[-121.4500190074811,71.65886925407519]]]}"
86_86,3.793151632549257,86,3.8761984480030183,0.08304681545376136,"{""type"":""Polygon"",""coordinates"":[[[-121.21919265106845,71.79715383572224],[-121.221204203256,71.79706428652756],[-121.22305558227367,71.7968027694958],[-121.22459938147337,71.79639010793133],[-121.22571270580794,71.79585915831125],[-121.22630695696722,71.79525219222019],[-121.22633487883591,71.79461752903718],[-121.22579430463414,71.79400568819129],[-121.22472831197935,71.79346536774098],[-121.22322177896139,71.7930395694049],[-121.22139462002792,71.79276217805595],[-121.21939224253968,71.79265526719168],[-121.21737398310657,71.79272734402203],[-121.2155004408141,71.79297267319839],[-121.21392071049597,71.79337173273385],[-121.2127605269947,71.7938927660143],[-121.21211226031934,71.79449430696535],[-121.21202755694418,71.79512847820092],[-121.21251321488431,71.79574480041715],[-121.21353062521553,71.7962942103174],[-121.21499882990948,71.79673296731352],[-121.21680095740045,71.79702613763585],[-121.21879352632926,71.79715037778077],[-121.21919265106845,71.79715383572224]]]}"
87_87,0.32450907751737335,87,0.2628456125953878,-0.061663464921985545,"{""type"":""Polygon"",""coordinates"":[[[-121.99949229790715,71.4597021821132],[-122.00146849026504,71.45961263312283],[-122.0032873260651,71.45935111664022],[-122.00480399045392,71.45893845579835],[-122.00589774863215,71.45840750684873],[-122.00648155893604,71.45780054116678],[-122.00650899464243,71.45716587800388],[-122.00597792562039,71.45655403678286],[-122.0049306711155,71.45601371567922],[-122.00345061674027,71.45558791661557],[-122.00165556944748,71.45531052469174],[-121.99968838177809,71.45520361358466],[-121.99770559116546,71.45527569057998],[-121.99586497537358,71.4555210202777],[-121.99431300972392,71.45592008052819],[-121.99317321942091,71.45644111449428],[-121.99253635046273,71.45704265588763],[-121.99245314043299,71.45767682718413],[-121.99293026643349,71.45829314906085],[-121.99392979686597,71.45884255832709],[-121.99537219591942,71.45928131459257],[-121.99714264624765,71.45957448431564],[-121.99910018916947,71.45969872417977],[-121.99949229790715,71.4597021821132]]]}"
88_88,3.389057622988593,88,3.1648499461066533,-0.22420767688193965,"{""type"":""Polygon"",""coordinates"":[[[-120.72868682153623,71.65846967445978],[-120.73068368128824,71.65838012534994],[-120.7325215382109,71.65811860854623],[-120.73405406258051,71.65770594728184],[-120.73515925695884,71.65717499794017],[-120.73574916983783,71.65656803201901],[-120.73577688971935,71.65593336884437],[-120.73524026504568,71.65532152784269],[-120.73418205831696,71.65478120712106],[-120.73268652747879,71.65435540848284],[-120.73087271129101,71.65407801689517],[-120.72888495556093,71.65397110593005],[-120.72688143381374,71.65404318282891],[-120.72502157284912,71.65428851222177],[-120.72345337906727,71.65468757205416],[-120.72230166918187,71.65520860561935],[-120.72165813840458,71.65581014675408],[-120.72157405555049,71.65644431801495],[-120.72205616838794,71.6570606400902],[-120.72306614942427,71.65761004972717],[-120.72452363157586,71.65804880641986],[-120.72631259682925,71.65834197649333],[-120.7282906120304,71.65846621652165],[-120.72868682153623,71.65846967445978]]]}"
89_89,-3.139813547456427,89,-3.018195077537918,0.12161846991850922,"{""type"":""Polygon"",""coordinates"":[[[-121.70863183409789,71.75879860343298],[-121.71063930010403,71.75870905426187],[-121.71248691842972,71.75844753729352],[-121.7140275819357,71.75803487581248],[-121.71513864521292,71.7575039262698],[-121.71573168983595,71.75689696022599],[-121.71575955553178,71.75626229704531],[-121.7152200797532,71.7556504561561],[-121.71415625247829,71.75511013563035],[-121.71265277932538,71.75468433721026],[-121.71082933120078,71.75440694579495],[-121.70883102023244,71.75430003490264],[-121.70681685956032,71.75437211175202],[-121.70494712224111,71.7546174409886],[-121.70337060040004,71.75501650060662],[-121.70221277353482,71.75553753396623],[-121.70156582398337,71.75613907496833],[-121.70148129318677,71.75677324621095],[-121.70196596518498,71.75738956838796],[-121.70298130932316,71.75793897821502],[-121.70444653192287,71.75837773512679],[-121.70624499880368,71.75867090537993],[-121.70823352012783,71.75879514549243],[-121.70863183409789,71.75879860343298]]]}"
90_90,-0.6232651245567649,90,-0.6563533423754813,-0.0330882178187164,"{""type"":""Polygon"",""coordinates"":[[[-122.06566930541817,71.47790943299029],[-122.06764737212107,71.47781988398907],[-122.06946793296477,71.47755836747733],[-122.07098603571113,71.47714570659711],[-122.07208083105097,71.47661475761191],[-122.07266519480545,71.47600779190824],[-122.07269265628616,71.4753731287443],[-122.07216108341825,71.47476128754317],[-122.07111283564598,71.47422096647419],[-122.06963137769421,71.47379516744914],[-122.06783462822978,71.47351777555582],[-122.06586557521983,71.47341086446163],[-122.06388090447724,71.4734829414482],[-122.0620385433194,71.47372827111825],[-122.06048510592336,71.4741273313308],[-122.05934423462197,71.4746483652605],[-122.05870676149834,71.4752499066304],[-122.05862347231346,71.47588407792367],[-122.05910105057725,71.4765003998184],[-122.06010152878679,71.4770498091183],[-122.06154529574174,71.47748856542252],[-122.06331742520626,71.47778173517739],[-122.06527682477802,71.47790597505642],[-122.06566930541817,71.47790943299029]]]}"
91_91,-0.6162286029225197,91,-0.6501199235740092,-0.033891320651489476,"{""type"":""Polygon"",""coordinates"":[[[-121.48147602619679,71.62869793398961],[-121.48346976133683,71.62860838489782],[-121.48530474254078,71.62834686814264],[-121.48683486911199,71.62793420694209],[-121.48793833450493,71.62740325765967],[-121.48852732476637,71.62679629177465],[-121.48855500168816,71.62616162860178],[-121.48801921695093,71.62554978756695],[-121.48696266604034,71.6250094667876],[-121.48546947501741,71.6245836680851],[-121.48365849641084,71.62430627644663],[-121.48167385026848,71.62419936546007],[-121.47967346276329,71.6242714423735],[-121.47781651138585,71.62451677181242],[-121.47625077106031,71.624915831708],[-121.47510086324317,71.62543686533377],[-121.4744583396385,71.62603840650756],[-121.47437438874614,71.62667257777383],[-121.4748557476496,71.62728889981906],[-121.47586414870865,71.62783830940002],[-121.47731935051553,71.62827706602815],[-121.47910551658019,71.62857023604867],[-121.481080436668,71.62869447605217],[-121.48147602619679,71.62869793398961]]]}"
92_92,3.143758636831356,92,1.3156206741788354,-1.8281379626525207,"{""type"":""Polygon"",""coordinates"":[[[-122.1309114836091,71.58162830595131],[-122.1329002996798,71.58153875688795],[-122.13473075364598,71.58127724020916],[-122.13625710536726,71.58086457910916],[-122.13735784882029,71.58033362992002],[-122.13794538660431,71.57972666409192],[-122.13797299589218,71.57909200092185],[-122.13743853346352,71.57848015983483],[-122.13638458930365,71.57793983896457],[-122.13489508184843,71.57751404016085],[-122.13308857044295,71.5772366484424],[-122.13110881972196,71.57712973742203],[-122.12911336645142,71.57720181435843],[-122.12726099563422,71.57744714386989],[-122.12569911778154,71.57784620386495],[-122.12455204695681,71.57836723758612],[-122.12391110894052,71.57896877882145],[-122.12382736579282,71.57960295009619],[-122.1243075377769,71.58021927209418],[-122.12531345147906,71.58076868158692],[-122.12676506334296,71.58120743811342],[-122.12854682265066,71.58150060805056],[-122.13051687010869,71.581624848015],[-122.1309114836091,71.58162830595131]]]}"
93_93,-0.23083201004754134,93,0.20374639591972146,0.4345784059672628,"{""type"":""Polygon"",""coordinates"":[[[-121.91723116984703,71.5165698059425],[-121.91921322891976,71.51648025691819],[-121.92103746411978,71.5162187403444],[-121.92255863057828,71.51580607938253],[-121.92365563507914,71.51527513032157],[-121.92424117768617,71.51466816457169],[-121.92426869406492,71.51403350140546],[-121.92373604800046,71.51342166024672],[-121.92268568456082,71.51288133925158],[-121.92120123698119,71.51245554030872],[-121.91940086187978,71.51217814848037],[-121.91742783568243,71.51207123741361],[-121.91543916025095,71.51214331438153],[-121.9135930814521,71.51238864399268],[-121.912036509226,71.51278770412443],[-121.91089333538979,71.51330873797667],[-121.91025457538824,71.51391027929658],[-121.91017111760087,71.51454445058297],[-121.91064965918741,71.51516077251605],[-121.91165215616817,71.51571018188758],[-121.91309883676327,71.51614893827438],[-121.91487454280093,71.51644210809695],[-121.91683789705176,71.51656634800771],[-121.91723116984703,71.5165698059425]]]}"
94_94,-0.5060594858614075,94,-0.7353077220345355,-0.22924823617312806,"{""type"":""Polygon"",""coordinates"":[[[-122.10485379196119,71.42768988474002],[-122.106826697895,71.42760033576863],[-122.1086425090516,71.42733881933714],[-122.11015665146395,71.42692615856248],[-122.11124859111116,71.42639520967525],[-122.11183143100908,71.42578824403137],[-122.11185882152242,71.42515358087033],[-122.11132863592896,71.42454173961441],[-122.1102831229914,71.42400141844999],[-122.10880552960873,71.42357561931863],[-122.1070134668576,71.42329822734132],[-122.1050495498261,71.42319131621164],[-122.10307005578272,71.42326339322233],[-122.10123250026832,71.42350872296853],[-122.09968311513857,71.42390778328556],[-122.09854522022805,71.42442881731544],[-122.09790941059612,71.42503035874995],[-122.0978263393538,71.42566453005212],[-122.09830267236737,71.42628085189726],[-122.09930054099306,71.4268302611045],[-122.10074054160557,71.427269017302],[-122.10250804778303,71.42756218696931],[-122.10446233530676,71.4276864268073],[-122.10485379196119,71.42768988474002]]]}"
95_95,1.5027698390616615,95,1.3490925507544596,-0.15367728830720195,"{""type"":""Polygon"",""coordinates"":[[[-121.31831018636689,71.60576578868883],[-121.32030152175099,71.6056762396109],[-121.32213429435319,71.60541472289299],[-121.32366257937332,71.60500206174149],[-121.32476471687488,71.60447111250456],[-121.32535299854916,71.60386414664731],[-121.3253806424763,71.6032294834758],[-121.3248455028243,71.60261764241552],[-121.32379022361066,71.60207732159184],[-121.3222988296069,71.60165152283993],[-121.32049003031288,71.60137413116244],[-121.31850777238911,71.60126722015941],[-121.31650979203751,71.60133929708404],[-121.31465507527456,71.60158462655836],[-121.3130912192466,71.60198368650245],[-121.31194269544918,71.60250472017475],[-121.31130094537009,71.60310626137858],[-121.31121709582582,71.60374043264898],[-121.31169787569398,71.60435675467117],[-121.31270506330242,71.6049061642091],[-121.31415851376468,71.60534492078764],[-121.31594253000384,71.60563809076748],[-121.31791507299114,71.60576233075193],[-121.31831018636689,71.60576578868883]]]}"
96_96,-1.504585962540716,96,-1.5839178538514211,-0.07933189131070506,"{""type"":""Polygon"",""coordinates"":[[[-121.88859933111247,71.63056867100606],[-121.89059326228684,71.63047912191314],[-121.89242842390986,71.63021760515491],[-121.89395870091602,71.62980494395036],[-121.8950622747834,71.62927399466423],[-121.89565132292877,71.62866702877695],[-121.89567900254586,71.62803236560394],[-121.89514316511206,71.6274205245712],[-121.89408651031748,71.62688020379547],[-121.89259317249736,71.62645440509701],[-121.89078201586439,71.62617701346171],[-121.88879717463021,71.6260701024765],[-121.88679659048647,71.62614217938902],[-121.88493945656505,71.62638750882506],[-121.88337356231263,71.62678656871667],[-121.88222354143593,71.62730760233863],[-121.88158095464253,71.62790914350998],[-121.88149699547108,71.62854331477592],[-121.88197840167544,71.62915963682303],[-121.88298690186038,71.62970904640748],[-121.88444224673334,71.63014780303969],[-121.88622858841566,71.63044097306354],[-121.88820370268706,71.63056521306858],[-121.88859933111247,71.63056867100606]]]}"
97_97,-0.08281712719602838,97,-0.054995974570051495,0.027821152625976883,"{""type"":""Polygon"",""coordinates"":[[[-121.93577341034631,71.58675190061545],[-121.9377627606219,71.58666235154901],[-121.93959370624056,71.58640083486193],[-121.941120467906,71.585988173751],[-121.94222150695849,71.58545722455175],[-121.94280920247989,71.58485025871745],[-121.94283681911291,71.58421559554706],[-121.94230221308324,71.58360375446574],[-121.94124798583344,71.58306343360535],[-121.93975807834714,71.5826376348126],[-121.93795108180896,71.58236024310284],[-121.93597079945093,71.58225333208615],[-121.9339748103283,71.58232540902006],[-121.93212194206764,71.58257073852364],[-121.93055964475506,71.58296979850789],[-121.9294122658364,71.58349083221869],[-121.92877115562723,71.58409237344736],[-121.92868738991885,71.58472654472116],[-121.9291676908011,71.5853428667243],[-121.93017387462729,71.58589227622662],[-121.93162587635469,71.58633103276415],[-121.9334081142308,71.58662420271034],[-121.93537869085041,71.58674844267902],[-121.93577341034631,71.58675190061545]]]}"
98_98,-5.003036692982219,98,-4.487618477688966,0.5154182152932529,"{""type"":""Polygon"",""coordinates"":[[[-121.68557561319267,71.56701614978026],[-121.68756290740797,71.56692660072568],[-121.68939196074298,71.56666508407055],[-121.69091714460568,71.56625242300166],[-121.69201704594785,71.56572147384138],[-121.69260413436557,71.5651145080309],[-121.69263172272834,71.56447984486168],[-121.69209766939342,71.56386800375851],[-121.69104453170684,71.56332768286015],[-121.68955616386954,71.56290188402507],[-121.687751034522,71.56262449228187],[-121.68577279834135,71.56251758125107],[-121.6837788716192,71.56258965819457],[-121.68192791793082,71.56283498772846],[-121.68036723504571,71.56323404775432],[-121.67922104192618,71.563755081505],[-121.67858059445686,71.56435662275939],[-121.67849691558037,71.56499079403675],[-121.67897672035618,71.56560711602013],[-121.67998186452243,71.56615652548557],[-121.681432365734,71.56659528198061],[-121.68321276168462,71.56688845189194],[-121.68518130165467,71.56701269184428],[-121.68557561319267,71.56701614978026]]]}"
99_99,-0.7289842325122899,99,-0.5321614804992608,0.19682275201302912,"{""type"":""Polygon"",""coordinates"":[[[-121.91688210213768,71.42344905685344],[-121.91885457356848,71.42335950788458],[-121.9206699848325,71.42309799145983],[-121.92218379381053,71.42268533069407],[-121.92327549302694,71.42215438181509],[-121.92385820462599,71.42154741617621],[-121.92388558916419,71.42091275301544],[-121.92335552037005,71.42030091175491],[-121.92231023768771,71.41976059058244],[-121.92083296967655,71.41933479144214],[-121.91904130151627,71.41905739945777],[-121.91707781690086,71.4189504883251],[-121.91509875870193,71.4190225653378],[-121.91326160779153,71.41926789509044],[-121.91171256383625,71.41966695541625],[-121.91057491951838,71.42018798945458],[-121.90993924994146,71.42078953089451],[-121.90985619704838,71.42142370219743],[-121.91033242521982,71.4220400240384],[-121.91133007413549,71.42258943323785],[-121.91276975764653,71.42302818942636],[-121.91453687457343,71.42332135908629],[-121.91649073169613,71.42344559892085],[-121.91688210213768,71.42344905685344]]]}"
100_100,3.24649706671132,100,3.031082332874135,-0.21541473383718523,"{""type"":""Polygon"",""coordinates"":[[[-121.09113568590685,71.67825080077799],[-121.09313462745304,71.67816125165612],[-121.09497440034285,71.67789973482009],[-121.09650852226174,71.67748707351318],[-121.09761486858781,71.67695612413205],[-121.09820539616634,71.6763491581868],[-121.0982331446694,71.67571449501096],[-121.09769596038188,71.67510265403136],[-121.09663665045304,71.67456233334819],[-121.09513956069746,71.6741365347528],[-121.09332385395274,71.67385914319897],[-121.09133402643975,71.67375223224815],[-121.08932841648362,71.6738243091373],[-121.08746661698767,71.67406963849947],[-121.08589678857437,71.67446869828977],[-121.08474387804871,71.6749897318146],[-121.08409967623544,71.67559127292328],[-121.08401550546029,71.67622544418059],[-121.08449812061073,71.67684176627581],[-121.08550915431708,71.67739117595009],[-121.08696815576354,71.6778299326858],[-121.08875898599544,71.67812310279454],[-121.09073906333705,71.67824734283937],[-121.09113568590685,71.67825080077799]]]}"
101_101,-3.0485240706863417,101,-2.998131487321237,0.05039258336510466,"{""type"":""Polygon"",""coordinates"":[[[-121.77761708582048,71.77053423209026],[-121.77962580022458,71.77044468291194],[-121.78147456750574,71.77018316592422],[-121.78301618901965,71.76977050441769],[-121.7841279430886,71.76923955485137],[-121.78472135632921,71.76863258879311],[-121.78474923918705,71.76799792561172],[-121.78420942782161,71.76738608473576],[-121.78314493898627,71.76684576423305],[-121.78164053099233,71.76641996583864],[-121.77981594915214,71.76614257444359],[-121.77781639579231,71.76603566355986],[-121.77580098287851,71.76610774040341],[-121.77393008307487,71.76635306962159],[-121.77235258098922,71.76675212921438],[-121.77119403413153,71.76727316254981],[-121.77054668217642,71.76787470353632],[-121.77046209865435,71.76850887477678],[-121.77094707187484,71.76912519696579],[-121.77196304727038,71.7696746068152],[-121.77342918095077,71.77011336375274],[-121.77522876621035,71.77040653402702],[-121.77721852414666,71.7705307741494],[-121.77761708582048,71.77053423209026]]]}"
102_102,2.690424622536517,102,2.9865482768645246,0.29612365432800747,"{""type"":""Polygon"",""coordinates"":[[[-120.74221257842693,71.78438012919635],[-120.74422276781911,71.78429058000953],[-120.7460728925965,71.78402906299891],[-120.74761564600112,71.78361640146227],[-120.74872821624349,71.783085451868],[-120.74932206500726,71.7824784857927],[-120.7493499681418,71.78184382261048],[-120.74880976027879,71.78123198175014],[-120.74774448980672,71.78069166127464],[-120.7462389772939,71.78026586291057],[-120.74441305596376,71.77998847153948],[-120.74241203471313,71.77988156066587],[-120.74039514227036,71.77995363750254],[-120.7385228689863,71.78019896669899],[-120.73694420873733,71.780598026262],[-120.73578481120519,71.78111905956885],[-120.73513698380816,71.78172060053691],[-120.73505233799042,71.78235477177485],[-120.73553766710619,71.78297109397799],[-120.73655438833502,71.78352050385384],[-120.73802159846137,71.78395926082183],[-120.73982250509069,71.78425243112108],[-120.74181372408995,71.78437667125517],[-120.74221257842693,71.78438012919635]]]}"
103_103,-5.607761020113163,103,-4.955302193701079,0.6524588264120839,"{""type"":""Polygon"",""coordinates"":[[[-121.80158933672823,71.52301493044523],[-121.80357206303013,71.52292538141707],[-121.80539691231095,71.52266386483292],[-121.80691859079565,71.52225120385741],[-121.80801596450478,71.52172025478379],[-121.80860170412865,71.52111328902618],[-121.80862922968211,71.52047862585957],[-121.80809640425838,71.51986678470793],[-121.80704568723547,71.5193264637251],[-121.80556074001116,71.518900664796],[-121.80375975897147,71.51862327297849],[-121.80178606875117,71.51851636191631],[-121.79979672403202,71.51858843888114],[-121.79795002391863,71.51883376848242],[-121.79639292778077,71.51923282860066],[-121.79524936913093,71.51975386243998],[-121.79461039405838,71.52035540375152],[-121.79452690809296,71.52098957503678],[-121.79500561067569,71.52160589697628],[-121.7960084450456,71.52215530635976],[-121.79745561258589,71.52259406276036],[-121.79923191636222,71.52288723259426],[-121.80119593154316,71.5230114725103],[-121.80158933672823,71.52301493044523]]]}"
104_104,-3.273390997062756,104,-3.0272582388417173,0.24613275822103864,"{""type"":""Polygon"",""coordinates"":[[[-121.84608916849174,71.57869707227067],[-121.84807767907739,71.57860752320907],[-121.84990785189204,71.57834600653504],[-121.85143396918676,71.57793334544128],[-121.85253454360122,71.57740239625794],[-121.85312199118304,71.57679543043336],[-121.85314959627061,71.57616076726347],[-121.85261521596016,71.57554892617321],[-121.85156143368532,71.57500860529733],[-121.85007215498783,71.5745828064873],[-121.84826592100559,71.57430541476387],[-121.84628647430128,71.57419850374143],[-121.8442913274578,71.57427058067924],[-121.84243924110366,71.57451591019522],[-121.84087760311922,71.57491497019645],[-121.83973070847803,71.57543600392354],[-121.8390898689302,71.5760375451627],[-121.83900613868383,71.57667171643797],[-121.83948623695748,71.57728803843304],[-121.84049199618916,71.57783744792029],[-121.84194338510963,71.57827620444046],[-121.8437248707479,71.57856937437244],[-121.84569461560486,71.57869361433444],[-121.84608916849174,71.57869707227067]]]}"
105_105,-4.613042737655674,105,-4.812518883797456,-0.199476146141782,"{""type"":""Polygon"",""coordinates"":[[[-121.55625196098326,71.68158721981652],[-121.55825125411036,71.68149767069261],[-121.56009135057562,71.68123615385112],[-121.56162574229435,71.68082349253703],[-121.56273228316547,71.68029254314924],[-121.56332291455662,71.6796855771999],[-121.56335066789332,71.67905091402388],[-121.56281338909616,71.67843907304803],[-121.56175389285488,71.67789875237133],[-121.56025653982375,71.67747295378317],[-121.55844051379506,71.67719556223506],[-121.55645033639198,71.67708865128665],[-121.5544443737717,71.67716072817416],[-121.55258224688964,71.67740605753114],[-121.55101214241394,71.67780511731435],[-121.54985902911986,71.67832615083236],[-121.54921471397955,71.67892769193665],[-121.54913052835595,71.67956186319334],[-121.54961322833873,71.68017818529192],[-121.55062443982374,71.68072759497251],[-121.55208369785419,71.68116635171549],[-121.55387484305037,71.68145952183018],[-121.55585526865374,71.68158376187782],[-121.55625196098326,71.68158721981652]]]}"
106_106,2.892277021556623,106,2.9436557188372645,0.05137869728064137,"{""type"":""Polygon"",""coordinates"":[[[-121.20444259646617,71.5829161906099],[-121.20643154678798,71.58282664154576],[-121.2082621243114,71.58256512486489],[-121.20978857905585,71.58215246376213],[-121.21088939679602,71.58162151457046],[-121.21147697422106,71.58101454874081],[-121.21150458535486,71.58037988557065],[-121.21097008683778,71.57976804448506],[-121.20991607153456,71.5792277236173],[-121.20842646354743,71.57880192481632],[-121.2066198302232,71.57852453310004],[-121.20463994589639,71.57841762208062],[-121.20264435796078,71.57848969901639],[-121.20079186213097,71.57873502852587],[-121.19922987886376,71.5791340885182],[-121.1980827306119,71.57965512223677],[-121.19744174932177,71.58025666347044],[-121.19735800050434,71.58089083474495],[-121.19783820488186,71.58150715674422],[-121.19884418646895,71.58205656623937],[-121.20029589630951,71.58249532276864],[-121.2020777758863,71.58278849270805],[-121.204047956328,71.58291273267356],[-121.20444259646617,71.5829161906099]]]}"
107_107,-0.15451732346611274,107,-0.10849586923332868,0.04602145423278406,"{""type"":""Polygon"",""coordinates"":[[[-121.95355487423798,71.57251780297374],[-121.95554274116158,71.57242825391585],[-121.9573723215855,71.57216673725183],[-121.95889794493958,71.57175407617122],[-121.95999816318697,71.57122312700008],[-121.96058542071135,71.57061616118297],[-121.96061301694874,71.56998149801343],[-121.96007880966269,71.56936965691634],[-121.95902536848213,71.56882933602854],[-121.957536571781,71.56840353720527],[-121.95573092233404,71.5681261454714],[-121.95375211619788,71.56801923444452],[-121.95175761500126,71.56809131138533],[-121.9499061280155,71.5683366409108],[-121.9483449954373,71.56873570092506],[-121.94719847201758,71.56925673466463],[-121.94655783994446,71.56985827591184],[-121.9464741368813,71.57049244718823],[-121.94695407984588,71.5711087691771],[-121.94795951360578,71.57165817865281],[-121.94941043278072,71.57209693515968],[-121.95119134179319,71.57239010508074],[-121.95316044906475,71.57251434503763],[-121.95355487423798,71.57251780297374]]]}"
108_108,-0.5339445374618862,108,-0.4742782272578843,0.05966631020400187,"{""type"":""Polygon"",""coordinates"":[[[-121.42614692921707,71.43194812429667],[-121.42812027164135,71.43185857532278],[-121.42993648451976,71.43159705888448],[-121.43145096189153,71.43118439810091],[-121.43254314306927,71.43065344920538],[-121.43312611185296,71.43004648355644],[-121.43315350836875,71.42941182039516],[-121.43262320544166,71.42879997914386],[-121.43157746119573,71.42825965798752],[-121.43009954095318,71.42783385886516],[-121.42830708180637,71.42755646689496],[-121.42634273038091,71.42744955576828],[-121.42436279849944,71.42752163277693],[-121.4225248365304,71.42776696251669],[-121.42097510866566,71.42816602282487],[-121.4198369620162,71.42868705684629],[-121.41920101168857,71.42928859827533],[-121.4191179220131,71.42992276957675],[-121.4195943603483,71.43053909142607],[-121.42059244968898,71.43108850064117],[-121.42203276885347,71.43152725684769],[-121.42380066606195,71.4318204265224],[-121.42575538595541,71.43194466636388],[-121.42614692921707,71.43194812429667]]]}"
109_109,3.747472691190031,109,3.7979266262970506,0.050453935107019454,"{""type"":""Polygon"",""coordinates"":[[[-121.15686626065767,71.77441960566988],[-121.15887538873594,71.77433005648918],[-121.16072453673962,71.77406853949505],[-121.16226647570284,71.77365587798008],[-121.1633784586753,71.7731249284059],[-121.16397199406246,71.77251796234286],[-121.16399988260714,71.77188329916125],[-121.16345996004026,71.77127145828966],[-121.16239525198762,71.77073113779458],[-121.16089053422101,71.77030533940868],[-121.15906557670831,71.77002794802036],[-121.15706561166475,71.76992103713944],[-121.15504978380318,71.76999311398109],[-121.15317849879406,71.77023844319316],[-121.15160067189072,71.77063750277759],[-121.15044188645345,71.77115853610502],[-121.14979440115619,71.77176007708636],[-121.14970980016277,71.77239424832611],[-121.15019487319742,71.77301057051908],[-121.1512110577689,71.77355998037591],[-121.15267749334863,71.77399873732199],[-121.15447744919871,71.77429190760327],[-121.15646761690374,71.77441614772894],[-121.15686626065767,71.77441960566988]]]}"
110_110,-0.1997060600160436,110,-0.3950345152194778,-0.1953284552034342,"{""type"":""Polygon"",""coordinates"":[[[-121.40296152237946,71.44536448167877],[-121.4049362413814,71.44527493269692],[-121.40675372118598,71.44501341623722],[-121.40826925493289,71.44460075542548],[-121.40936219783505,71.44406980650383],[-121.40994557309081,71.44346284083893],[-121.40997298853657,71.44282817767687],[-121.40944231556966,71.44221633644021],[-121.40839584183696,71.44167601530933],[-121.4069168907635,71.44125021621532],[-121.40512318148772,71.44097282426752],[-121.40315746009676,71.4408659131503],[-121.40117614738797,71.44093799015252],[-121.39933690356668,71.44118331987197],[-121.39778609480479,71.44158238015228],[-121.39664715423616,71.44210341414697],[-121.39601076019076,71.44270495555878],[-121.3959276123818,71.44333912685782],[-121.39640438287388,71.44395544872037],[-121.39740316829227,71.44450485796018],[-121.39884449208678,71.44494361419517],[-121.40061362250567,71.44523678389326],[-121.402569705981,71.44536102374566],[-121.40296152237946,71.44536448167877]]]}"
111_111,3.817417617936988,111,3.6606728833462596,-0.15674473459072846,"{""type"":""Polygon"",""coordinates"":[[[-121.20017093433155,71.64072897249683],[-121.20216593091352,71.64063942339776],[-121.20400207307834,71.64037790662297],[-121.20553316766855,71.63996524539667],[-121.206637331073,71.63943429609031],[-121.20722669380596,71.6388273301907],[-121.20725438807123,71.63819266701712],[-121.20671826424206,71.63758082599567],[-121.20566104485856,71.63704050523963],[-121.20416690922507,71.63661470656308],[-121.20235478505396,71.63633731494512],[-121.20036888353486,71.63623040396722],[-121.1983672306997,71.63630248087476],[-121.19650910468806,71.63654781029508],[-121.19494237387374,71.63694687016515],[-121.1937917385408,71.63746790376646],[-121.19314880832898,71.63806944492448],[-121.19306480416228,71.63870361618858],[-121.19354646743777,71.63931993824592],[-121.19455550635206,71.6398693478495],[-121.19601162876052,71.6403081045037],[-121.19779892489005,71.6406012745456],[-121.19977509451087,71.64072551455911],[-121.20017093433155,71.64072897249683]]]}"
112_112,3.995687630444319,112,3.9835440216177465,-0.012143608826572727,"{""type"":""Polygon"",""coordinates"":[[[-120.99144538335393,71.54447803565695],[-120.99343033503986,71.54438848661593],[-120.99525723244085,71.5441269699972],[-120.99678061866658,71.54371430897619],[-120.99787922378161,71.54318335986034],[-120.99846562050766,71.54257639407697],[-120.99849317666076,71.54194173090909],[-120.99795975302665,71.54132988978107],[-120.99690785671118,71.5407895688394],[-120.99542124304136,71.5403637699561],[-120.99361824103944,71.54008637817479],[-120.99164233612956,71.5399794671279],[-120.98965075916158,71.54005154408233],[-120.9878019868022,71.54029687365079],[-120.98624314328194,71.54069593372402],[-120.98509830117801,71.54121696752016],[-120.98445860878722,71.54181850880386],[-120.98437502884018,71.54245268008525],[-120.98485426838683,71.54306900204614],[-120.98585822803757,71.54361841146955],[-120.98730701966724,71.54405716791615],[-120.98908531705843,71.54435033778779],[-120.99105153661422,71.54447457772152],[-120.99144538335393,71.54447803565695]]]}"
113_113,3.102102947113223,113,3.1616435048627283,0.059540557749505396,"{""type"":""Polygon"",""coordinates"":[[[-120.7365952368229,71.70100823097276],[-120.73859657906509,71.70091868183702],[-120.74043856142141,71.70065716496372],[-120.74197452561144,71.70024450360775],[-120.74308220034695,71.69971355418112],[-120.74367343678767,71.6991065882081],[-120.743701218296,71.69847192503092],[-120.74316338866922,71.69786008407677],[-120.74210280654535,71.69731976343793],[-120.74060391906852,71.69689396489193],[-120.73878603216086,71.69661657337711],[-120.73679381549802,71.69650966244278],[-120.73478579744975,71.6965817393207],[-120.7329217624675,71.69682706864751],[-120.73135004902069,71.69722612838929],[-120.7301957539336,71.69774716186758],[-120.72955077829062,71.69834870294625],[-120.72946650612553,71.69898287419942],[-120.72994970053551,71.69959919631766],[-120.7309619481656,71.700148606035],[-120.73242270164128,71.70058736282029],[-120.73421568254021,71.70088053296969],[-120.73619813791348,71.70100477303359],[-120.7365952368229,71.70100823097276]]]}"
114_114,-0.8495666988340561,114,-0.28142601925985605,0.5681406795742001,"{""type"":""Polygon"",""coordinates"":[[[-121.41746941710575,71.58886722178464],[-121.41945898802086,71.58877767271692],[-121.42129013670389,71.58851615602642],[-121.42281706768617,71.58810349491098],[-121.42391822882838,71.58757254570753],[-121.42450598949917,71.58696557987068],[-121.42453360916588,71.58633091670018],[-121.4239989438255,71.58571907562118],[-121.42294459965274,71.58517875476488],[-121.42145452694395,71.58475295597667],[-121.41964733003418,71.5844755642705],[-121.41766682809724,71.58436865325532],[-121.41567061765477,71.58444073018819],[-121.41381754393794,71.58468605968854],[-121.41225507337826,71.58508511966832],[-121.41110756720937,71.58560615337485],[-121.41046638588035,71.58620769460074],[-121.41038261085389,71.58684186587418],[-121.41086296497416,71.58745818787943],[-121.4118692603681,71.58800759738571],[-121.41332142311856,71.5884463539278],[-121.41510385865499,71.58873952387773],[-121.41707465383116,71.58886376384817],[-121.41746941710575,71.58886722178464]]]}"
115_115,-1.0005618143116024,115,-1.0353640656857348,-0.0348022513741324,"{""type"":""Polygon"",""coordinates"":[[[-121.46218076435532,71.51737474331813],[-121.46416290673298,71.51728519429332],[-121.46598721860224,71.51702367771824],[-121.46750844898831,71.51661101675468],[-121.46860549958556,71.51608006769214],[-121.46919106679056,71.51547310194128],[-121.4692185843148,71.51483843877502],[-121.46868591585695,71.51422659761717],[-121.46763550827174,71.51368627662355],[-121.46615099831044,71.51326047768242],[-121.46435054755638,71.51298308585541],[-121.46237743845438,71.51287617478923],[-121.46038867946093,71.51294825175677],[-121.4585425230897,71.51319358136668],[-121.45698588545211,71.51359264149674],[-121.45584266357116,71.51411367534739],[-121.45520387671752,71.51471521666623],[-121.45512041541207,71.51534938795248],[-121.45559897709934,71.51596570988637],[-121.45660151620382,71.5165151192594],[-121.45804825759502,71.51695387564791],[-121.4598240382616,71.5172470454719],[-121.46178747503093,71.51737128538332],[-121.46218076435532,71.51737474331813]]]}"
116_116,-1.4323406193280266,116,-2.664208907620126,-1.2318682882920995,"{""type"":""Polygon"",""coordinates"":[[[-121.5055858466923,71.70688177886616],[-121.50758780952668,71.70679222972684],[-121.50943036304129,71.7065307128439],[-121.51096680346772,71.70611805147527],[-121.51207482160376,71.70558710203687],[-121.51266624128884,71.70498013605668],[-121.51269403132906,71.70434547287913],[-121.51215603487873,71.70373363193158],[-121.51109512388602,71.7031933113042],[-121.50959577168915,71.70276751277096],[-121.50777732119846,71.70249012126622],[-121.50578448692842,71.70238321033615],[-121.50377584637627,71.7024552872112],[-121.50191123350963,71.70270061652886],[-121.50033903277215,71.70309967625808],[-121.49918437976889,71.70362070972435],[-121.49853920408691,71.70422225079525],[-121.49845490571192,71.70485642204736],[-121.4989382498633,71.70547274417156],[-121.49995081129877,71.7060221539],[-121.50141201768288,71.70646091069811],[-121.50320555454014,71.70675408085803],[-121.50518862464669,71.70687832092686],[-121.5055858466923,71.70688177886616]]]}"
117_117,-3.677072259861792,117,-3.9538152778339457,-0.2767430179721537,"{""type"":""Polygon"",""coordinates"":[[[-121.61207360206852,71.78404482129287],[-121.61408375571374,71.78395527210625],[-121.6159338475916,71.78369375509618],[-121.6174765735644,71.78328109356029],[-121.61858912402646,71.78275014396668],[-121.61918296223516,71.7821431778918],[-121.61921086487828,71.7815085147096],[-121.61867066662457,71.78089667384889],[-121.61760541509581,71.78035635337272],[-121.61609992935145,71.77993055500791],[-121.61427404048442,71.77965316363625],[-121.61227305480871,71.77954625276239],[-121.61025619822294,71.77961832959923],[-121.60838395822574,71.77986365879622],[-121.60680532604536,71.78026271835992],[-121.60564594912971,71.78078375166747],[-121.60499813325521,71.781385292636],[-121.60491348894723,71.78201946387397],[-121.60539880943772,71.78263578607678],[-121.60641551259098,71.78318519595199],[-121.60788269662919,71.78362395291923],[-121.60968357123456,71.78391712321789],[-121.61167475482438,71.78404136335169],[-121.61207360206852,71.78404482129287]]]}"
118_118,3.1093291001974097,118,3.097903064478633,-0.01142603571877654,"{""type"":""Polygon"",""coordinates"":[[[-121.11265170306469,71.61546313171343],[-121.11464405249217,71.61537358262964],[-121.1164777583634,71.61511206589597],[-121.11800682155132,71.61469940472375],[-121.11910952016812,71.6141684554676],[-121.11969810126385,71.61356148959861],[-121.11972575913332,71.61292682642653],[-121.11919034689348,71.61231498537701],[-121.11813453031027,71.61177466457204],[-121.11664237695614,71.61134886584104],[-121.11483265676942,71.61107147418002],[-121.11284938967738,71.61096456318396],[-121.11085039215628,71.61103664010385],[-121.10899473113216,71.61128196956321],[-121.10743007887339,71.6116810294868],[-121.1062809702431,71.61220206313945],[-121.10563889330234,71.61280360433058],[-121.10555500093238,71.61343777559922],[-121.10603602547837,71.61405409763117],[-121.10704372584388,71.61460350718725],[-121.10849791635619,71.61504226378678],[-121.11028284102785,71.61533543378381],[-121.11225638848522,71.6154596737763],[-121.11265170306469,71.61546313171343]]]}"
119_119,-2.753029785284536,119,-2.8805546687468637,-0.12752488346232793,"{""type"":""Polygon"",""coordinates"":[[[-121.51969160689991,71.58139639770725],[-121.52168039879815,71.58130684864402],[-121.52351083051734,71.58104533196563],[-121.52503716368895,71.58063267086611],[-121.52613789376626,71.58010172167744],[-121.52672542441276,71.57949475584962],[-121.52675303336828,71.57886009267955],[-121.52621857743746,71.57824825159229],[-121.52516464608725,71.57770793072159],[-121.52367515673315,71.57728213191736],[-121.52186866727969,71.57700474019849],[-121.51988894061493,71.57689782917798],[-121.51789351159137,71.57696990611448],[-121.51604116328318,71.57721523562631],[-121.51447930441084,71.57761429562186],[-121.51333224752717,71.5781353293435],[-121.51269131730247,71.57873687057912],[-121.51260757517561,71.57937104185392],[-121.51308774132717,71.57998736385169],[-121.51409364280636,71.580536773344],[-121.51554523702917,71.58097552986996],[-121.51732697468194,71.58126869980671],[-121.51929699819573,71.58139293977094],[-121.51969160689991,71.58139639770725]]]}"
120_120,-59.22760018025481,120,3.1013615367469853,62.328961717001796,"{""type"":""Polygon"",""coordinates"":[[[-120.69170005104819,71.58436229783592],[-120.69368915213728,71.58427274877091],[-120.69551986841854,71.5840112320877],[-120.69704643886047,71.58359857098188],[-120.69814734002692,71.58306762178734],[-120.69873496196979,71.58246065595593],[-120.69876257517656,71.5818259927857],[-120.69822803613134,71.58121415170172],[-120.69717394093239,71.58067383083672],[-120.69568422004554,71.58024803203885],[-120.69387744980352,71.57997064032503],[-120.69189741543414,71.57986372930664],[-120.68990167626635,71.5799358062417],[-120.68804904004432,71.58018113574896],[-120.68648693839403,71.58058019573826],[-120.68533970318958,71.58110122945389],[-120.68469867330192,71.58170277068567],[-120.68461491811726,71.58233694195992],[-120.68509515887338,71.58295326396066],[-120.68610121669684,71.5835026734585],[-120.68755303656762,71.58394142999087],[-120.68933505120954,71.58423459993286],[-120.6913053809952,71.58435883989954],[-120.69170005104819,71.58436229783592]]]}"
121_121,3.180600107409236,121,3.762556131536222,0.5819560241269861,"{""type"":""Polygon"",""coordinates"":[[[-120.67967279296917,71.61260673743112],[-120.68166484359257,71.61251718834906],[-120.6834982744612,71.61225567162003],[-120.68502710834957,71.61184301045391],[-120.6861296416248,71.61131206120344],[-120.68671813449123,71.6107050953379],[-120.6867457882524,71.610070432166],[-120.68621045633495,71.6094585911133],[-120.68515479809622,71.60891827030282],[-120.68366286849681,71.60849247156564],[-120.68185341966579,71.60821507989978],[-120.67987044994129,71.60810816890167],[-120.67787175214539,71.60818024582295],[-120.67601636936287,71.60842557528672],[-120.6744519517262,71.60882463521635],[-120.67330301542628,71.60934566887478],[-120.6726610348005,71.60994721006965],[-120.67257715504984,71.61058138133883],[-120.67305810749761,71.61119770336789],[-120.6740656567711,71.61174711291864],[-120.67551962921584,71.61218586951196],[-120.67730428620338,71.61247903950394],[-120.67927753767759,71.61260327949405],[-120.67967279296917,71.61260673743112]]]}"
122_122,4.240928017161982,122,4.604158625894701,0.36323060873271906,"{""type"":""Polygon"",""coordinates"":[[[-120.68397255176593,71.71901297161766],[-120.68597579765368,71.71892342247092],[-120.68781953201884,71.71866190556807],[-120.68935695704793,71.71824924417322],[-120.6904656851528,71.71771829471052],[-120.69105748368925,71.71711132871549],[-120.69108529136876,71.7164766655372],[-120.69054695001623,71.71586482460326],[-120.68948535909821,71.71532450399958],[-120.6879850461085,71.71489870549273],[-120.68616543042904,71.71462131400882],[-120.68417131927724,71.71451440308756],[-120.68216139171963,71.71458647995662],[-120.6802955840967,71.71483180925537],[-120.67872237590228,71.71523086895867],[-120.6775669829195,71.71575190240006],[-120.6769213936636,71.71635344345493],[-120.67683704110026,71.71698761470482],[-120.67732069483687,71.71760393684134],[-120.67833390505413,71.71815334659279],[-120.67979604781105,71.7185921034174],[-120.68159073409342,71.71888527359906],[-120.68357507514037,71.71900951367806],[-120.68397255176593,71.71901297161766]]]}"
123_123,3.497603142511481,123,3.548339210824379,0.05073606831289812,"{""type"":""Polygon"",""coordinates"":[[[-120.97380734212173,71.77710178310318],[-120.97581675587521,71.77701223392083],[-120.97766616679824,71.77675071692225],[-120.97920832498569,71.77633805540145],[-120.98032046603431,71.77580710582187],[-120.98091408577346,71.77520013975553],[-120.98094197824533,71.77456547657376],[-120.98040197888496,71.7739536357052],[-120.97933711944515,71.77341331521538],[-120.97783218775571,71.77298751683536],[-120.97600697081107,71.77271012545168],[-120.97400672146692,71.77260321457274],[-120.97199060705069,71.77267529141304],[-120.97011905602635,71.77292062062091],[-120.9685410048103,71.77331968019956],[-120.96738205461472,71.77384071352145],[-120.96673447723406,71.77444225449923],[-120.96664986417522,71.77507642573848],[-120.96713500613957,71.77569274793417],[-120.96815133516377,71.77624215779613],[-120.9696179792292,71.77668091474811],[-120.97141819100169,71.77697408503423],[-120.9734086416849,71.77709832516217],[-120.97380734212173,71.77710178310318]]]}"
124_124,3.2980993652938637,124,3.3443708846158717,0.046271519322008015,"{""type"":""Polygon"",""coordinates"":[[[-121.28934084998332,71.57385887192021],[-121.29132885656163,71.57376932286154],[-121.29315856551601,71.57350780619532],[-121.29468429603996,71.57309514511186],[-121.29578459156455,71.57256419593809],[-121.29637189032552,71.57195723011934],[-121.29639948848315,71.57132256694973],[-121.29586524365617,71.57071072585414],[-121.2948117284687,71.57017040496892],[-121.29332282718929,71.56974460614852],[-121.29151705091626,71.56946721441689],[-121.2895381057966,71.569360303391],[-121.28754346451461,71.56943238033115],[-121.28569184748444,71.56967770985456],[-121.2841306052487,71.57007676986599],[-121.28298400128543,71.57059780360287],[-121.28234332419676,71.57119934484832],[-121.28225961523565,71.57183351612447],[-121.28273959189751,71.5724498381147],[-121.28374509627469,71.5729992475929],[-121.28519611736986,71.57343800410267],[-121.28697715149234,71.57373117402608],[-121.28894639710019,71.57385541398408],[-121.28934084998332,71.57385887192021]]]}"
127_127,-3.902334599915081,127,-3.90377763177499,-0.0014430318599090164,"{""type"":""Polygon"",""coordinates"":[[[-121.63619303888656,71.73513017842582],[-121.63819799209298,71.73504062926924],[-121.64004329777867,71.73477911233987],[-121.6415820329873,71.73436645091016],[-121.642691705825,71.7338355014151],[-121.64328400848669,71.73322853540031],[-121.64331183963795,71.73259387222109],[-121.64277303933474,71.73198203130524],[-121.64171054366153,71.73144171073308],[-121.64020895217533,71.73101591226133],[-121.63838778601641,71.73073852080519],[-121.63639197575888,71.73063160989562],[-121.63438033562424,71.73070368675674],[-121.6325129381773,71.73094901603032],[-121.63093838939206,71.73134807569912],[-121.62978201174181,71.73186910910744],[-121.62913587215598,71.73247065014095],[-121.62905144748572,71.73310482138788],[-121.62953551317716,71.73372114354079],[-121.63054958670772,71.73427055332283],[-121.63201297546613,71.73470931018271],[-121.63380919125218,71.73500248039328],[-121.63579522349941,71.73512672048584],[-121.63619303888656,71.73513017842582]]]}"
128_128,0.6736720387441512,128,-0.5772121350255093,-1.2508841737696605,"{""type"":""Polygon"",""coordinates"":[[[-122.06862599126025,71.58732807178812],[-122.07061540162849,71.58723852272131],[-122.07244640255313,71.5869770060333],[-122.07397321033316,71.58656434492113],[-122.07507428263763,71.58603339572073],[-122.07566199590292,71.58542642988574],[-122.07568961336214,71.58479176671534],[-122.0751549911788,71.58417992563464],[-122.07410073208426,71.58363960477536],[-122.0726107795985,71.58321380598386],[-122.07080372848775,71.58293641427507],[-122.06882338632589,71.58282950325881],[-122.0668273369253,71.58290158019241],[-122.06497441270726,71.58314690969512],[-122.06341206820966,71.58354596967816],[-122.06226465463351,71.58406700338779],[-122.06162352505439,71.5846685446157],[-122.06153975680814,71.58530271588943],[-122.06202007219014,71.58591903789312],[-122.06302628640259,71.58646844739651],[-122.06447833198567,71.5869072039353],[-122.06626062369594,71.58720037388251],[-122.06823125984093,71.58732461385166],[-122.06862599126025,71.58732807178812]]]}"
129_129,3.4721953636029403,129,3.7401561246494284,0.267960761046488,"{""type"":""Polygon"",""coordinates"":[[[-120.90206756110548,71.77437568336107],[-120.90407668450635,71.77428613418041],[-120.90592582820524,71.77402461718634],[-120.90746776357906,71.77361195567146],[-120.9085797439633,71.77308100609739],[-120.90917327796939,71.7724740400344],[-120.90920116644973,71.77183937685278],[-120.90866124514022,71.77122753598115],[-120.90759653956624,71.77068721548598],[-120.90609182530224,71.77026141709997],[-120.90426687203724,71.7699840257116],[-120.90226691164858,71.76987711483065],[-120.90025108847883,71.76994919167231],[-120.89837980782521,71.77019452088446],[-120.89680198459453,71.77059358046898],[-120.89564320185485,71.77111461379648],[-120.89499571806532,71.77171615477789],[-120.8949111172694,71.77235032601766],[-120.8953961891755,71.77296664821057],[-120.89641237138184,71.77351605806732],[-120.897878803548,71.77395481501331],[-120.89967875520782,71.77424798529451],[-120.90166891827961,71.77437222542015],[-120.90206756110548,71.77437568336107]]]}"
130_130,3.267664222861045,130,3.3438312344641696,0.07616701160312456,"{""type"":""Polygon"",""coordinates"":[[[-121.0943721410971,71.73692055355323],[-121.09637728414994,71.73683100439553],[-121.09822276455961,71.73656948746323],[-121.09976164545446,71.73615682602964],[-121.10087142334231,71.73562587653099],[-121.10146378206052,71.73501891051401],[-121.10149161582171,71.73438424733466],[-121.10095276448517,71.73377240642084],[-121.09989016820714,71.73323208585218],[-121.09838843455769,71.73280628738434],[-121.09656709599228,71.73252889593128],[-121.09457109680162,71.73242198502302],[-121.09255926623595,71.73249406188324],[-121.0906916920075,71.73273939115404],[-121.08911699415444,71.73313845081898],[-121.08796050701349,71.73365948422362],[-121.08731430623337,71.73426102525477],[-121.08722987354508,71.73489519650138],[-121.08771398504409,71.73551151865612],[-121.08872815457127,71.73606092844155],[-121.09019168187962,71.73649968530535],[-121.09198806773983,71.73679285551914],[-121.09397428804115,71.7369170956132],[-121.0943721410971,71.73692055355323]]]}"
131_131,3.3967768375366623,131,3.204706139647079,-0.1920706978895832,"{""type"":""Polygon"",""coordinates"":[[[-120.74081021760742,71.64460787742661],[-120.74280562124767,71.64451832832518],[-120.74464213804626,71.64425681154408],[-120.74617354500921,71.64384415030945],[-120.74727793365693,71.6433132009954],[-120.74786741658377,71.64270623509107],[-120.74789511644559,71.64207157191724],[-120.74735888319384,71.64145973090014],[-120.74630144809893,71.64091941015158],[-120.74480700764643,71.64049361148342],[-120.7429945138099,71.64021621987207],[-120.7410082071898,71.64010930889697],[-120.73900614604179,71.6401813858026],[-120.73714764098419,71.64042671521695],[-120.73558059054626,71.64082577507878],[-120.7344297204492,71.6413468086722],[-120.73378665902815,71.64194834982513],[-120.73370263767018,71.64258252108851],[-120.73418439916426,71.64319884314978],[-120.73519364390982,71.64374825276063],[-120.7366500633898,71.64418700942326],[-120.73843772418317,71.64448017947205],[-120.74041429701931,71.6446044194888],[-120.74081021760742,71.64460787742661]]]}"
132_132,-4.518784705617453,132,-4.605054509553215,-0.08626980393576211,"{""type"":""Polygon"",""coordinates"":[[[-121.75435191671866,71.79441041773428],[-121.75636317605348,71.79432086854129],[-121.75821428554595,71.79405935151406],[-121.75975786001348,71.7936466899556],[-121.76087102230031,71.79311574034105],[-121.76146518698835,71.79250877425338],[-121.76149310483127,71.79187411107054],[-121.76095260935246,71.79126227022155],[-121.75988677188842,71.79072194976581],[-121.758380458168,71.79029615142373],[-121.75655356518456,71.79001876007003],[-121.75455147913983,71.78991184920375],[-121.75253351346089,71.78998392603543],[-121.75066024386715,71.79022925521612],[-121.74908074349744,71.79062831475748],[-121.74792072889406,71.79114934804362],[-121.74727255661575,71.79175088899832],[-121.74718786560918,71.79238506023442],[-121.74767345288788,71.79300138244783],[-121.74869071513706,71.79355079234284],[-121.75015870610719,71.79398954933292],[-121.75196057124573,71.79428271965028],[-121.75395285008656,71.79440695979288],[-121.75435191671866,71.79441041773428]]]}"
133_133,3.400427281151969,133,3.3897065870777716,-0.01072069407419729,"{""type"":""Polygon"",""coordinates"":[[[-120.94842780851803,71.74106442183773],[-120.95043339112055,71.7409748726775],[-120.9522792760672,71.74071335573838],[-120.9538184942681,71.74030069429581],[-120.95492851537769,71.73976974478883],[-120.95552100388298,71.73916277876677],[-120.9555488436869,71.73852811558717],[-120.95500987419337,71.737916274678],[-120.95394704498584,71.73737595411745],[-120.95244498218715,71.73695015565865],[-120.95062324445041,71.73667276421274],[-120.94862680782458,71.73656585330751],[-120.94661453635557,71.73663793016567],[-120.94474655282659,71.73688325942999],[-120.94317150983808,71.73728231908606],[-120.94201476919419,71.73780335248217],[-120.94136842673143,71.73840489350783],[-120.94128397547911,71.7390390647537],[-120.94176819303598,71.73965538691264],[-120.94278258482336,71.74020479670594],[-120.94424643291512,71.74064355357882],[-120.94604321254648,71.74093672380005],[-120.94802986824784,71.7410609638976],[-120.94842780851803,71.74106442183773]]]}"
134_134,-0.36782033857603236,134,-0.18708948321829955,0.1807308553577328,"{""type"":""Polygon"",""coordinates"":[[[-121.91977131977758,71.56373508702106],[-121.92175827260827,71.56364553796845],[-121.92358701175178,71.56338402131863],[-121.92511193363887,71.56297136025671],[-121.92621164607758,71.56244041110293],[-121.92679863369281,71.56183344529639],[-121.92682621736162,71.56119878212736],[-121.9262922557951,71.56058694102057],[-121.92523929901766,71.56004662011588],[-121.92375118682105,71.5596208212738],[-121.9219463674986,71.55934342952504],[-121.91996847106175,71.5592365184919],[-121.91797488677705,71.55930859543697],[-121.91612425098097,71.55955392497593],[-121.91456383615261,71.55995298500868],[-121.91341783992108,71.56047401876597],[-121.9127775024919,71.56107556002465],[-121.91269383803277,71.56170973130259],[-121.91317356043592,71.5623260532827],[-121.91417853197879,71.56287546274201],[-121.9156287840473,71.56331421922998],[-121.91740887416788,71.56360738913554],[-121.91937707597617,71.56373162908517],[-121.91977131977758,71.56373508702106]]]}"
135_135,4.662572238773219,135,5.668405055977935,1.0058328172047162,"{""type"":""Polygon"",""coordinates"":[[[-121.06590351367491,71.63079393964122],[-121.0678974684579,71.63070439054816],[-121.06973265180899,71.63044287378956],[-121.07126294693215,71.63003021258453],[-121.07236653386325,71.62949926329794],[-121.07295558897965,71.62889229741039],[-121.0729832689213,71.62825763423739],[-121.07244742514122,71.6276457932049],[-121.07139075783576,71.62710547242959],[-121.06989740233674,71.62667967373162],[-121.06808622426382,71.62640228209672],[-121.06610135953458,71.62629537111167],[-121.06410075170945,71.62636744802406],[-121.06224359580403,71.62661277745975],[-121.06067768301405,71.62701183735089],[-121.0595276485215,71.6275328709724],[-121.05888505411818,71.62813441214345],[-121.05880109394968,71.62876858340934],[-121.05928250585055,71.62938490545669],[-121.0602910179733,71.62993431504157],[-121.06174638007586,71.63037307167426],[-121.06353274290804,71.6306662416985],[-121.06550788056516,71.63079048170374],[-121.06590351367491,71.63079393964122]]]}"
