system:index,control,label,mean,net_change,.geo
1_1,-0.4235453092847634,1,-0.12366610382577208,0.2998792054589913,"{""type"":""Polygon"",""coordinates"":[[[-135.60155657556373,66.24906658872301],[-135.60311673836307,66.24897704217615],[-135.60455268112764,66.24871553226136],[-135.6057500814377,66.2483028800615],[-135.6066136212245,66.24777193913074],[-135.60707457564874,66.24716497834194],[-135.60709627956066,66.24653031541972],[-135.60667703767348,66.24591846971217],[-135.60585024941454,66.24537814079511],[-135.60468174166598,66.2449523330293],[-135.60326452441123,66.24467493422975],[-135.60171138815107,66.24456802021852],[-135.60014593201828,66.2446400991873],[-135.5986927348061,66.24488543512038],[-135.59746744832862,66.24528450392285],[-135.59656759861397,66.24580554608923],[-135.5960648249483,66.24640709277242],[-135.59599917388073,66.24704126479733],[-135.5963759034802,66.24765758261336],[-135.59716505473128,66.24820698429674],[-135.59830382732576,66.24864573182361],[-135.59970157353078,66.24893889437979],[-135.60124701419358,66.24906313088577],[-135.60155657556373,66.24906658872301]]]}"
2_2,4.102185088921166,2,6.803388881803999,2.7012037928828327,"{""type"":""Polygon"",""coordinates"":[[[-134.85513887601007,66.60044623269812],[-134.85672112019117,66.60035668601914],[-134.85817738568795,66.60009517574926],[-134.85939173172298,66.59968252308215],[-134.8602674911914,66.59915158171783],[-134.8607349669715,66.59854462066446],[-134.86075697565218,66.59790995772921],[-134.8603317986981,66.59729811226423],[-134.85949330883614,66.59675778376963],[-134.8583082648503,66.59633197647432],[-134.85687099290735,66.59605457804653],[-134.8552958792363,66.59594766419232],[-134.85370827141804,66.5960197430544],[-134.852234510535,66.59626507865035],[-134.85099188456033,66.5966641469904],[-134.85007929953431,66.59718518871344],[-134.8495694088254,66.5977867351106],[-134.84950282630473,66.59842090709616],[-134.8498848851928,66.59903722513175],[-134.85068520315883,66.59958662722512],[-134.85184009152857,66.60002537522446],[-134.85325761970853,66.60031853816812],[-134.85482493332086,66.60044277485567],[-134.85513887601007,66.60044623269812]]]}"
3_3,-0.4176329350411321,3,-0.44521265260460335,-0.027579717563471273,"{""type"":""Polygon"",""coordinates"":[[[-135.44466802748508,66.28731823334357],[-135.44623056131175,66.28722868678253],[-135.44766868626618,66.28696717682955],[-135.44886790615504,66.28655452457944],[-135.4497327580544,66.28602358360207],[-135.4501944127239,66.28541662278484],[-135.45021614936385,66.28478195986122],[-135.44979627019012,66.28417011417973],[-135.44896822545076,66.28362978530811],[-135.44779794209217,66.28320397759288],[-135.44637857142558,66.2829265788333],[-135.4448230752967,66.28281966483894],[-135.443255240582,66.28289174379624],[-135.4417998353048,66.28313707969308],[-135.44057268696545,66.28353614844583],[-135.43967146977369,66.28405719056455],[-135.4391679319043,66.28465873721699],[-135.43910218082306,66.28529290923768],[-135.43947948266756,66.28590922707731],[-135.44026983296718,66.28645862880477],[-135.44141033602338,66.28689737638243],[-135.44281020635364,66.28719053898027],[-135.44435799566307,66.28731477550576],[-135.44466802748508,66.28731823334357]]]}"
4_4,1.160257359878379,4,1.507922954468149,0.34766559458977,"{""type"":""Polygon"",""coordinates"":[[[-134.68987934999302,66.66163098142844],[-134.69146550933263,66.66154143472609],[-134.6929253781677,66.66127992439333],[-134.6941427287755,66.66086727164351],[-134.6950206548593,66.66033633020244],[-134.69548928690705,66.65972936910224],[-134.69551134961864,66.6590947061647],[-134.69508512033866,66.65848286074264],[-134.6942445557142,66.65794253232282],[-134.69305657976162,66.65751672511082],[-134.69161575201414,66.65723932674884],[-134.69003674163116,66.65713241292242],[-134.68844520620127,66.65720449176561],[-134.68696779926876,66.65744982730186],[-134.6857220989056,66.65784889556008],[-134.68480725583547,66.65836993720461],[-134.68429610322997,66.65897148355116],[-134.68422935555117,66.65960565552973],[-134.6846123593464,66.6602219736042],[-134.6854146572303,66.66077137577015],[-134.6865724030174,66.66121012385314],[-134.68799343865575,66.66150328686538],[-134.6895646304702,66.66162752358508],[-134.68987934999302,66.66163098142844]]]}"
5_5,-2.315313688451045,5,-1.7496826634693399,0.5656310249817049,"{""type"":""Polygon"",""coordinates"":[[[-135.26601130504588,66.62851414296081],[-135.26759534264153,66.62842459627112],[-135.26905325871755,66.62816308597243],[-135.2702689810557,66.62775043326742],[-135.27114573298468,66.62721949186795],[-135.27161373841594,66.62661253079312],[-135.27163577184675,66.62597786785683],[-135.27121011285448,66.62536602241151],[-135.27037067260719,66.62482569395117],[-135.26918428557673,66.62439988669404],[-135.26774538482798,66.62412248829641],[-135.2661684861918,66.62401557445492],[-135.26457907925416,66.62408765330832],[-135.26310364822686,66.62433298887693],[-135.26185961396848,66.62473205717949],[-135.2609459946014,66.62525309886657],[-135.2604355258563,66.62585464524055],[-135.260368867682,66.62648881722289],[-135.26075135940343,66.6271051352763],[-135.26155258430958,66.62765453740292],[-135.26270878157507,66.62809328544058],[-135.26412791641465,66.62838644841567],[-135.2656970065129,66.62851068511796],[-135.26601130504588,66.62851414296081]]]}"
6_6,-25.07836592677603,6,-11.02507456287443,14.0532913639016,"{""type"":""Polygon"",""coordinates"":[[[-134.84782892620254,66.61401558820602],[-134.84941203685025,66.61392604152186],[-134.85086909980456,66.61366453123806],[-134.85208411078392,66.61325187855263],[-134.85296034974775,66.61272093717132],[-134.8534280814225,66.61211397610761],[-134.85345010206092,66.61147931317184],[-134.85302469221594,66.61086746771636],[-134.85218574318674,66.61032713923831],[-134.851000050325,66.60990133196144],[-134.84956199144406,66.60962393354824],[-134.84798601538853,66.60951701970016],[-134.84639753834728,66.60958909855806],[-134.84492297055408,66.6098344341408],[-134.84367966418404,66.61023350246273],[-134.8427665794286,66.61075454416839],[-134.84225640944848,66.61135609055435],[-134.8421897903767,66.61199026253836],[-134.84257205838304,66.61260658058256],[-134.84337281452633,66.61315598269199],[-134.84452833527334,66.61359473070985],[-134.84594663969156,66.6138878936687],[-134.84751481159168,66.61401213036336],[-134.84782892620254,66.61401558820602]]]}"
7_7,3.138130063205493,7,3.8285534584701644,0.6904233952646712,"{""type"":""Polygon"",""coordinates"":[[[-134.8044749724188,66.2939480645871],[-134.80603791799928,66.29385851802357],[-134.80747642191386,66.29359700806397],[-134.80867595779165,66.29318435580515],[-134.80954103755303,66.2926534148197],[-134.81000281382748,66.29204645399753],[-134.8100245561509,66.29141179107366],[-134.8096045663056,66.29079994539671],[-134.8087763033652,66.29025961653296],[-134.80760571165337,66.28983380882651],[-134.8061859670243,66.28955641007387],[-134.8046300610796,66.28944949608244],[-134.8030618132993,66.28952157503775],[-134.80160602456854,66.28976691092831],[-134.80037855289737,66.29016597967242],[-134.79947709822886,66.29068702178287],[-134.79897342764747,66.29128856842996],[-134.79890765919774,66.29192274044992],[-134.7992850604185,66.29253905829366],[-134.8000756189454,66.29308846002876],[-134.80121642251441,66.29352720761526],[-134.80261666172132,66.2938203702203],[-134.80416485889788,66.2939446067492],[-134.8044749724188,66.2939480645871]]]}"
8_8,1.3668193397136723,8,0.7595638750279251,-0.6072554646857472,"{""type"":""Polygon"",""coordinates"":[[[-134.52942872502902,66.57426069082484],[-134.53100930006988,66.57417114415584],[-134.5324640293639,66.57390963391276],[-134.53367709446619,66.57349698128091],[-134.53455193024607,66.57296603994934],[-134.53501891307667,66.57235907891594],[-134.53504089872186,66.57172441598168],[-134.5346161704031,66.57111257049837],[-134.53377856506975,66.57057224197187],[-134.5325947710628,66.57014643464106],[-134.5311590150584,66.56986903618521],[-134.5295855626644,66.56976212231913],[-134.5279996292966,66.56983420118927],[-134.5265274228261,66.57007953681067],[-134.52528610754877,66.57047860518563],[-134.5243744851895,66.57099964694214],[-134.52386513246165,66.5716011933609],[-134.52379862035187,66.57223536534943],[-134.52418027639933,66.57285168336844],[-134.52497975027106,66.57340108543086],[-134.52613342044444,66.57383983339453],[-134.52754945329784,66.57413299630895],[-134.52911511352545,66.57425723298279],[-134.52942872502902,66.57426069082484]]]}"
9_9,-0.25546216637320485,9,2.845675294841263,3.101137461214468,"{""type"":""Polygon"",""coordinates"":[[[-134.9354008508732,66.50128925403001],[-134.93697679476813,66.50119970738871],[-134.9384272617601,66.50093819722004],[-134.93963677282423,66.50052554468611],[-134.94050904576423,66.49999460344539],[-134.9409746608701,66.49938764246743],[-134.94099658259998,66.49875297953591],[-134.94057309904997,66.49814113400177],[-134.93973794790298,66.49760080538675],[-134.93855762205104,66.49717499795733],[-134.93712607212652,66.49689759942358],[-134.93555722906493,66.4967906855246],[-134.93397594158012,66.49686276441707],[-134.9325080479384,66.49710810010913],[-134.93127036928382,66.497507168581],[-134.9303614179108,66.4980282104304],[-134.92985355784813,66.4986297569091],[-134.92978724109662,66.49926392890588],[-134.9301677794326,66.49988024687889],[-134.93096491130422,66.5004296488554],[-134.93211520150575,66.50086839672007],[-134.93352708547079,66.50116155955327],[-134.93508815826723,66.50128579618905],[-134.9354008508732,66.50128925403001]]]}"
10_10,4.100924982154603,10,11.877823164008788,7.776898181854185,"{""type"":""Polygon"",""coordinates"":[[[-134.8931779765176,66.31302752638457],[-134.89474210838011,66.31293797981392],[-134.8961817040968,66.31267646983524],[-134.89738215035342,66.31226381755128],[-134.89824788659607,66.31173287654252],[-134.8987100132197,66.31112591570611],[-134.8987317719174,66.31049125278155],[-134.89831146322211,66.30987940711765],[-134.89748257163436,66.30933907827661],[-134.8963110915423,66.30891327059545],[-134.89489026950994,66.30863587186282],[-134.89333318286666,66.30852895787983],[-134.89176374502523,66.30860103682942],[-134.89030685154685,66.30884637270181],[-134.88907844834168,66.30924544142107],[-134.8881763094915,66.30976648350769],[-134.88767225656042,66.3103680301394],[-134.88760643807117,66.31100220215723],[-134.88798412559953,66.31161852001276],[-134.88877528403899,66.31216792176993],[-134.88991695339942,66.31260666938182],[-134.89131825535725,66.31289983200772],[-134.8928676276183,66.31302406854638],[-134.8931779765176,66.31302752638457]]]}"
11_11,4.091392144826025,11,4.716576473818001,0.6251843289919758,"{""type"":""Polygon"",""coordinates"":[[[-134.94457140172182,66.63338688256184],[-134.9461557511168,66.63329733587028],[-134.94761395415915,66.63303582556658],[-134.94882991577853,66.63262317285499],[-134.9497068402546,66.6320922314494],[-134.95017493776987,66.63148527037085],[-134.95019697550367,66.63085060743435],[-134.9497712327052,66.63023876199247],[-134.94893162722587,66.62969843353808],[-134.94774500669646,66.62927262628757],[-134.94630582276696,66.62899522789519],[-134.94472861380044,66.62888831405591],[-134.94313889407167,66.62896039290784],[-134.94166317267658,66.62920572847167],[-134.94041889357698,66.62960479676772],[-134.93950509438147,66.63012583844854],[-134.93899452514017,66.6307273848185],[-134.93892785381283,66.63136155680029],[-134.93931042078572,66.63197787485679],[-134.94011180337063,66.63252727698918],[-134.941268228198,66.63296602503351],[-134.94268764236813,66.63325918801405],[-134.94425704132254,66.6333834247189],[-134.94457140172182,66.63338688256184]]]}"
12_12,-3.3467624811037484,12,-3.085956379999948,0.26080610110380054,"{""type"":""Polygon"",""coordinates"":[[[-135.2904278042131,66.46684198959831],[-135.29200157220768,66.46675244297],[-135.29345003659697,66.46649093283631],[-135.29465787782917,66.4660782803484],[-135.29552894664212,66.46554733915038],[-135.29599391913445,66.46494037819848],[-135.29601581083338,66.46430571526824],[-135.2955929121257,66.46369386971021],[-135.2947589140551,66.46315354105359],[-135.2935802176839,66.46272773357782],[-135.2921506439478,66.46245033500745],[-135.29058396653934,66.462343421093],[-135.28900486188067,66.462415499996],[-135.2875389945824,66.46266083572125],[-135.2863030245617,66.46305990423866],[-135.2853953281266,66.46358094613173],[-135.28488816937815,66.4641824926386],[-135.28482194441304,66.46481666463926],[-135.28520195760174,66.46543298259064],[-135.28599798910577,66.46598238452677],[-135.28714669125878,66.4664211323449],[-135.28855662590738,66.46671429513994],[-135.29011554334247,66.46683853175786],[-135.2904278042131,66.46684198959831]]]}"
13_13,2.0586601267103912,13,1.6484012701402282,-0.41025885657016303,"{""type"":""Polygon"",""coordinates"":[[[-135.0636738671322,66.52065570461251],[-135.0652510372257,66.52056615796384],[-135.0667026327567,66.52030464777548],[-135.0679130848314,66.51989199521562],[-135.0687860363403,66.51936105395083],[-135.06925201358192,66.51875409295819],[-135.06927395223508,66.51811943002595],[-135.06885013910508,66.51750758450528],[-135.06801433815784,66.51696725591368],[-135.0668330940347,66.51654144851038],[-135.06540043045692,66.51626404999726],[-135.06383036697187,66.516157136107],[-135.062247849386,66.51622921499357],[-135.0607788138268,66.5164745506669],[-135.0595401722955,66.51687361911311],[-135.05863051371958,66.51739466093792],[-135.05812225844082,66.51799620740074],[-135.05805588996412,66.51863037939533],[-135.0584367242393,66.51924669738051],[-135.05923447620762,66.51979609937978],[-135.06038566133185,66.52023484727067],[-135.0617986438071,66.52052801012537],[-135.0633609312277,66.52065224677125],[-135.0636738671322,66.52065570461251]]]}"
14_14,1.356805627045193,14,1.287978169949489,-0.06882745709570393,"{""type"":""Polygon"",""coordinates"":[[[-134.59454220723106,66.3659537199746],[-134.59610964018293,66.36586417338421],[-134.59755227407751,66.36560266335239],[-134.59875525366206,66.36519001099856],[-134.59962281670641,66.36465906992493],[-134.6000859182524,66.36405210904894],[-134.60010772251417,66.36341744612243],[-134.59968652654848,66.36280560049481],[-134.59885588561184,66.36226527171696],[-134.59768193340835,66.36183946410621],[-134.59625811326697,66.36156206542918],[-134.59469774107345,66.36145515146968],[-134.59312499162817,66.36152723040328],[-134.59166502394942,66.36177256622527],[-134.59043402854792,66.36217163487535],[-134.5895299858128,66.36269267689565],[-134.58902486890975,66.36329422348457],[-134.58895891117356,66.36392839549652],[-134.5893373954144,66.3645447133849],[-134.59013022324086,66.36509411520339],[-134.5912743018548,66.36553286288596],[-134.59267856114937,66.36582602556983],[-134.59423120333992,66.36595026213566],[-134.59454220723106,66.3659537199746]]]}"
15_15,1.0386896039378448,15,1.3830569901472545,0.34436738620940965,"{""type"":""Polygon"",""coordinates"":[[[-135.03788626557412,66.31494724635228],[-135.0394505169062,66.31485769978093],[-135.04089022257745,66.31459618980031],[-135.04209076051768,66.31418353751383],[-135.04295656287405,66.3136525965027],[-135.04341872478105,66.31304563566488],[-135.04344048512777,66.31241097274024],[-135.04302014432136,66.31179912707765],[-135.04219118942297,66.31125879823891],[-135.04101961986282,66.31083299056031],[-135.03959868932603,66.31055559182967],[-135.03804148377552,66.31044867784753],[-135.03647192608386,66.31052075679654],[-135.03501492134723,66.31076609266712],[-135.03378642432799,66.31116516138387],[-135.0328842165744,66.31168620346808],[-135.03238012513717,66.31228775009824],[-135.03231430160844,66.31292192211586],[-135.0326920179706,66.31353823997259],[-135.0334832368268,66.31408764173199],[-135.03462499338045,66.31452638934643],[-135.03602640236713,66.31481955197442],[-135.03757589297004,66.31494378851406],[-135.03788626557412,66.31494724635228]]]}"
16_16,-2.022727198819714,16,-2.069672420806229,-0.04694522198651496,"{""type"":""Polygon"",""coordinates"":[[[-135.20458474633764,66.2139318685614],[-135.20614273825439,66.21384232202756],[-135.2075766830334,66.21358081214771],[-135.20877241735977,66.21316815999386],[-135.2096347557924,66.21263721910579],[-135.21009506908024,66.21203025834303],[-135.2101167430262,66.2113955954221],[-135.20969808463013,66.21078374969066],[-135.20887244678883,66.21024342073201],[-135.2077055647668,66.20981761291989],[-135.20629031914956,66.20954021408373],[-135.20473934355653,66.20943330005704],[-135.2031760652243,66.20950537903632],[-135.20172488968953,66.2097507150026],[-135.20050130790978,66.21014978385057],[-135.19960271024001,66.21067082606062],[-135.19910063626918,66.21127237277196],[-135.1990350767723,66.21190654480075],[-135.19941128243087,66.21252286259515],[-135.20019933584763,66.21307226423818],[-135.20133652405295,66.21351101171854],[-135.20273232543553,66.21380417423656],[-135.20427561570722,66.21392841072468],[-135.20458474633764,66.2139318685614]]]}"
17_17,-0.5747648468937668,17,-0.3689577864353268,0.20580706045844005,"{""type"":""Polygon"",""coordinates"":[[[-135.1853788840204,66.58007342185962],[-135.18695982924842,66.57998387518842],[-135.18841489924634,66.57972236493937],[-135.18962824843794,66.57930971229972],[-135.19050328907642,66.57877877096088],[-135.19097038123493,66.57817180992306],[-135.190992371989,66.57753714698859],[-135.19056754417053,66.57692530150935],[-135.18972974266364,66.57638497298991],[-135.1885456714324,66.57595916566697],[-135.18710957921832,66.57568176721735],[-135.18553575838104,66.5755748533539],[-135.1839494536483,66.57564693222224],[-135.1824769024352,66.57589226783799],[-135.1812352964673,66.57629133620523],[-135.18032346060474,66.5768123779543],[-135.17981398856176,66.57741392436827],[-135.1797474608361,66.57804809635614],[-135.18012920622684,66.57866441437884],[-135.18092886730452,66.57921381644812],[-135.1820828076533,66.57965256441972],[-135.18349917214493,66.5799457273406],[-135.1850651990654,66.58006996401748],[-135.1853788840204,66.58007342185962]]]}"
18_18,-3.205045676225168,18,-3.4105892688730632,-0.20554359264789523,"{""type"":""Polygon"",""coordinates"":[[[-135.32255938909918,66.42242241069603],[-135.3241303609715,66.42233286408445],[-135.32557625193294,66.42207135399572],[-135.32678194736133,66.42165870156697],[-135.32765146882022,66.42112776042386],[-135.32811561552643,66.42052079950545],[-135.3281374686335,66.41988613657686],[-135.327715321472,66.41927429098811],[-135.32688280515254,66.418733962278],[-135.32570620273248,66.41830815474266],[-135.32427916848175,66.41803075612523],[-135.3227152740292,66.4179238421909],[-135.32113897439442,66.4179959211074],[-135.31967571103303,66.41824125687535],[-135.31844193667862,66.4186403254513],[-135.31753585289107,66.4191613674005],[-135.3170295953601,66.41976291394359],[-135.31696348834345,66.42039708594923],[-135.3173428266952,66.4210134038728],[-135.31813744418028,66.42156280575702],[-135.31928410562438,66.42200155351533],[-135.32069153532026,66.42229471626132],[-135.32224768302643,66.42241895285625],[-135.32255938909918,66.42242241069603]]]}"
19_19,0.30543719422047494,19,1.3291465222233563,1.0237093280028813,"{""type"":""Polygon"",""coordinates"":[[[-134.70705950969307,66.61266466918883],[-134.7086425340318,66.6125751225052],[-134.71009951755113,66.61231361222278],[-134.71131446229518,66.61190095953918],[-134.71219065349632,66.61137001815958],[-134.71265835968134,66.61076305709686],[-134.71268037912867,66.61012839416117],[-134.712254992482,66.60951654870473],[-134.7114160891906,66.60897622022505],[-134.7102304609636,66.60855041294633],[-134.70879248046975,66.60827301453168],[-134.70721659031656,66.608166100683],[-134.7056281998589,66.6082381795413],[-134.7041537124422,66.60848351512534],[-134.70291047384657,66.6088825834491],[-134.7019974388693,66.60940362515647],[-134.70148729670748,66.61000517154356],[-134.70142068127657,66.61063934352772],[-134.7018029284526,66.61125566157106],[-134.70260364094892,66.6118050636789],[-134.70375909870464,66.61224381169491],[-134.70517732580154,66.61253697465224],[-134.70674541220737,66.61266121134621],[-134.70705950969307,66.61266466918883]]]}"
20_20,1.5769613212881293,20,1.1868865833503477,-0.3900747379377816,"{""type"":""Polygon"",""coordinates"":[[[-134.72249038769388,66.62842101370316],[-134.7240744193316,66.62833146701351],[-134.72553232992425,66.62806995671491],[-134.72674804769022,66.62765730401003],[-134.72762479632212,66.62712636261068],[-134.72809279999382,66.62651940153593],[-134.7281148333424,66.62588473859962],[-134.72768917595153,66.62527289315425],[-134.72684973886152,66.62473256469379],[-134.72566335629278,66.62430675743651],[-134.72422446095507,66.62402935903879],[-134.7226475682487,66.62392244519727],[-134.72105816728794,66.6239945240507],[-134.719582741809,66.6242398596194],[-134.7183387122291,66.62463892792209],[-134.71742509629817,66.62515996960927],[-134.7169146294734,66.62576151598333],[-134.71684797155038,66.62639568796571],[-134.71723046183394,66.62701200601903],[-134.71803168372713,66.62756140814555],[-134.71918787664436,66.62800015618309],[-134.72060700614645,66.62829331915808],[-134.72217609034303,66.62841755586031],[-134.72249038769388,66.62842101370316]]]}"
21_21,2.3883510790300355,21,2.3635577808950883,-0.02479329813494724,"{""type"":""Polygon"",""coordinates"":[[[-134.96695948548876,66.22326914728335],[-134.96851805368476,66.22317960074605],[-134.96995252884605,66.22291809085694],[-134.971148705422,66.22250543869085],[-134.9720113627644,66.22197449779146],[-134.97247184624737,66.22136753702179],[-134.9724935281481,66.22073287410052],[-134.9720747148594,66.22012102837542],[-134.97124877162994,66.21958069942781],[-134.97008145804492,66.21915489162798],[-134.96866568903963,66.21887749280154],[-134.96711413987902,66.21877057877896],[-134.96555028343104,66.21884265775545],[-134.96409857122467,66.2190879937129],[-134.96287453691835,66.2194870625488],[-134.96197560688262,66.22000810474725],[-134.96147334717188,66.22060965145113],[-134.9614077633668,66.22124382347889],[-134.96178410811,66.22186014127905],[-134.9625724529563,66.22240954293277],[-134.96371006175124,66.22284829042547],[-134.9651063794035,66.22314145295363],[-134.9666502405148,66.22326568944648],[-134.96695948548876,66.22326914728335]]]}"
22_22,-3.4405403553666947,22,-3.561960316134071,-0.12141996076737627,"{""type"":""Polygon"",""coordinates"":[[[-135.31306596838382,66.26328616770067],[-135.31462701166146,66.26319662114852],[-135.31606376477976,66.26293511121956],[-135.31726184078838,66.26252245900103],[-135.31812586782675,66.26199151805298],[-135.3185870822864,66.26138455725362],[-135.31860879835187,66.26074989433089],[-135.3181893198091,66.26013804863301],[-135.3173620649576,66.25959771973282],[-135.31619289783822,66.25917191198579],[-135.31477488091633,66.2588945132011],[-135.31322086832148,66.25878759919613],[-135.31165452890482,66.25885967816063],[-135.31020051173007,66.25910501408026],[-135.30897453385222,66.25950408286425],[-135.30807417632653,66.26002512501294],[-135.30757111887468,66.2606266716847],[-135.30750543066722,66.26126084370806],[-135.30788237276937,66.26187716153285],[-135.3086719692858,66.26242656323261],[-135.30981138448536,66.26286531077834],[-135.31120991948185,66.26315847334999],[-135.3127562323119,66.26328270986322],[-135.31306596838382,66.26328616770067]]]}"
23_23,-0.34742174175750884,23,-1.1642254679633373,-0.8168037262058284,"{""type"":""Polygon"",""coordinates"":[[[-135.47254509737988,66.36160902988384],[-135.47411225877136,66.36151948329507],[-135.47555464273367,66.36125797326763],[-135.47675741391689,66.36084532091954],[-135.4776248266815,66.36031437985125],[-135.4780878480267,66.35970741897852],[-135.47810964854023,66.35907275605216],[-135.47768852556487,66.35846091042156],[-135.47685802853644,66.35792058163852],[-135.47568427969836,66.35749477402197],[-135.47426070619295,66.35721737534037],[-135.4727006042814,66.35711046137894],[-135.4711281272614,66.35718254031386],[-135.46966841247817,66.35742787614],[-135.46843763032075,66.35782694479576],[-135.46753374420655,66.3583479868215],[-135.46702871482998,66.35894953341393],[-135.46696276854885,66.35958370542637],[-135.4673411872491,66.36020002331206],[-135.46813387774534,66.36074942512552],[-135.4692777581648,66.36118817280227],[-135.4706817741774,66.36148133548137],[-135.4722341473709,66.36160557204495],[-135.47254509737988,66.36160902988384]]]}"
24_24,-0.48973008001737756,24,-0.3814105708940635,0.10831950912331406,"{""type"":""Polygon"",""coordinates"":[[[-135.3954341132209,66.42784483684791],[-135.39700542584083,66.4277552902343],[-135.39845163041136,66.42749378014008],[-135.39965758733675,66.42708112770411],[-135.40052729736297,66.42655018655431],[-135.40099154470306,66.42594322563183],[-135.40101340251317,66.42530856270302],[-135.40059116376503,66.42469671711804],[-135.39975846687298,66.42415638841443],[-135.39858160927488,66.42373058088636],[-135.39715426555134,66.42345318227466],[-135.3955900319556,66.42334626834277],[-135.39401339048837,66.42341834725761],[-135.39254980979982,66.42366368302035],[-135.39131576787196,66.42406275158916],[-135.39040948756013,66.42458379353154],[-135.38990312020294,66.42518534007021],[-135.3898369988126,66.42581951207524],[-135.390216419403,66.4264358300022],[-135.39101120920662,66.42698523189274],[-135.3921581193404,66.42742397965836],[-135.3935658543007,66.42771714241032],[-135.3951223395381,66.42784137900804],[-135.3954341132209,66.42784483684791]]]}"
25_25,-0.21305383864184027,25,-0.0875017178616853,0.12555212078015499,"{""type"":""Polygon"",""coordinates"":[[[-135.18660460277462,66.54159354897406],[-135.18818310091197,66.54150400231748],[-135.18963591871585,66.54124249210777],[-135.19084738995917,66.54082983951983],[-135.19172107639724,66.54029889822898],[-135.19218744585257,66.53969193722045],[-135.19220940283435,66.53905727428742],[-135.19178523275008,66.53844542878133],[-135.19094872803163,66.53790510021514],[-135.189766489368,66.53747929284009],[-135.18833261963968,66.53720189434931],[-135.186761234366,66.53709498046851],[-135.1851773845101,66.53716705934866],[-135.1837071121887,66.53741239500171],[-135.18246742780647,66.53781146342014],[-135.18155700328902,66.5383325052183],[-135.18104831996834,66.53893405166394],[-135.18098189547007,66.53956822365616],[-135.18136305026422,66.54018454165454],[-135.1821614738329,66.54073394367845],[-135.1833136282099,66.54117269159772],[-135.18472780043513,66.54146585447572],[-135.18629140336378,66.5415900911325],[-135.18660460277462,66.54159354897406]]]}"
26_26,-0.6039314028088397,26,-0.9138301103024643,-0.3098987074936246,"{""type"":""Polygon"",""coordinates"":[[[-135.3854391054672,66.54868839741069],[-135.38701805417136,66.54859885075142],[-135.38847128665697,66.54833734053446],[-135.38968310367466,66.547924687937],[-135.3905570394528,66.54739374663731],[-135.3910235419748,66.54678678562338],[-135.3910455051749,66.54615212269009],[-135.39062121398638,66.54554027718893],[-135.38978447049877,66.54499994863136],[-135.38860189441644,66.54457414126591],[-135.38716761547627,66.54429674278272],[-135.38559578175813,66.54418982890509],[-135.3840114799017,66.54426190778307],[-135.38254078798283,66.54450724342927],[-135.3813007497915,66.54490631183826],[-135.38039006541234,66.54542735362739],[-135.3798812368694,66.5460289000672],[-135.37981479336463,66.54666307205862],[-135.3801960569015,66.54727939006148],[-135.3809947083247,66.54782879209372],[-135.38214719154098,66.54826754002264],[-135.3835617674139,66.54856070290855],[-135.38512581665628,66.54868493956901],[-135.3854391054672,66.54868839741069]]]}"
27_27,1.4182283791334358,27,1.4984754526105835,0.08024707347714766,"{""type"":""Polygon"",""coordinates"":[[[-134.68839231634965,66.52244818731111],[-134.68996960004088,66.52235864066179],[-134.6914213001222,66.5220971304716],[-134.69263183937417,66.52168447790933],[-134.6935048537472,66.5211535366423],[-134.69397086453785,66.52054657564831],[-134.69399280475878,66.51991191271601],[-134.6935689610958,66.51930006719658],[-134.69273309994963,66.51875973860717],[-134.69155177075586,66.5183339312063],[-134.69011900400676,66.51805653269507],[-134.68854882745904,66.51794961880562],[-134.68696619591395,66.51802169769164],[-134.68549705456505,66.51826703336323],[-134.6842583238307,66.51866610180707],[-134.68334859973794,66.5191871436296],[-134.6828403078455,66.51978869009095],[-134.6827739345769,66.52042286208533],[-134.68315479626847,66.52103918007165],[-134.6839526056839,66.52158858207302],[-134.68510387371572,66.52202732996632],[-134.68651695795938,66.52232049282304],[-134.68807935790542,66.52244472946984],[-134.68839231634965,66.52244818731111]]]}"
29_29,1.7255452848064543,29,1.7027476181900816,-0.022797666616372725,"{""type"":""Polygon"",""coordinates"":[[[-134.64118524758464,66.64923691160934],[-134.6427706121284,66.64914736491171],[-134.64422974946856,66.64888585459171],[-134.64544649013382,66.64847320185866],[-134.6463239763845,66.64794226043318],[-134.64679237370456,66.64733529934249],[-134.64681442544776,66.64670063640541],[-134.64638840979507,66.64608879097464],[-134.6455482663573,66.64554846253965],[-134.64436088560785,66.64512265531074],[-134.64292077970546,66.64484525693541],[-134.64134256037335,66.64473834310336],[-134.6397518222671,66.64481042195037],[-134.6382751554998,66.64505575749872],[-134.63703007925204,66.64545482577356],[-134.63611569457566,66.64597586743402],[-134.63560479814126,66.64657741379084],[-134.63553808399053,66.64721158577083],[-134.63592089596526,66.64782790383741],[-134.6367227919165,66.64837730598863],[-134.6378799576343,66.64881605405465],[-134.6393002812419,66.64910921705298],[-134.64087068576276,66.64923345376614],[-134.64118524758464,66.64923691160934]]]}"
30_30,1.4069208602907983,30,1.6535814306670633,0.246660570376265,"{""type"":""Polygon"",""coordinates"":[[[-134.52904669428366,66.30666522676721],[-134.53061043034532,66.30657568019893],[-134.53204966178427,66.30631417022663],[-134.53324980429468,66.30590151795106],[-134.53411532150355,66.30537057695005],[-134.53457733123383,66.30476361611841],[-134.5345990844683,66.30412895319408],[-134.53417888215677,66.30351710752582],[-134.53335020031602,66.3029767786772],[-134.5321790166304,66.30255097098762],[-134.53075855407167,66.3022735722483],[-134.52920186136626,66.3021666582625],[-134.5276328205865,66.302238737214],[-134.52617629570508,66.30248407309246],[-134.52494820330452,66.30288314182],[-134.5240462927303,66.30340418391457],[-134.52354236736952,66.30400573055141],[-134.52347656557586,66.30463990256996],[-134.52385415757823,66.30525622042154],[-134.524645115858,66.30580562217135],[-134.52578649634873,66.30624436977476],[-134.52718744372166,66.30653753239372],[-134.52873642391793,66.30666176892912],[-134.52904669428366,66.30666522676721]]]}"
31_31,-2.92630051517444,31,-2.999315444396736,-0.07301492922229613,"{""type"":""Polygon"",""coordinates"":[[[-135.26155058615095,66.4492638361573],[-135.2631232463342,66.44917428953563],[-135.26457069114275,66.44891277941974],[-135.26577768221702,66.44850012695528],[-135.2666481379752,66.447969185779],[-135.2671127832948,66.44736222484038],[-135.26713465970394,66.44672756191078],[-135.26671205875562,66.44611571634059],[-135.2658786477483,66.44557538766277],[-135.26470078099123,66.4451495801634],[-135.26327221338784,66.4448721815744],[-135.26170663857405,66.44476526765207],[-135.26012864525325,66.44483734656042],[-135.2586638096231,66.44508268230258],[-135.25742870951564,66.4454817508432],[-135.25652165200435,66.4460027927585],[-135.25601485031433,66.44660433927973],[-135.25594867207997,66.44723851128234],[-135.25632841790141,66.4478548292227],[-135.25712388917748,66.44840423113827],[-135.25827178281068,66.4488429789327],[-135.25968072500808,66.44913614170831],[-135.2612385450888,66.44926037831712],[-135.26155058615095,66.4492638361573]]]}"
32_32,4.807351768283868,32,5.707196067892119,0.899844299608251,"{""type"":""Polygon"",""coordinates"":[[[-134.91562528924615,66.61580085601294],[-134.91720851396883,66.6157113093281],[-134.91866568191264,66.61544979904247],[-134.91988078043545,66.61503714635464],[-134.9207570825274,66.61450620497108],[-134.921224847892,66.61389924390599],[-134.92124687010474,66.61326458097018],[-134.92082142959842,66.61265273551594],[-134.91998242011744,66.61211240704007],[-134.91879664182775,66.61168659976563],[-134.91735847934225,66.61140920135435],[-134.9157823897492,66.61130228750709],[-134.91419379827016,66.61137436636442],[-134.91271912424295,66.61161970194541],[-134.91147572829527,66.61201877026497],[-134.9105625777478,66.61253981196833],[-134.91005237100012,66.61314135835283],[-134.9099857471162,66.61377553033664],[-134.91036804265408,66.61439184838197],[-134.91116885648572,66.61494125049352],[-134.91232446048852,66.6153799985138],[-134.91374286710266,66.61567316147466],[-134.9153111520009,66.61579739817026],[-134.91562528924615,66.61580085601294]]]}"
33_33,-3.483117696050255,33,-4.388956081185478,-0.9058383851352234,"{""type"":""Polygon"",""coordinates"":[[[-135.28311983655843,66.54677252893202],[-135.2846986635653,66.54668298227348],[-135.28615178404618,66.54642147205848],[-135.28736350767088,66.5460088194636],[-135.28823737610276,66.5454778781663],[-135.28870384268365,66.54487091715382],[-135.28872580420423,66.54423625422059],[-135.28830154572574,66.5436244087181],[-135.2874648667292,66.54308408015821],[-135.28628238178305,66.54265827279018],[-135.28484821337025,66.54238087430492],[-135.28327650077608,66.54227396042644],[-135.28169232100416,66.542346039305],[-135.28022174241775,66.54259137495306],[-135.27898179978962,66.54299044336459],[-135.2780711855986,66.54351148515616],[-135.27756239627993,66.54411303159755],[-135.27749595790877,66.54474720358918],[-135.27787719207447,66.54536352159083],[-135.27867578195455,66.54591292362085],[-135.279828176352,66.54635167154714],[-135.28124264320041,66.54664483443091],[-135.2828065718943,66.5467690710904],[-135.28311983655843,66.54677252893202]]]}"
34_34,4.483974531637272,34,4.586321823061698,0.10234729142442589,"{""type"":""Polygon"",""coordinates"":[[[-134.93420870836604,66.19286270535439],[-134.93576540164992,66.19277315882832],[-134.93719815122387,66.1925116489694],[-134.93839288895032,66.19209899684307],[-134.93925450872652,66.19156805598054],[-134.93971443848307,66.19096109523338],[-134.93973609450293,66.19032643231321],[-134.93931778515403,66.18971458656749],[-134.93849283549832,66.18917425758396],[-134.9373269259943,66.1887484497441],[-134.93591285982095,66.18847105088604],[-134.93436317675034,66.1883641368501],[-134.93280120119,66.18843621583567],[-134.93135123503316,66.1886815518218],[-134.93012867301243,66.18908062069703],[-134.92923082432225,66.1896016629332],[-134.92872916891233,66.19020320966136],[-134.92866366419318,66.19083738169249],[-134.92903955642734,66.19145369947395],[-134.92982695311386,66.19200310109284],[-134.9309631935294,66.19244184854534],[-134.9323578315094,66.19273501104055],[-134.9338998354063,66.19285924751796],[-134.93420870836604,66.19286270535439]]]}"
35_35,1.160322267521039,35,1.5842267812069621,0.4239045136859232,"{""type"":""Polygon"",""coordinates"":[[[-134.66904829318344,66.2806801064832],[-134.67061041497934,66.2805905599246],[-134.67204816071873,66.28032904997828],[-134.6732470644061,66.2799163977369],[-134.6741116882901,66.27938545676764],[-134.67457322127296,66.27877849595534],[-134.67459495222553,66.27814383303196],[-134.6741751837978,66.27753198734595],[-134.6733473574062,66.27699165846641],[-134.6721773826083,66.2765658507424],[-134.67075838615577,66.27628845197589],[-134.66920330011845,66.2761815379786],[-134.6676358787472,66.27625361693788],[-134.66618085718153,66.27649895284102],[-134.66495403239148,66.2768980216024],[-134.6640530528362,66.27741906372943],[-134.6635496477681,66.27802061038719],[-134.66348391406703,66.27865478240861],[-134.66386111646838,66.27927110024415],[-134.6646512584006,66.27982050196395],[-134.66579146074187,66.28025924953279],[-134.66719096194737,66.28055241212338],[-134.6687383431153,66.2806766486455],[-134.66904829318344,66.2806801064832]]]}"
36_36,-2.1193201364484286,36,-2.245104666737263,-0.12578453028883452,"{""type"":""Polygon"",""coordinates"":[[[-135.23154815754123,66.37287238104258],[-135.23311602314982,66.37278283444961],[-135.23455905524264,66.37252132441084],[-135.23576236685736,66.37210867204783],[-135.2366301693311,66.37157773096571],[-135.23709339865502,66.37097077008454],[-135.23711520888853,66.37033610715777],[-135.23669389663283,66.3697242615349],[-135.2358630264181,66.36918393276534],[-135.2346887502078,66.36875812516381],[-135.23326453711988,66.36848072649406],[-135.23170373430642,66.36837381253765],[-135.23013055082657,66.36844589146916],[-135.2286701802284,66.36869122728453],[-135.2274388450812,66.36909029592556],[-135.22653455281372,66.36961133793714],[-135.2260292964613,66.37021288452047],[-135.22596332047468,66.37084705653164],[-135.22634190913638,66.37146337442434],[-135.22713495576068,66.37201277625087],[-135.22827935014297,66.3724515239427],[-135.22968399704033,66.37274468663415],[-135.23123706780368,66.37286892320354],[-135.23154815754123,66.37287238104258]]]}"
37_37,4.534065186296009,37,4.443058091273208,-0.09100709502280058,"{""type"":""Polygon"",""coordinates"":[[[-134.94571574337658,66.44354337516589],[-134.94728804341284,66.44345382854635],[-134.9487351567579,66.44319231843626],[-134.9499418714477,66.44277966597942],[-134.9508121279031,66.4422487248102],[-134.95127666685957,66.4416417638759],[-134.95129853829798,66.4410071009465],[-134.95087603415055,66.44039525537237],[-134.95004281399622,66.43985492668766],[-134.94886521694485,66.43942911918062],[-134.94743697643304,66.43915172058554],[-134.9458717600704,66.43904480666066],[-134.94429412804317,66.43911688557075],[-134.9428296278061,66.43936222131842],[-134.94159481050548,66.43976128986655],[-134.94068796070695,66.44028233178912],[-134.94018127509582,66.44088387831498],[-134.94011511205352,66.44151805031825],[-134.9404947709544,66.44213436825503],[-134.94129006010152,66.44268377016391],[-134.94243769088675,66.44312251795064],[-134.94384631044045,66.44341568071992],[-134.94540377377365,66.44353991732578],[-134.94571574337658,66.44354337516589]]]}"
38_38,-0.32917606195306043,38,-0.11881611265560424,0.2103599492974562,"{""type"":""Polygon"",""coordinates"":[[[-135.48739978005622,66.39553078566176],[-135.48896906443628,66.39544123906028],[-135.49041340230403,66.39517972899868],[-135.4916178027146,66.39476707660566],[-135.49248639032692,66.39423613549566],[-135.49295003866104,66.39362917459748],[-135.492971868477,66.39299451166987],[-135.4925501748821,66.3923826660626],[-135.49171855281668,66.3918423373202],[-135.49054321412083,66.39141652974891],[-135.48911771247973,66.39113913110306],[-135.48755549757428,66.39103221715672],[-135.48598089080494,66.3911042960814],[-135.4845191989504,66.39134963187509],[-135.4832867497066,66.39174870048639],[-135.48238163917065,66.3922697424695],[-135.48187592553467,66.39287128903443],[-135.48180988970083,66.39350546104308],[-135.48218882078015,66.39412177894988],[-135.4829825848879,66.39467118080276],[-135.4841280147402,66.39510992852496],[-135.48553393266783,66.39540309124132],[-135.48708840881045,66.39552732782236],[-135.48739978005622,66.39553078566176]]]}"
39_39,1.1483657084829193,39,1.9676902122739617,0.8193245037910424,"{""type"":""Polygon"",""coordinates"":[[[-134.92968435452804,66.37761835002502],[-134.93125251707596,66.37752880343027],[-134.93269582245875,66.37726729338671],[-134.93389936195112,66.37685464101742],[-134.93476732874913,66.37632369992946],[-134.93523064576908,66.37571673904473],[-134.9352524601011,66.37508207611779],[-134.9348310680337,66.37447023049819],[-134.9340000404616,66.3739299017343],[-134.93282554188022,66.37350409413911],[-134.93140105910675,66.37322669547436],[-134.92983996075185,66.37311978152007],[-134.92826647938702,66.37319186045015],[-134.9268058322587,66.37343719626098],[-134.92557426393856,66.37383626489577],[-134.92466980041297,66.37435730690142],[-134.92416444835416,66.37495885348088],[-134.92409845984199,66.37559302549153],[-134.9244771201694,66.37620934338716],[-134.9252703169582,66.37675874521922],[-134.92641492805743,66.37719749291739],[-134.92781984097292,66.37749065561408],[-134.92937320587268,66.37761489218589],[-134.92968435452804,66.37761835002502]]]}"
40_40,-0.8021607221204183,40,-0.40520409082425973,0.3969566312961586,"{""type"":""Polygon"",""coordinates"":[[[-135.3907004807077,66.3320275463444],[-135.39226579587645,66.3319379997667],[-135.3937064806563,66.33167648976895],[-135.39490783500807,66.33126383745994],[-135.39577422608494,66.33073289642793],[-135.39623670217875,66.33012593557733],[-135.39625847720944,66.32949127265208],[-135.39583785046395,66.32887942700117],[-135.3950083318057,66.3283390981828],[-135.3938359655622,66.3279132905269],[-135.3924140688295,66.32763589181418],[-135.39085580444984,66.3275289778396],[-135.38928517953283,66.32760105678346],[-135.38782718407845,66.32784639263778],[-135.3865978516762,66.32824546133224],[-135.38569503036072,66.32876650339509],[-135.38519059603905,66.32936805001147],[-135.38512472763557,66.33000222202719],[-135.38550270075308,66.3306185398945],[-135.38629445760003,66.33116794167366],[-135.38743699057994,66.33160668931087],[-135.38883935262274,66.33189985195756],[-135.39038989702047,66.33202408850596],[-135.3907004807077,66.3320275463444]]]}"
42_42,0.05398608092254143,42,-0.8702929584827338,-0.9242790394052752,"{""type"":""Polygon"",""coordinates"":[[[-135.2257419276461,66.62872167359988],[-135.2273259785186,66.62863212691012],[-135.22878390681404,66.62837061661122],[-135.22999963934112,66.62795796390593],[-135.23087639861737,66.6274270225062],[-135.23134440796971,66.62682006143122],[-135.23136644158373,66.62618539849491],[-135.2309407790229,66.62557355304973],[-135.2301013317398,66.62503322458964],[-135.22891493476664,66.62460741733278],[-135.22747602195966,66.62433001893538],[-135.22589911010917,66.624223105094],[-135.22430968985248,66.62429518394734],[-135.2228342464609,66.62454051951573],[-135.22159020177688,66.62493958781803],[-135.22067657475245,66.62546062950484],[-135.22016610172813,66.62606217587863],[-135.2200994429937,66.62669634786097],[-135.22048193791946,66.6273126659145],[-135.2212831695398,66.62786206804138],[-135.22243937649517,66.62830081607932],[-135.22385852322904,66.62859397905464],[-135.2254276264788,66.62871821575702],[-135.2257419276461,66.62872167359988]]]}"
44_44,-1.6385465933015133,44,0.41769791524050714,2.0562445085420205,"{""type"":""Polygon"",""coordinates"":[[[-134.85079474747786,66.35456231954237],[-134.85236146864113,66.35447277295623],[-134.85380344743666,66.35421126293588],[-134.85500588077923,66.3537986105971],[-134.85587304992444,66.35326766953746],[-134.8563359412555,66.35266070867],[-134.85635773569277,66.35202604574393],[-134.85593673104248,66.35141420010847],[-134.8551064673045,66.350873871317],[-134.85393304814338,66.35044806369108],[-134.8525098744611,66.35017066500205],[-134.85095021070538,66.3500637510375],[-134.84937817531568,66.35013582997455],[-134.84791887050304,66.3503811658074],[-134.84668843403685,66.3507802344724],[-134.84578480182182,66.35130127650697],[-134.84527991433495,66.35190282310512],[-134.84521398662366,66.35253699511834],[-134.8455922990756,66.35315331299965],[-134.84638476694505,66.35370271480492],[-134.84752832607018,66.35414146247226],[-134.8489319476969,66.35443462514361],[-134.8504838848176,66.35455886170358],[-134.85079474747786,66.35456231954237]]]}"
45_45,1.5133461933882943,45,1.022747332856847,-0.4905988605314473,"{""type"":""Polygon"",""coordinates"":[[[-134.61261793599976,66.39783562165134],[-134.61418736485635,66.397746075049],[-134.61563183569396,66.39748456498508],[-134.6168363469789,66.39707191258898],[-134.61770501454356,66.39654097147617],[-134.6181687055464,66.39593401057625],[-134.6181905373565,66.39529934764857],[-134.61776880492891,66.39468750204287],[-134.61693710630098,66.39414717330324],[-134.61576165940994,66.39372136573502],[-134.61433602655276,66.3934439670916],[-134.612773667851,66.39333705314631],[-134.61119891614507,66.39340913207026],[-134.60973708974424,66.39365446786175],[-134.60850452704958,66.39405353647004],[-134.6075993331876,66.39457457845025],[-134.60709357298546,66.3951761250133],[-134.60702753105724,66.39581029702168],[-134.60740649700563,66.39642661492992],[-134.60820033417627,66.39697601678549],[-134.60934586947266,66.39741476451077],[-134.61075191683202,66.39770792722967],[-134.6123065360874,66.39783216381191],[-134.61261793599976,66.39783562165134]]]}"
46_46,-0.4568914496784316,46,-0.4826651032121421,-0.025773653533710528,"{""type"":""Polygon"",""coordinates"":[[[-135.5404533168951,66.59098612525325],[-135.54203495761757,66.5908965785779],[-135.54349066771778,66.5906350683177],[-135.54470455064623,66.59022241566332],[-135.5455799761656,66.58969147431084],[-135.5460472737255,66.5890845132647],[-135.54606927407795,66.58844985032981],[-135.5456442593229,66.5878380048582],[-135.5448060892522,66.58729767635208],[-135.54362149718193,66.58687186904393],[-135.54218477330917,66.586594470606],[-135.54061026025386,66.58648755674749],[-135.53902325781397,66.58655963561249],[-135.537550058911,66.58680497121763],[-135.53630790680398,66.58720403957032],[-135.53539566981914,66.58772508130544],[-135.53488597361115,66.58832662771042],[-135.53481941654678,66.58896079969705],[-135.53520132979247,66.58957711772663],[-135.53600134258588,66.59012651980882],[-135.53715579053062,66.59056526779527],[-135.53857277809232,66.59085843072836],[-135.54013949394226,66.59098266741096],[-135.5404533168951,66.59098612525325]]]}"
48_48,-0.32065006387333733,48,-0.26505652698822346,0.05559353688511387,"{""type"":""Polygon"",""coordinates"":[[[-135.4314863135959,66.47101109361468],[-135.43306034458675,66.47092154698481],[-135.4345090510262,66.47066003684688],[-135.43571709408732,66.47024738435341],[-135.4365883084405,66.46971644315023],[-135.4370533586041,66.4691094821952],[-135.43707525393285,66.46847481926478],[-135.4366522845366,66.46786297370964],[-135.4358181470962,66.46732264505805],[-135.43463925377327,66.46689683758788],[-135.43320944117954,66.46661943902194],[-135.43164250201335,66.46651252510938],[-135.43006313352126,66.4665846040111],[-135.4285970213033,66.46682993973234],[-135.42736084476377,66.46722900824425],[-135.42645299664707,66.46775005013204],[-135.42594575313234,66.4683515966355],[-135.4258795170732,66.46898576863569],[-135.42625959373538,66.46960208658967],[-135.42705575823842,66.47015148853068],[-135.42820465233535,66.47059023635444],[-135.42961482259355,66.47088339915409],[-135.43117400054237,66.47100763577419],[-135.4314863135959,66.47101109361468]]]}"
49_49,0.689396203768346,49,0.7411783706804813,0.05178216691213533,"{""type"":""Polygon"",""coordinates"":[[[-135.1269115551263,66.20195603665259],[-135.12846880860127,66.20186649012318],[-135.12990207375069,66.20160498025523],[-135.13109724138036,66.20119232811702],[-135.13195917116334,66.20066138724349],[-135.13241926636374,66.20005442648959],[-135.13244093011642,66.1994197635691],[-135.1320224701991,66.19880791782953],[-135.13119722368086,66.19826758885672],[-135.13003089466184,66.19784178102883],[-135.12861631971185,66.19756438218023],[-135.12706607908595,66.19745746814827],[-135.12550354154902,66.19752954713113],[-135.1240530537029,66.19777488310868],[-135.12283005178887,66.19817395197217],[-135.1219318800114,66.19869499419706],[-135.12143004404695,66.19929654091798],[-135.12136451569836,66.19993071294809],[-135.12174054313436,66.20054703073515],[-135.1225282231146,66.20109643236444],[-135.1236648723781,66.20153517982897],[-135.12506001221493,66.20182834233401],[-135.1266025710152,66.20195257881603],[-135.1269115551263,66.20195603665259]]]}"
50_50,-3.134124400083633,50,-2.8281946034241727,0.3059297966594601,"{""type"":""Polygon"",""coordinates"":[[[-135.36928310202077,66.26373228027416],[-135.37084417293937,66.26364273372185],[-135.37228095149726,66.26338122379244],[-135.37347904871817,66.26296857157332],[-135.37434309105294,66.26243763062473],[-135.3748043136759,66.26183066982504],[-135.37482603012293,66.26119600690228],[-135.3744065441508,66.26058416120472],[-135.37357927465146,66.26004383230506],[-135.37241008683233,66.25961802455862],[-135.37099204480637,66.25934062577439],[-135.3694380047006,66.25923371176961],[-135.3678716375549,66.25930579073399],[-135.366417594639,66.2595511266532],[-135.3651915950559,66.2599501954366],[-135.36429122158842,66.26047123758474],[-135.3637881552276,66.26107278425614],[-135.36372246585424,66.26170695627944],[-135.36409941462747,66.26232327410452],[-135.3648890251222,66.26287267580477],[-135.36602846049516,66.2633114233511],[-135.3674270202543,66.26360458592323],[-135.36897336046442,66.26372882243669],[-135.36928310202077,66.26373228027416]]]}"
51_51,-0.48793332448201343,51,-1.762366167475599,-1.2744328429935856,"{""type"":""Polygon"",""coordinates"":[[[-135.61370391137459,66.42860936503733],[-135.6152752720508,66.42851981842342],[-135.6167215208503,66.42825830832844],[-135.61792751465507,66.42784565589146],[-135.61879725127534,66.4273147147407],[-135.61926151280804,66.42670775381764],[-135.61928337128143,66.4260730908888],[-135.61886111961664,66.42546124530436],[-135.61802839725806,66.42492091660166],[-135.6168515036717,66.42449510907463],[-135.61542411630262,66.42421771046372],[-135.61385983487685,66.42411079653216],[-135.61228314520028,66.4241828754468],[-135.61081951975848,66.42442821120879],[-135.6095854400942,66.42482727977662],[-135.60867913206621,66.42534832171802],[-135.60817274921996,66.42594986825607],[-135.6081066258025,66.426584040261],[-135.60848605799117,66.42720035818844],[-135.6092808720972,66.42774976007989],[-135.61042781730418,66.42818850784651],[-135.61183559531653,66.42848167059933],[-135.6133921281566,66.42860590719745],[-135.61370391137459,66.42860936503733]]]}"
52_52,0.9586959311229688,52,1.3863470212022846,0.4276510900793158,"{""type"":""Polygon"",""coordinates"":[[[-135.17239560975054,66.55795177155898],[-135.17397514716004,66.55786222489618],[-135.17542892146406,66.55760071466976],[-135.1766411902665,66.55718806205985],[-135.17751545182952,66.55665712074864],[-135.17798212821484,66.55605015972766],[-135.17800409953972,66.55541549679401],[-135.17757965011776,66.55480365129932],[-135.1767425946571,66.55426332275299],[-135.17555957770736,66.55383751540009],[-135.1741247640958,66.55356011692679],[-135.17255234444534,66.55345320305335],[-135.17096745201033,66.55352528192849],[-135.16949621185026,66.5537706175657],[-135.1682557113762,66.55416968596238],[-135.16734468746466,66.5546907277397],[-135.166835669176,66.55529227417189],[-135.16676920083745,66.55592644616225],[-135.16715060645632,66.55654276417097],[-135.1679495555915,66.55709216621415],[-135.16910246846547,66.55753091415563],[-135.17051757173977,66.55782407705185],[-135.17208220413053,66.55794831371718],[-135.17239560975054,66.55795177155898]]]}"
53_53,17.817781520857892,53,29.11482218293885,11.297040662080956,"{""type"":""Polygon"",""coordinates"":[[[-135.45901712922617,66.4882692878711],[-135.46059224992638,66.48817974123472],[-135.46204195928624,66.48791823107926],[-135.46325083861336,66.48750557856276],[-135.46412265600358,66.48697463733818],[-135.46458802799359,66.4863676763701],[-135.46460993836212,66.48573301343903],[-135.4641866760719,66.48512116789587],[-135.46335196116107,66.4845808392651],[-135.4621722517803,66.48415503181816],[-135.4607414494946,66.48387763327055],[-135.4591734257509,66.48377071936572],[-135.45759296408085,66.48384279826219],[-135.45612583705284,66.48408813396681],[-135.45488880481494,66.4844872024559],[-135.4539803282147,66.48500824432182],[-135.45347273347585,66.48560979081118],[-135.45340645144935,66.48624396280941],[-135.4537867911098,66.48686028077424],[-135.45458350668628,66.48740968273547],[-135.45573319609142,66.48784843058255],[-135.4571443425838,66.48814159340131],[-135.4587045999559,66.48826583003033],[-135.45901712922617,66.4882692878711]]]}"
55_55,-0.038464054346048666,55,0.5662163014290889,0.6046803557751376,"{""type"":""Polygon"",""coordinates"":[[[-135.42323536485748,66.50353445538038],[-135.42481145080177,66.5034449087382],[-135.42626204852968,66.50318339856726],[-135.42747166860545,66.50277074603032],[-135.42834402015447,66.5022398047868],[-135.4288096772121,66.50163284380714],[-135.42883160090247,66.50099818087556],[-135.42840807917216,66.50038633534298],[-135.42757285274885,66.49984600673066],[-135.42639242051953,66.49942019930427],[-135.42496074158348,66.49914280077292],[-135.42339175714156,66.49903588687494],[-135.42181032715527,66.49910796576674],[-135.42034230122778,66.49935330145662],[-135.41910451102848,66.49975236992552],[-135.4181954777293,66.50027341177207],[-135.4176875718827,66.50087495824893],[-135.4176212491391,66.50150913024544],[-135.41800182175825,66.50212544821986],[-135.41879902546512,66.50267485019901],[-135.4199494193393,66.5031135980667],[-135.42136143056155,66.50340676090241],[-135.4229226440665,66.50353099753937],[-135.42323536485748,66.50353445538038]]]}"
56_56,-0.021075989920222644,56,-0.3441466978047803,-0.32307070788455766,"{""type"":""Polygon"",""coordinates"":[[[-135.46371342939494,66.42272707003204],[-135.4652844204079,66.42263752342033],[-135.46673032898556,66.42237601333129],[-135.46793603910285,66.42196336090214],[-135.46880557115404,66.42143241975863],[-135.4692697235131,66.42082545884001],[-135.46929157688433,66.4201907959114],[-135.4688694245782,66.41957895032287],[-135.46803689811554,66.41903862161313],[-135.46686028136148,66.4186128140782],[-135.46543322972693,66.41833541546109],[-135.46386931622385,66.4182285015269],[-135.46229299738752,66.4183005804433],[-135.46082971620106,66.41854591621095],[-135.4595959268164,66.4189449847865],[-135.4586898319896,66.41946602673532],[-135.4581835682894,66.42006757327816],[-135.45811746046533,66.42070174528375],[-135.45849680343665,66.42131806320754],[-135.4592914306013,66.4218674650921],[-135.46043810601492,66.42230621285084],[-135.46184555285822,66.42259937559713],[-135.46340171952437,66.42272361219223],[-135.46371342939494,66.42272707003204]]]}"
57_57,-0.45236356640316805,57,-0.30284983444478686,0.1495137319583812,"{""type"":""Polygon"",""coordinates"":[[[-135.52364389311543,66.27589742889906],[-135.52520571819656,66.27580788234222],[-135.52664319085267,66.27554637240067],[-135.5278418668346,66.27513372016558],[-135.52870632651843,66.27460277920216],[-135.52916777187133,66.2739958183934],[-135.52918949872827,66.27336115547021],[-135.52876981005173,66.27274930978095],[-135.52794214089843,66.27220898089573],[-135.52677238830367,66.27178317316537],[-135.52535366133304,66.27150577439386],[-135.52379887061403,66.27139886039444],[-135.52223174690286,66.27147093935518],[-135.5207770016585,66.27171627526285],[-135.51955040986527,66.27211534403045],[-135.5186496014386,66.27263638616344],[-135.51814629200436,66.27323793282505],[-135.51808057081922,66.273872104847],[-135.5184577016088,66.27448842267958],[-135.5192476934899,66.27503782439388],[-135.520387679278,66.27547657195636],[-135.5217869146665,66.27576973454174],[-135.5233340019205,66.27589397106142],[-135.52364389311543,66.27589742889906]]]}"
58_58,1.076012685643948,58,0.959354518094205,-0.11665816754974301,"{""type"":""Polygon"",""coordinates"":[[[-135.07370205559837,66.42875757273616],[-135.07527342559095,66.42866802612221],[-135.07671968296472,66.42840651602707],[-135.07792568391912,66.4279938635899],[-135.07879542569495,66.42746292243895],[-135.0792596899791,66.42685596151578],[-135.07928154858106,66.42622129858695],[-135.0788592944122,66.4256094530026],[-135.07802656711658,66.42506912430008],[-135.07684966655344,66.42464331677324],[-135.07542227072312,66.4243659181625],[-135.07385798002494,66.42425900423102],[-135.07228128100238,66.42433108314559],[-135.07081764688456,66.42457641890744],[-135.0695835599046,66.42497548747507],[-135.06867724650343,66.42549652941628],[-135.06817086065448,66.42609807595422],[-135.068104736844,66.42673224795912],[-135.0684841712811,66.42734856588667],[-135.06927899009852,66.42789796777828],[-135.07042594210486,66.42833671554511],[-135.0718337284634,66.42862987829808],[-135.0733902705319,66.42875411489628],[-135.07370205559837,66.42875757273616]]]}"
59_59,-0.265854719981544,59,0.08004693062843075,0.34590165060997474,"{""type"":""Polygon"",""coordinates"":[[[-135.0189169531714,66.19773008746984],[-135.02047394625342,66.19764054094198],[-135.02190697174854,66.19737903107823],[-135.02310193954682,66.19696637894553],[-135.02396372522972,66.19643543807712],[-135.02442374352702,66.19582847732636],[-135.0244454036853,66.19519381440601],[-135.0240270137565,66.19458196866358],[-135.02320190522855,66.19404163968578],[-135.0220357712122,66.19361583185234],[-135.0206214327562,66.19333843299935],[-135.01907145129803,66.19323151896553],[-135.01750917498399,66.19330359794964],[-135.01605892963408,66.1935489339312],[-135.01483613219511,66.19394800280013],[-135.01393811059793,66.19446904503027],[-135.01343635856043,66.19507059175457],[-135.0133708411955,66.19570476378513],[-135.0137468057858,66.1963210815696],[-135.01453435408294,66.19687048319405],[-135.01567081330217,66.19730923065299],[-135.01706571986148,66.19760239315346],[-135.01860802072667,66.19772662963334],[-135.0189169531714,66.19773008746984]]]}"
60_60,-0.8899892255901932,60,-0.6970183886702328,0.19297083691996042,"{""type"":""Polygon"",""coordinates"":[[[-135.40695749104037,66.31132679765683],[-135.40852151707844,66.31123725108682],[-135.40996101539898,66.31097574110983],[-135.41116138044367,66.31056308882812],[-135.4120270581237,66.31003214782145],[-135.4124891534938,66.3094251869863],[-135.4125109107308,66.30879052406179],[-135.4120906304791,66.30817867839673],[-135.41126179497095,66.30763834955367],[-135.41009039412845,66.30721254187027],[-135.4086696682078,66.30693514313585],[-135.40711268689086,66.3068282291521],[-135.4055433552109,66.30690030810219],[-135.40408656028356,66.30714564397621],[-135.40285824017752,66.30754471269768],[-135.40195616236102,66.30806575478643],[-135.40145214353814,66.3086673014195],[-135.40138632951275,66.30930147343753],[-135.40176399150053,66.30991779129202],[-135.4025550964237,66.31046719304722],[-135.40369668854967,66.31090594065684],[-135.40509789570294,66.31119910328087],[-135.40664716313844,66.31132333981867],[-135.40695749104037,66.31132679765683]]]}"
61_61,0.5610007977827944,61,-0.09339227961667787,-0.6543930773994723,"{""type"":""Polygon"",""coordinates"":[[[-135.47115635998634,66.36821380839328],[-135.47272393424348,66.36812426180205],[-135.4741666981892,66.36786275176796],[-135.47536978621454,66.36745009941113],[-135.47623742745628,66.36691915833471],[-135.47670057073444,66.36631219745705],[-135.47672237694658,66.36567753453045],[-135.47630114300068,66.36506568890438],[-135.47547042718202,66.36452536012925],[-135.47429636915822,66.3640995525215],[-135.47287242068086,66.36382215384684],[-135.47131190784725,66.36371523988835],[-135.4697390166467,66.36378731882128],[-135.46827891737482,66.3640326546411],[-135.46704781101272,66.36443172328822],[-135.46614368678055,66.36495276530567],[-135.46563852433346,66.36555431189277],[-135.46557256063673,66.36618848390445],[-135.4659510789813,66.36680480179425],[-135.46674397826695,66.36735420361538],[-135.46788816001052,66.36779295130096],[-135.4692925458958,66.3680861139873],[-135.4708453280578,66.36821035055429],[-135.47115635998634,66.36821380839328]]]}"
62_62,0.4596335504809888,62,0.3982706296006647,-0.06136292088032408,"{""type"":""Polygon"",""coordinates"":[[[-135.51067862302017,66.38546549313317],[-135.51224727680795,66.38537594653546],[-135.51369103430625,66.38511443648402],[-135.51489495078673,66.38470178410432],[-135.51576318943353,66.38417084300673],[-135.51622665153292,66.3835638821161],[-135.51624847264523,66.38292921918888],[-135.51582694854173,66.38231737357466],[-135.51499566064658,66.3817770448202],[-135.51382079418684,66.38135123723546],[-135.51239586526071,66.38107383857898],[-135.51083427797874,66.38096692462818],[-135.5092603038097,66.38103900355588],[-135.5077991992055,66.38128433935923],[-135.50656724513706,66.38168340798373],[-135.50566249829166,66.3822044499795],[-135.5051569879016,66.3828059965526],[-135.5050909786677,66.38344016856237],[-135.50546975755486,66.3840564864629],[-135.50626320276737,66.38460588830407],[-135.50740817239094,66.38504463601278],[-135.5088135253919,66.38533779871807],[-135.51036737689458,66.38546203529393],[-135.51067862302017,66.38546549313317]]]}"
63_63,-0.5149772394100557,63,-0.7261915465127657,-0.21121430710271005,"{""type"":""Polygon"",""coordinates"":[[[-135.62388544353408,66.24823293780499],[-135.62544555474742,66.24814339125844],[-135.62688145003452,66.24788188134448],[-135.62807881075636,66.24746922914571],[-135.6289423219958,66.24693828821597],[-135.62940326118493,66.24633132742778],[-135.62942496438475,66.24569666450562],[-135.6290057363629,66.24508481879748],[-135.62817897544096,66.24454448987944],[-135.62701050632398,66.24411868211251],[-135.6255933359206,66.24384128331211],[-135.62404025100372,66.2437343693005],[-135.62247484662123,66.24380644826952],[-135.62102169744955,66.2440517842034],[-135.61979645148023,66.24445085300692],[-135.6188966315175,66.24497189517437],[-135.61839387447841,66.24557344185821],[-135.61832822558685,66.24620761388323],[-135.61870494273612,66.24682393169873],[-135.61949406789967,66.24737333338118],[-135.62063280284488,66.24781208090694],[-135.62203050283566,66.2481052434622],[-135.62357589239946,66.24822947996776],[-135.62388544353408,66.24823293780499]]]}"
64_64,2.570454253725547,64,1.8633451148892017,-0.7071091388363453,"{""type"":""Polygon"",""coordinates"":[[[-134.9712035972058,66.52666500979062],[-134.97278114820676,66.5265754631397],[-134.97423309430815,66.5263139529452],[-134.97544383869922,66.52590130037728],[-134.9763170009994,66.52537035910503],[-134.97678309073515,66.52476339810784],[-134.9768050346453,66.52412873517535],[-134.9763811191343,66.52351688965886],[-134.97554511633246,66.52297656107456],[-134.9743635869568,66.52255075367937],[-134.97293057743272,66.52227335517266],[-134.9713601348343,66.5221664412851],[-134.9697772351288,66.52223852016982],[-134.96830784484337,66.52248385583735],[-134.96706890420316,66.52288292427558],[-134.96615902594107,66.52340396609276],[-134.965650647892,66.52400551255064],[-134.96558426334732,66.52463968454455],[-134.9659651895533,66.52525600253354],[-134.96676313414898,66.52580540453985],[-134.96791459727277,66.52624415243889],[-134.96932792099028,66.52653731530027],[-134.97089058572283,66.52666155194927],[-134.9712035972058,66.52666500979062]]]}"
66_66,1.3729292090718703,66,1.4140035736434349,0.04107436457156455,"{""type"":""Polygon"",""coordinates"":[[[-135.16416477804043,66.49920785535302],[-135.1657405902745,66.49911830871251],[-135.16719093609163,66.49885679854596],[-135.16840034611644,66.4984441460148],[-135.1692725461963,66.49791320477665],[-135.16973812241852,66.49730624380028],[-135.16976004233132,66.49667158086882],[-135.16933659416932,66.49605973533325],[-135.16850151279345,66.49551940671572],[-135.16732128553926,66.49509359928349],[-135.16588985519124,66.49481620074752],[-135.16432114317044,66.49470928684762],[-135.1627399877655,66.49478136574074],[-135.16127221673509,66.49502670143478],[-135.1600346414677,66.49542576990942],[-135.15912576602932,66.49594681176146],[-135.15861794840222,66.49654835824187],[-135.15855163720462,66.49718253023887],[-135.15893214376462,66.49779884821056],[-135.1597292090545,66.49834825018463],[-135.1608794031653,66.49878699804647],[-135.16229116917978,66.49908016087738],[-135.16385211155816,66.4992043975121],[-135.16416477804043,66.49920785535302]]]}"
67_67,-2.090750083912124,67,-2.8322857982494214,-0.7415357143372976,"{""type"":""Polygon"",""coordinates"":[[[-135.35281340271956,66.60258118841034],[-135.3543957831588,66.60249164173055],[-135.3558521740615,66.60223013145847],[-135.35706662466382,66.60181747878848],[-135.35794245953636,66.60128653742149],[-135.35840997555772,66.6006795763665],[-135.35843198611886,66.60004491343118],[-135.35800677254105,66.59943306796768],[-135.35716821047174,66.59889273947569],[-135.35598306444547,66.59846693218327],[-135.35454566875083,66.59818953375778],[-135.3529704194636,66.59808261990453],[-135.35138267495375,66.59815469876595],[-135.34990878717824,66.59840003435981],[-135.34866605420652,66.59879910269703],[-135.34775339059448,66.59932014441732],[-135.34724345596814,66.59992169081274],[-135.34717686769955,66.60055586279803],[-135.34755895947302,66.60117218083498],[-135.34835934634555,66.60172158293088],[-135.34951433416117,66.60216033093313],[-135.35093198441015,66.60245349387918],[-135.35249943299445,66.60257773056786],[-135.35281340271956,66.60258118841034]]]}"
68_68,-1.7373865927401497,68,-3.5381189543845104,-1.8007323616443607,"{""type"":""Polygon"",""coordinates"":[[[-135.2637332731955,66.66419257763705],[-135.26531959691155,66.6641030309337],[-135.26677961703132,66.6638415205983],[-135.2679970937849,66.663428867845],[-135.26887511083322,66.66289792640072],[-135.26934379142637,66.66229096529854],[-135.26936585640638,66.6616563023609],[-135.26893958294488,66.66104445694066],[-135.26809893121234,66.66050412852397],[-135.2669108321623,66.66007832131547],[-135.26546985512582,66.65980092295625],[-135.26389068114096,66.659694009131],[-135.26229898081192,66.6597660879734],[-135.2608214208015,66.66001142350714],[-135.25957559136134,66.66041049176192],[-135.25866065348814,66.66093153340316],[-135.25814944790238,66.66153307974758],[-135.25808269328948,66.66216725172588],[-135.2584657367562,66.66278356980196],[-135.25926811776617,66.66333297197097],[-135.26042598352078,66.66377172005745],[-135.26184716641842,66.6640648830726],[-135.26341852105762,66.66418911979363],[-135.2637332731955,66.66419257763705]]]}"
69_69,1.4818065278560233,69,1.4111948405944275,-0.07061168726159583,"{""type"":""Polygon"",""coordinates"":[[[-134.57414256390607,66.34270332817074],[-134.57570854481563,66.34261378158905],[-134.57714984231418,66.3423522715806],[-134.57835170756996,66.3419396192575],[-134.57921846706353,66.3414086782124],[-134.57968113977296,66.34080171735381],[-134.5797029239927,66.34016705442816],[-134.57928211830864,66.33955520878457],[-134.5784522468539,66.33901487997895],[-134.57727938205204,66.33858907233724],[-134.57585688068147,66.33831167363574],[-134.57429795369478,66.33820475966591],[-134.5727266609165,66.33827683860655],[-134.57126804547866,66.3385221744507],[-134.57003819030018,66.33892124313121],[-134.56913498502237,66.33944228518067],[-134.5686303361262,66.34004383178842],[-134.56856443964043,66.34067800380295],[-134.56894257343342,66.34129432167688],[-134.56973466695075,66.34184372346841],[-134.57087768581223,66.34228247111989],[-134.57228064427017,66.34257563377827],[-134.57383184812463,66.34269987033213],[-134.57414256390607,66.34270332817074]]]}"
70_70,2.990350445496554,70,2.085630756248942,-0.9047196892476124,"{""type"":""Polygon"",""coordinates"":[[[-134.84228906266233,66.30129155707219],[-134.84385246459718,66.30120201050592],[-134.84529138852042,66.30094050053899],[-134.84649127461458,66.3005278482705],[-134.8473566069198,66.29999690727608],[-134.8478185179711,66.29938994644841],[-134.8478402665936,66.2987552835243],[-134.84742015408898,66.29814343785236],[-134.8465916493123,66.29760310899735],[-134.84542071584679,66.29717730130064],[-134.8440005567482,66.2968999025557],[-134.84244419659697,66.29679298856752],[-134.8408754910084,66.29686506752061],[-134.83941927728895,66.29711040340419],[-134.83819144726314,66.29750947213873],[-134.8372897293947,66.29803051424001],[-134.83678591172608,66.29863206088119],[-134.83672012402653,66.29926623290032],[-134.83709763538783,66.2998825507486],[-134.83788842469693,66.30043195249219],[-134.83902956132988,66.30087070008845],[-134.84043020936963,66.30116386270153],[-134.841978858593,66.30128809923418],[-134.84228906266233,66.30129155707219]]]}"
71_71,-0.7265990396884188,71,-0.6806563797113149,0.045942659977103895,"{""type"":""Polygon"",""coordinates"":[[[-135.24927293829055,66.54678730581136],[-135.250851766236,66.5466977591528],[-135.2523048875807,66.5464362489378],[-135.25351661192565,66.54602359634288],[-135.2543904808769,66.54549265504558],[-135.25485694773502,66.5448856940331],[-135.25487890926854,66.54425103109988],[-135.25445465053778,66.54363918559739],[-135.2536179710439,66.5430988570375],[-135.25243548539484,66.54267304966949],[-135.25100131612962,66.54239565118426],[-135.2494296026013,66.54228873730578],[-135.24784542188783,66.54236081618433],[-135.2463748424274,66.54260615183237],[-135.24513489906226,66.5430052202439],[-135.24422428432993,66.54352626203544],[-135.24371549470877,66.54412780847682],[-135.243649056298,66.54476198046845],[-135.24403029069023,66.5453782984701],[-135.24482888104492,66.54592770050013],[-135.2459812761274,66.54636644842645],[-135.24739574381664,66.54665961131023],[-135.2489596734402,66.54678384796973],[-135.24927293829055,66.54678730581136]]]}"
72_72,-1.5396141784866486,72,-1.046366710905442,0.49324746758120663,"{""type"":""Polygon"",""coordinates"":[[[-135.36737727017766,66.35445141315685],[-135.36894398441444,66.35436186657076],[-135.37038595683518,66.3541003565505],[-135.37158838486218,66.35368770421188],[-135.37245555017432,66.35315676315237],[-135.37291843945977,66.35254980228501],[-135.37294023380142,66.35191513935892],[-135.37251923101283,66.3513032937234],[-135.37168897094543,66.35076296493182],[-135.37051555697138,66.35033715730572],[-135.36909238957986,66.3500597586166],[-135.36753273271802,66.34995284465198],[-135.36596070427686,66.35002492358906],[-135.36450140591458,66.35027025942203],[-135.36327097488746,66.35066932808716],[-135.3623673466672,66.35119037012188],[-135.36186246141284,66.35179191672012],[-135.36179653399373,66.35242608873335],[-135.36217484477396,66.35304240661459],[-135.36296730914063,66.35359180841974],[-135.36411086321058,66.35403055608691],[-135.3655144786321,66.35432371875817],[-135.3670664088917,66.35444795531807],[-135.36737727017766,66.35445141315685]]]}"
73_73,-4.382320677791289,73,-4.178135049569296,0.2041856282219925,"{""type"":""Polygon"",""coordinates"":[[[-135.2886311302702,66.19424821131895],[-135.2901879088791,66.19415866479235],[-135.29162073698242,66.19389715493207],[-135.2928155401892,66.19348450280393],[-135.2936772071838,66.19295356193973],[-135.29413716213978,66.19234660119155],[-135.29415881933747,66.19171193827133],[-135.2937404870549,66.19110009252654],[-135.29291549218283,66.19055976354463],[-135.2917495187808,66.1901339557066],[-135.29033537511356,66.18985655684999],[-135.28878560711942,66.18974964281465],[-135.28722354596212,66.1898217217998],[-135.2857735003447,66.19006705778463],[-135.284550871322,66.19046612665808],[-135.28365297342108,66.19098716889252],[-135.28315129051012,66.1915887156196],[-135.28308578219193,66.19222288765056],[-135.28346169501924,66.19283920543288],[-135.28424913485537,66.19338860705334],[-135.28538543754422,66.19382735450769],[-135.28678015196408,66.19412051700438],[-135.28832224038055,66.1942447534825],[-135.2886311302702,66.19424821131895]]]}"
74_74,0.9567413843039936,74,0.8747109857902521,-0.0820303985137415,"{""type"":""Polygon"",""coordinates"":[[[-134.6404488713445,66.58119543687916],[-134.64202988805053,66.58110589020752],[-134.64348502383368,66.58084437995734],[-134.64469842787898,66.58043172731617],[-134.6455735080728,66.57990078597592],[-134.64604062134103,66.57929382493725],[-134.64606261308157,66.57865916200274],[-134.64563776605107,66.57804731652426],[-134.6447999266658,66.57750698800622],[-134.64361580190638,66.5770811806848],[-134.64217964477487,66.57680378223638],[-134.64060575279626,66.57669686837345],[-134.6390193763581,66.57676894724143],[-134.63754675858002,66.5770142828561],[-134.63630509648374,66.57741335122182],[-134.63539321939666,66.57793439296947],[-134.6348837243156,66.57853593938253],[-134.6348171935747,66.57917011137026],[-134.6351989562164,66.57978642939366],[-134.6359986534409,66.58033583146428],[-134.6371526459569,66.58077457943739],[-134.63856907448326,66.58106774235954],[-134.64013517220707,66.581191979037],[-134.6404488713445,66.58119543687916]]]}"
75_75,1.5911854095862317,75,1.7453496932460881,0.15416428365985646,"{""type"":""Polygon"",""coordinates"":[[[-134.57659610162156,66.1988052572072],[-134.57815316094394,66.19871571067894],[-134.57958624740377,66.19845420081411],[-134.58078126603633,66.19804154868002],[-134.5816430883763,66.1975106078103],[-134.58210312623672,66.19690364705875],[-134.58212478730934,66.19626898413837],[-134.58170637957645,66.19565713839667],[-134.58088123594567,66.19511680942014],[-134.57971505232334,66.19469100158811],[-134.57830065370658,66.19441360273623],[-134.57675060631976,66.1943066887029],[-134.57518826355422,66.19437876768669],[-134.57373795651668,66.19462410366722],[-134.5725151070621,66.19502317253476],[-134.57161704726113,66.19554421476356],[-134.57111527387377,66.196145761487],[-134.57104975371473,66.19677993351746],[-134.57142573429212,66.19739625130258],[-134.5722133160876,66.19794565292827],[-134.57334982365145,66.19838440038863],[-134.5747447895533,66.19867756289025],[-134.5762871560336,66.19880179937068],[-134.57659610162156,66.1988052572072]]]}"
76_76,1.4484204447308784,76,1.7995004673347026,0.3510800226038242,"{""type"":""Polygon"",""coordinates"":[[[-134.6447810896818,66.63144236962346],[-134.6463653146342,66.63135282293266],[-134.6478234031451,66.63109131263096],[-134.6490392692647,66.630678659922],[-134.64991612487532,66.63014771851884],[-134.65038418563884,66.62954075744177],[-134.65040622165526,66.62890609450537],[-134.64998051230478,66.6282942490621],[-134.6491409727714,66.62775392060534],[-134.647954445434,66.62732811335219],[-134.64651537452508,66.6270507149577],[-134.6449382894148,66.62694380111755],[-134.64334869452446,66.62701587997007],[-134.6418730890184,66.62726121553581],[-134.64062890763762,66.62766028383446],[-134.6397151802136,66.62818132551777],[-134.6392046510815,66.62878287188931],[-134.63913798500366,66.62941704387136],[-134.63952052194287,66.6300333619266],[-134.6403218415964,66.6305827640567],[-134.64147817560135,66.63102151209837],[-134.64289747828755,66.63131467507674],[-134.64446675397406,66.63143891178055],[-134.6447810896818,66.63144236962346]]]}"
77_77,-0.16266052248229135,77,-0.1885688304212173,-0.025908307938925956,"{""type"":""Polygon"",""coordinates"":[[[-135.5618005947574,66.61490272664955],[-135.56338376208922,66.61481317996505],[-135.56484087721304,66.61455166968032],[-135.5660559316929,66.61413901699372],[-135.5669322020252,66.6136080756113],[-135.56739995044052,66.61300111454688],[-135.56742197186122,66.61236645161111],[-135.5669965467806,66.61175460615624],[-135.56615756771274,66.61121427767927],[-135.56497183240168,66.61078847040362],[-135.56353372203944,66.61051107199135],[-135.56195768956684,66.6104041581437],[-135.56036915566125,66.6104762370013],[-135.55889453508013,66.61072157258316],[-135.5576511841988,66.61112064090393],[-135.55673806675114,66.61164168260845],[-135.55622787850115,66.61224322899368],[-135.5561612570382,66.61287740097758],[-135.55654353872504,66.61349371902234],[-135.55734432353378,66.61404312113284],[-135.55849988565075,66.6144818691519],[-135.55991824085035,66.61477503211175],[-135.56148646889946,66.61489926880688],[-135.5618005947574,66.61490272664955]]]}"
78_78,-0.02269625782980398,78,-0.5245552413208638,-0.5018589834910598,"{""type"":""Polygon"",""coordinates"":[[[-134.67356779374262,66.57637400375731],[-134.6751485033491,66.57628445708751],[-134.67660335649137,66.57602294684226],[-134.67781652486212,66.57561029420758],[-134.67869143510953,66.57507935287337],[-134.6791584576816,66.57447239183836],[-134.6791804451839,66.57383772890401],[-134.67875568069633,66.5732258834222],[-134.67791800405251,66.57268555489826],[-134.67673410927256,66.57225974757031],[-134.6752982310536,66.57198234911672],[-134.67372464472788,66.57187543525161],[-134.67213857636634,66.57194751412109],[-134.67066624457948,66.57219284974042],[-134.66942482363407,66.57259191811261],[-134.66851312366487,66.57311295986639],[-134.66800372756515,66.57371450628341],[-134.66793720977887,66.57434867827169],[-134.66831889830326,66.57496499629204],[-134.66911844022565,66.57551439835697],[-134.6702722086097,66.57595314632351],[-134.6716883620159,66.57624630924028],[-134.67325415553893,66.57637054591522],[-134.67356779374262,66.57637400375731]]]}"
79_79,-0.13991418404795153,79,1.543763232695385,1.6836774167433366,"{""type"":""Polygon"",""coordinates"":[[[-135.63921002815215,66.47748459005034],[-135.64078446769616,66.47739504341803],[-135.64223355014994,66.47713353327353],[-135.64344190674345,66.47672088077142],[-135.6443133471869,66.47618993956021],[-135.64477851800947,66.47558297860027],[-135.64480041897696,66.47494831566964],[-135.6443773397691,66.47433647011898],[-135.64354298582384,66.4737961414752],[-135.64236378654496,66.47337033401374],[-135.6409336028965,66.47309293545467],[-135.6393662571011,66.472986021545],[-135.63778647875534,66.47305810044476],[-135.63631998606536,66.47330343615977],[-135.63508348870792,66.47370250466311],[-135.63417540496053,66.4742235465427],[-135.63366802976506,66.47482509304089],[-135.63360177647192,66.47545926504034],[-135.6339819517372,66.47607558299839],[-135.6347783228484,66.47662498494698],[-135.63592751512186,66.47706373277947],[-135.6373380513892,66.4773568955863],[-135.63889763403478,66.47748113220973],[-135.63921002815215,66.47748459005034]]]}"
80_80,1.1034899698348126,80,1.2284723505432094,0.12498238070839673,"{""type"":""Polygon"",""coordinates"":[[[-134.59937876509076,66.63083367108135],[-134.60096295109284,66.63074412439077],[-134.60242100375552,66.6304826140897],[-134.60363683998384,66.63006996138157],[-134.60451367403968,66.62953901997918],[-134.60498172329991,66.62893205890258],[-134.60500375877882,66.6282973959662],[-134.60457805989748,66.6276855505225],[-134.6037385410051,66.627145222065],[-134.6025520428367,66.62671941481102],[-134.60111300730304,66.62644201641588],[-134.59953596095966,66.62633510257545],[-134.59794640514355,66.62640718142815],[-134.59647083591054,66.6266525169945],[-134.59522668511565,66.62705158529396],[-134.59431298015608,66.62757262697805],[-134.59380246357802,66.6281741733501],[-134.59373579914327,66.62880834533219],[-134.594118326682,66.62942466338706],[-134.59491962663813,66.62997406551644],[-134.59607593221574,66.63041281355727],[-134.59749520000761,66.63070597653497],[-134.59906443711145,66.63083021323845],[-134.59937876509076,66.63083367108135]]]}"
81_81,-2.7084208361233384,81,-2.3911404790364608,0.31728035708687763,"{""type"":""Polygon"",""coordinates"":[[[-134.70567789755214,66.5797578301543],[-134.70725882267664,66.57966828348323],[-134.70871387417216,66.57940677323452],[-134.70992720793592,66.57899412059528],[-134.71080223744926,66.57846317925683],[-134.7112693236706,66.57785621821924],[-134.71129131414725,66.57722155528478],[-134.71086649173222,66.57660970980533],[-134.71002870087878,66.57606938128552],[-134.7088446447026,66.57564357396215],[-134.70740857074685,66.57536617551219],[-134.70583476991837,66.5752592616486],[-134.70424848535308,66.57533134051704],[-134.7027759528617,66.5755766761331],[-134.70153436268012,66.57597574450075],[-134.70062253841218,66.57649678625022],[-134.70011307284878,66.57709833266446],[-134.7000465459711,66.57773250465236],[-134.70042828650998,66.57834882267484],[-134.70122793742115,66.57889822474377],[-134.70238186309774,66.57933697271491],[-134.70379820957928,66.57963013563545],[-134.70536421658602,66.57975437231218],[-134.70567789755214,66.5797578301543]]]}"
82_82,0.7819515528347483,82,1.871844005102766,1.0898924522680178,"{""type"":""Polygon"",""coordinates"":[[[-134.7190795382351,66.45120592992147],[-134.72065232072922,66.45111638329908],[-134.72209987810723,66.45085487318121],[-134.72330696304542,66.45044222071417],[-134.72417748648954,66.44991127953548],[-134.7246421679315,66.4493043185954],[-134.72466404602878,66.44866965566574],[-134.72424141220554,66.44805781009688],[-134.723407936382,66.44751748142141],[-134.72222997802916,66.44709167392465],[-134.72080129934105,66.44681427533769],[-134.7192356027924,66.44670736141624],[-134.7176574867714,66.44677944032401],[-134.71619253723722,66.4470247760643],[-134.71495734108464,66.44742384460234],[-134.71405021303133,66.4479448865152],[-134.71354337191931,66.44854643303482],[-134.71347718852553,66.44918060503724],[-134.71385696386636,66.44979692297882],[-134.71465249699585,66.45034632489664],[-134.71580047989582,66.4507850726937],[-134.71720953166744,66.45107823547146],[-134.71876747290443,66.45120247208125],[-134.7190795382351,66.45120592992147]]]}"
83_83,-6.853759921615857,83,-9.168110936622655,-2.3143510150067987,"{""type"":""Polygon"",""coordinates"":[[[-135.0325023330234,66.59765733582607],[-135.03408439924888,66.59756778914814],[-135.03554050096324,66.59730627888112],[-135.03675471043147,66.59689362621776],[-135.03763037142073,66.59636268485694],[-135.03809779464498,66.5957557238057],[-135.0381198008697,66.59512106087057],[-135.03769467174698,66.59450921540362],[-135.03685627618916,66.59396888690561],[-135.03567136546994,66.59354307960653],[-135.03423425514893,66.59326568117577],[-135.0326593185951,66.59315876732028],[-135.03107188929857,66.5932308461832],[-135.02959829413936,66.59347618178187],[-135.02835580790486,66.59387525012565],[-135.02744332551367,66.59439629185225],[-135.02693349216167,66.59499783825171],[-135.0268669171479,66.5956320102376],[-135.02724893308712,66.59624832827141],[-135.02804916105993,66.5967977303615],[-135.02920391955152,66.59723647835703],[-135.03062128830703,66.59752964129757],[-135.03218842564357,66.59765387798366],[-135.0325023330234,66.59765733582607]]]}"
84_84,-0.23795416581790835,84,-0.31234971900796643,-0.07439555319005808,"{""type"":""Polygon"",""coordinates"":[[[-135.61665506836448,66.58905652016858],[-135.6182365860596,66.58896697349395],[-135.61969218293086,66.58870546323573],[-135.62090597144555,66.58829281058397],[-135.6217813288826,66.5877618692339],[-135.62224859010865,66.58715490818922],[-135.62227058876326,66.5865202452544],[-135.62184560707578,66.58590839978145],[-135.62100750220102,66.58536807127295],[-135.619823002263,66.5849422639622],[-135.61838639012558,66.58466486552221],[-135.61681199951803,66.58455795166283],[-135.61522512049692,66.5846300305284],[-135.61375203616507,66.58487536613542],[-135.61250998066564,66.58527443449069],[-135.6115978146361,66.58579547622827],[-135.61108815808112,66.58639702263484],[-135.61102160620652,66.58703119462169],[-135.61140348976002,66.58764751265007],[-135.61220344033774,66.58819691472998],[-135.6133577984929,66.58863566271378],[-135.6147746758385,66.58892882564473],[-135.61634126982236,66.5890530623263],[-135.61665506836448,66.58905652016858]]]}"
85_85,-0.6894035067883648,85,1.9069509163591423,2.596354423147507,"{""type"":""Polygon"",""coordinates"":[[[-135.1846516802989,66.50611424377324],[-135.18622792949577,66.5060246971301],[-135.18767867747414,66.50576318695653],[-135.1888884228334,66.50535053441614],[-135.1897608647252,66.50481959316943],[-135.19022656999653,66.50421263218783],[-135.19024849594,66.50357796925613],[-135.1898249303304,66.50296612372533],[-135.18898961739453,66.50242579511615],[-135.1878090629092,66.50199998769322],[-135.18637723570447,66.50172258916461],[-135.18480808877882,66.50161567526781],[-135.1832264950204,66.50168775415881],[-135.18175831706122,66.5019330898462],[-135.18052039866723,66.50233215831169],[-135.17961127121308,66.50285320015496],[-135.17910331274854,66.50345474662971],[-135.17903698311838,66.50408891862594],[-135.179417595138,66.50470523660198],[-135.18021488140286,66.50525463858416],[-135.18136539442446,66.50569338645535],[-135.18277755189928,66.50598654929391],[-135.18433892711582,66.50611078593221],[-135.1846516802989,66.50611424377324]]]}"
86_86,0.8943108067255016,86,1.1124662058782921,0.21815539915279059,"{""type"":""Polygon"",""coordinates"":[[[-134.99174821277842,66.66816226490164],[-134.99333479130095,66.66807271819678],[-134.99479504593336,66.6678112078573],[-134.99601271823065,66.66739855509861],[-134.9968908762866,66.66686761364933],[-134.99735963213197,66.66626065254411],[-134.99738170062832,66.66562598960631],[-134.9969553586793,66.66501414418886],[-134.99611457191696,66.66447381577706],[-134.9949262820486,66.66404800857396],[-134.99348507359318,66.66377061021905],[-134.9919056460025,66.6636636963956],[-134.99031369005658,66.66373577523676],[-134.9888358927539,66.66398111076663],[-134.98758986322633,66.66438017901608],[-134.98667477839504,66.66490122065221],[-134.98616349068243,66.66550276699333],[-134.9860967253206,66.66613693897116],[-134.98647983028374,66.66675325704978],[-134.98728234015073,66.66730265922351],[-134.98844039187188,66.66774140731545],[-134.98986180304206,66.66803457033505],[-134.99143341008258,66.66815880705819],[-134.99174821277842,66.66816226490164]]]}"
88_88,3.205122756436563,88,0.5936214952970572,-2.6115012611395056,"{""type"":""Polygon"",""coordinates"":[[[-134.58183425756127,66.50563603996628],[-134.58341047649392,66.50554649332331],[-134.5848611966185,66.50528498315023],[-134.5860709187524,66.50487233061048],[-134.58694334389617,66.50434138936436],[-134.58740904022952,66.50373442838311],[-134.58743096575535,66.50309976545142],[-134.58700740828016,66.5024879199203],[-134.58617211138224,66.50194759131054],[-134.584991579561,66.50152178388699],[-134.58355977984274,66.50124438535785],[-134.58199066303877,66.50113747146084],[-134.58040909964083,66.50120955035199],[-134.57894094986568,66.50145488603984],[-134.57770305523678,66.50185395450596],[-134.57679394523734,66.50237499634984],[-134.57628599652725,66.50297654282498],[-134.5762196681737,66.50361071482125],[-134.5766002728892,66.50422703279699],[-134.57739754384923,66.5047764347786],[-134.57854803478298,66.50521518264917],[-134.5799601651451,66.50550834548719],[-134.58152151038314,66.50563258212524],[-134.58183425756127,66.50563603996628]]]}"
89_89,-0.42393884265755727,89,-0.32150512490820415,0.10243371774935311,"{""type"":""Polygon"",""coordinates"":[[[-135.40076917570426,66.62317519921957],[-135.4023528718228,66.62308565253193],[-135.4038104736185,66.62282414223871],[-135.4050259339002,66.62241148954094],[-135.40590249685866,66.62188054814816],[-135.4063704014411,66.62127358707741],[-135.4063924301594,66.62063892414132],[-135.40596686295012,66.62002707869225],[-135.405127603662,66.61948675022539],[-135.40394147235543,66.61906094296099],[-135.40250288174119,66.6187835445576],[-135.4009263229732,66.6186766307137],[-135.3993372585988,66.61874870956876],[-135.39786214557708,66.61899404514257],[-135.39661837946448,66.61939311345228],[-135.39570495704228,66.61991415514619],[-135.3951945983588,66.62051570152458],[-135.3951279545894,66.62114987350755],[-135.3955103638968,66.62176619155754],[-135.39631141611602,66.62231559367785],[-135.39746736415984,66.62275434170822],[-135.3988861930816,66.62304750467733],[-135.40045494492608,66.6231717413768],[-135.40076917570426,66.62317519921957]]]}"
91_91,-1.6274088509920863,91,-1.8003311293594444,-0.17292227836735807,"{""type"":""Polygon"",""coordinates"":[[[-135.2109677588067,66.47072913396232],[-135.2125417720079,66.47063958733256],[-135.21399046207452,66.47037807719492],[-135.21519849148345,66.46996542470183],[-135.21606969599193,66.46943448349899],[-135.2165347409017,66.46882752254416],[-135.21655663598492,66.46819285961377],[-135.2161336713702,66.46758101405844],[-135.2152995433571,66.46704068540649],[-135.21412066335643,66.46661487793595],[-135.2126908669196,66.46633747936971],[-135.2111239454593,66.46623056545701],[-135.20954459481348,66.46630264435882],[-135.20807849916244,66.46654798008034],[-135.20684233659233,66.46694704859262],[-135.20593449873576,66.46746809048078],[-135.2054272609548,66.46806963698447],[-135.20536102564608,66.46870380898469],[-135.20574109801476,66.46932012693848],[-135.20653725352142,66.46986952887917],[-135.20768613463483,66.47030827670254],[-135.20909628895586,66.47060143950189],[-135.21065544928297,66.47072567612182],[-135.2109677588067,66.47072913396232]]]}"
93_93,-0.300457374730818,93,-0.40658219440520943,-0.10612481967439141,"{""type"":""Polygon"",""coordinates"":[[[-135.57513625217123,66.33922916099881],[-135.57670201636392,66.33913961441841],[-135.57814311440575,66.33887810441345],[-135.57934481334826,66.33846545209494],[-135.58021145291215,66.33793451105409],[-135.58067406161777,66.33732755019811],[-135.58069584284627,66.33669288727259],[-135.58027509541162,66.33608104162663],[-135.57944533880178,66.33554071281684],[-135.57827263629434,66.33511490517051],[-135.57685033174994,66.33483750646538],[-135.57529162045998,66.33473059249398],[-135.57372054508883,66.33480267143568],[-135.57226213147257,66.33504800728315],[-135.5710324464721,66.33544707596819],[-135.57012936618452,66.33596811802201],[-135.56962478713822,66.33656966463255],[-135.56955889979403,66.33720383664749],[-135.56993698128275,66.33782015451926],[-135.57072896520467,66.33836955630676],[-135.57187182589837,66.33880830395358],[-135.57327459020686,66.33910146660816],[-135.57482557939008,66.33922570316025],[-135.57513625217123,66.33922916099881]]]}"
95_95,0.9279496959583803,95,0.8043482209078902,-0.12360147505049013,"{""type"":""Polygon"",""coordinates"":[[[-135.07449081307885,66.44384133940764],[-135.0760631318698,66.443751792788],[-135.07751026247587,66.44349028267762],[-135.07871699155837,66.44307763022036],[-135.0795872583925,66.44254668905079],[-135.08005180288782,66.44193972811627],[-135.0800736745851,66.44130506518687],[-135.07965116539674,66.44069321961292],[-135.0788179353037,66.44015289092857],[-135.07764032420744,66.43972708342193],[-135.0762120666623,66.43944968482717],[-135.0746468316333,66.43934277090243],[-135.07306918079166,66.43941484981244],[-135.07160466308898,66.4396601855598],[-135.07036983106119,66.44005925410757],[-135.06946297044595,66.44058029602972],[-135.06895627879004,66.44118184255537],[-135.06889011495662,66.44181601455858],[-135.06926977838387,66.44243233249557],[-135.07006507701539,66.4429817344048],[-135.07121272148842,66.44342048219193],[-135.07262135784381,66.44371364496153],[-135.0741788397547,66.44383788156753],[-135.07449081307885,66.44384133940764]]]}"
96_96,-0.5075189305521273,96,-0.11001594562244953,0.3975029849296777,"{""type"":""Polygon"",""coordinates"":[[[-135.55136526902072,66.47286096034571],[-135.55293941673608,66.47277141371515],[-135.55438823060356,66.47250990357534],[-135.55559636324153,66.4720972510794],[-135.5564676421892,66.47156630987394],[-135.55693272682532,66.4709593489175],[-135.55695462376508,66.47032468598702],[-135.5565316229954,66.46971284043316],[-135.55569742369914,66.46917251178378],[-135.55451844296394,66.46874670431612],[-135.5530885243591,66.46846930575214],[-135.5515214690181,66.46836239184039],[-135.54994198342996,66.46843447074156],[-135.54847576251035,66.46867980646101],[-135.5472394943125,66.46907887497048],[-135.54633157887562,66.46959991685593],[-135.5458242977394,66.47020146335788],[-135.5457580567565,66.47083563535786],[-135.5461381615898,66.47145195331301],[-135.5469343851212,66.47200135525618],[-135.54808336440777,66.47244010308243],[-135.54949363923552,66.47273326588413],[-135.55105293280707,66.47285750250518],[-135.55136526902072,66.47286096034571]]]}"
97_97,-0.2231885669890785,97,-0.4138125512362869,-0.19062398424720842,"{""type"":""Polygon"",""coordinates"":[[[-135.5906857617065,66.42150652761221],[-135.5922566760403,66.42141698100097],[-135.59370251404584,66.42115547091318],[-135.59490816531795,66.42074281848564],[-135.59577765493543,66.42021187734365],[-135.5962417846486,66.41960491642594],[-135.59626363696154,66.41897025349738],[-135.59584150526533,66.41835840790799],[-135.5950090194373,66.41781807919678],[-135.59383246010648,66.41739227166022],[-135.59240547811322,66.41711487304183],[-135.59084164092826,66.41700795910708],[-135.5892653990152,66.41708003802387],[-135.58780218923752,66.41732537379268],[-135.5865684600655,66.41772444236983],[-135.58566240946294,66.41824548432021],[-135.5851561704772,66.41884703086404],[-135.58509006588767,66.41948120286978],[-135.58546939035267,66.42009752079278],[-135.5862639787401,66.42064692267594],[-135.58741059819056,66.421085670433],[-135.58881797633958,66.42137883317798],[-135.5903740670504,66.42150306977243],[-135.5906857617065,66.42150652761221]]]}"
98_98,-0.6143212066693581,98,-0.6200932086086544,-0.0057720019392962785,"{""type"":""Polygon"",""coordinates"":[[[-135.38175110274994,66.39835633804074],[-135.3833205642512,66.39826679143822],[-135.3847650651335,66.39800528137377],[-135.38596960147066,66.39759262897698],[-135.38683828710066,66.39706168786351],[-135.38730198774454,66.39645472696321],[-135.38732382000515,66.3958200640355],[-135.38690207880336,66.39520821843018],[-135.386070362876,66.39466788969116],[-135.38489489153812,66.39424208212365],[-135.38346922903247,66.39396468348077],[-135.38190683783975,66.3938577695357],[-135.38033205338522,66.3939298484595],[-135.37887019658345,66.39417518425051],[-135.37763760825442,66.39457425285809],[-135.37673239556483,66.39509529483765],[-135.376226624841,66.39569684140028],[-135.37616058153574,66.39633101340861],[-135.37653955536285,66.39694733131716],[-135.37733340904214,66.39749673317334],[-135.3784789681638,66.39793548089933],[-135.37988504476843,66.39822864361881],[-135.38143969636033,66.39835288020132],[-135.38175110274994,66.39835633804074]]]}"
99_99,-0.42380052611172153,99,-0.8422955140350529,-0.41849498792333134,"{""type"":""Polygon"",""coordinates"":[[[-135.574747222586,66.23006581991841],[-135.57630621055407,66.22997627337858],[-135.57774107205523,66.22971476348272],[-135.57893757077363,66.22930211130773],[-135.57980046041547,66.2287711704001],[-135.58026106787167,66.22816420962539],[-135.58028275556677,66.22752954670386],[-135.57986382945148,66.22691770098339],[-135.57903766377186,66.22637737204383],[-135.5778700358287,66.22595156425294],[-135.57645388557833,66.2256741654336],[-135.57490191862095,66.22556725141399],[-135.57333764106318,66.22563933038845],[-135.57188553793577,66.22588466633948],[-135.5706611740011,66.22628373516658],[-135.56976200186406,66.22680477735659],[-135.56925960685703,66.22740632405501],[-135.56919400534542,66.22804049608202],[-135.56957045140035,66.22865681388636],[-135.57035900852904,66.2292062155479],[-135.57149692368893,66.2296449630496],[-135.57289361740115,66.22993812558514],[-135.57443789432222,66.23006236208144],[-135.574747222586,66.23006581991841]]]}"
100_100,6.2749537073303046,100,11.175389776976111,4.9004360696458065,"{""type"":""Polygon"",""coordinates"":[[[-134.88457099243524,66.52874967411395],[-134.88614867562234,66.52866012746225],[-134.88760074338205,66.52839861726562],[-134.88881158921552,66.5279859646949],[-134.88968482466646,66.52745502342006],[-134.89015095344104,66.5268480624213],[-134.8901728991755,66.52621339948874],[-134.88974894813524,66.52560155397369],[-134.8889128752839,66.52506122539192],[-134.88773124691718,66.52463541799955],[-134.88629811733958,66.52435801949505],[-134.8847275431776,66.52425110560843],[-134.88314451086526,66.52432318449252],[-134.88167499747937,66.52456852015803],[-134.88043595303955,66.52496758859351],[-134.87952599853986,66.52548863040802],[-134.8790175778859,66.5260901768642],[-134.87895118776515,66.52672434885787],[-134.87933214587375,66.52734066684816],[-134.88013015731687,66.52789006885693],[-134.8812817169147,66.5283288167588],[-134.88269515905338,66.5286219796225],[-134.88425795472432,66.5287462162726],[-134.88457099243524,66.52874967411395]]]}"
101_101,0.26637293709816395,101,0.15051688957971507,-0.11585604751844888,"{""type"":""Polygon"",""coordinates"":[[[-135.4584035467649,66.63692893195187],[-135.45998812289466,66.63683938525898],[-135.46144653461357,66.63657787495164],[-135.4626626702338,66.63616522223525],[-135.46353972018298,66.63563428082522],[-135.46400788466005,66.63502731974394],[-135.46402992552282,66.63439265680734],[-135.46360412178203,66.63378081136793],[-135.46276439614903,66.63324048291787],[-135.46157760582352,66.6328146756722],[-135.46013821597023,66.6325372772836],[-135.45856078133727,66.63243036344595],[-135.45697083415263,66.63250244229675],[-135.45549490160744,66.63274777785715],[-135.4542504444638,66.63314684614846],[-135.45333651450042,66.63366788782474],[-135.45282587218014,66.63426943419175],[-135.45275919128815,66.63490360617315],[-135.45314181298252,66.63551992423189],[-135.45394331022842,66.6360693263685],[-135.45509990053463,66.63650807441766],[-135.45651951782872,66.63680123740218],[-135.45808914137768,66.63692547410888],[-135.4584035467649,66.63692893195187]]]}"
102_102,2.2290748872616555,102,2.6317904698725365,0.40271558261088103,"{""type"":""Polygon"",""coordinates"":[[[-134.5931548141133,66.65323063520864],[-134.5947404346679,66.6531410885095],[-134.59619980762912,66.65287957818539],[-134.5974167447623,66.65246692544694],[-134.59829437268718,66.65193598401643],[-134.59876284561517,66.65132902292268],[-134.59878490089136,66.65069435998544],[-134.5983588164274,66.65008251455748],[-134.59751853732166,66.64954218612738],[-134.59633096485197,66.64911637890391],[-134.5948906264368,66.64883898053289],[-134.59331215230011,66.64873206670265],[-134.59172115736877,66.64880414554844],[-134.59024425218763,66.6490494810929],[-134.5889989749067,66.64944854936238],[-134.5880844425776,66.6499695910177],[-134.58757346362822,66.65057113737122],[-134.58750673867777,66.65120530935076],[-134.58788961243962,66.65182162741986],[-134.58869163785698,66.65237102957583],[-134.58984899042028,66.65280977764732],[-134.59126954337938,66.65310294065013],[-134.5928402014945,66.6532271773654],[-134.5931548141133,66.65323063520864]]]}"
103_103,-0.39313551165574057,103,-0.39580083447250297,-0.0026653228167624055,"{""type"":""Polygon"",""coordinates"":[[[-135.4785921124267,66.34676841276483],[-135.4801583469978,66.34667886618162],[-135.48159987795526,66.34641735616908],[-135.4828019378764,66.3460047038406],[-135.4836688377446,66.34547376279053],[-135.48413158536874,66.3448668019289],[-135.48415337308973,66.3442321390031],[-135.48373249922625,66.3436202933623],[-135.48290249334846,66.34307996456154],[-135.48172943858523,66.34265415692524],[-135.4803067068347,66.342376758228],[-135.47874752738056,66.34226984425999],[-135.47717598013284,66.3423419231994],[-135.47571712846806,66.34258725903968],[-135.4744870741007,66.34298632771485],[-135.473583722525,66.34350736975922],[-135.47307899187138,66.34410891636368],[-135.4730130846856,66.34474308837777],[-135.47339127969934,66.34535940625422],[-135.4741835014953,66.34590880805047],[-135.47532670548804,66.34634755570737],[-135.47672989119295,66.3466407183702],[-135.47828134631453,66.34676495492616],[-135.4785921124267,66.34676841276483]]]}"
104_104,-0.24533725895435488,104,-1.461961503508755,-1.2166242445544002,"{""type"":""Polygon"",""coordinates"":[[[-135.51582231093906,66.41204677239814],[-135.51739263125276,66.41195722579047],[-135.5188379225483,66.41169571571221],[-135.52004311795662,66.41128306329725],[-135.5209122788475,66.41075212216691],[-135.521376233127,66.41014516125631],[-135.5213980772412,66.40951049832812],[-135.52097610520659,66.40889865273222],[-135.52014393416806,66.40835832400963],[-135.51896781968526,66.40793251646042],[-135.5175413771913,66.407655117832],[-135.5159781312296,66.40754820389304],[-135.51440248522795,66.4076202828127],[-135.51293982864192,66.40786561859058],[-135.51170656592672,66.40826468718018],[-135.5108008579219,66.4087857291425],[-135.51029481039456,66.409387275694],[-135.5102287308624,66.4100214477008],[-135.51060791196198,66.41063776561789],[-135.5114021999491,66.41118716749003],[-135.5125483858626,66.41162591523438],[-135.51395523184877,66.41191907796895],[-135.51551073414657,66.41204331455852],[-135.51582231093906,66.41204677239814]]]}"
105_105,-3.2875908743041213,105,-3.4022146204612445,-0.11462374615712312,"{""type"":""Polygon"",""coordinates"":[[[-135.27347093801345,66.53269809642751],[-135.27504887163187,66.53260854977431],[-135.2765011698775,66.53234703957366],[-135.27771220789717,66.53193438699765],[-135.2785855819349,66.5314034457179],[-135.27905178466978,66.53079648471612],[-135.27907373386054,66.53016182178342],[-135.27864971550883,66.52954997627113],[-135.27781350994627,66.52900964769414],[-135.2766316940375,66.52858384030709],[-135.27519833701413,66.52830644180682],[-135.2736275136004,66.52819952792197],[-135.27204423005983,66.52827160680486],[-135.27057448345573,66.52851694246654],[-135.26933524236384,66.52891601089676],[-135.2684251434294,66.52943705270627],[-135.26791664205888,66.53003859915921],[-135.26785024137402,66.53067277115242],[-135.26823125992343,66.5312890891452],[-135.26902939801127,66.53183849115864],[-135.27018114038265,66.53227723906583],[-135.27159480687433,66.53257040193394],[-135.27315785061268,66.53269463858608],[-135.27347093801345,66.53269809642751]]]}"
106_106,-0.39539842887632376,106,-0.8499385637972289,-0.4545401349209051,"{""type"":""Polygon"",""coordinates"":[[[-134.97922187960677,66.41701244367871],[-134.9807925116757,66.41692289706917],[-134.98223808989704,66.4166613869859],[-134.983443524553,66.41624873456435],[-134.98431285796707,66.41571779342789],[-134.98477690431815,66.41511083251355],[-134.98479875273523,66.41447616958517],[-134.98437669690657,66.41386432399268],[-134.9835443606594,66.41332399527607],[-134.98236801271025,66.4128981877335],[-134.9809412870748,66.41262078911035],[-134.97937773082572,66.4125138751736],[-134.97780177207628,66.41258595409175],[-134.9763388251627,66.41283128986487],[-134.97510531764038,66.41323035844795],[-134.9741994298325,66.41375140040398],[-134.97369328182344,66.41435294695147],[-134.97362718914061,66.4149871189577],[-134.97400644548162,66.4156034368779],[-134.97480089112565,66.4161528387558],[-134.9759473045692,66.41659158650685],[-134.97735442984649,66.41688474924686],[-134.97891024095676,66.41700898583899],[-134.97922187960677,66.41701244367871]]]}"
107_107,-0.5448270800354013,107,-1.3296747687824269,-0.7848476887470256,"{""type"":""Polygon"",""coordinates"":[[[-135.6055139461789,66.40482529405372],[-135.6070838133549,66.40473574744875],[-135.60852868760247,66.40447423737778],[-135.60973353526322,66.40406158497241],[-135.61060244539084,66.40353064385097],[-135.61106626584385,66.40292368294583],[-135.61108810370374,66.40228902001788],[-135.6106662534641,66.40167717441699],[-135.6098343225572,66.40113684568574],[-135.60865854741874,66.40071103812687],[-135.60723251647227,66.40043363949083],[-135.60566972151472,66.40032672554865],[-135.60409453009365,66.4003988044705],[-135.60263229550006,66.40064414025531],[-135.60139938861315,66.40104320885439],[-135.6004939419529,66.40156425082579],[-135.5999880404762,66.40216579738318],[-135.59992198005855,66.40279996939078],[-135.6003010517944,66.40341628730337],[-135.60109511062643,66.4039656891671],[-135.60224096582394,66.40440443690176],[-135.60364740585914,66.40469759962835],[-135.60520245929658,66.40482183621418],[-135.6055139461789,66.40482529405372]]]}"
108_108,0.9044061761946421,108,0.8759122292652453,-0.028493946929396885,"{""type"":""Polygon"",""coordinates"":[[[-135.16471087734485,66.24011488307465],[-135.16627048641183,66.24002533653112],[-135.16770591954537,66.23976382662524],[-135.16890289490897,66.2393511744371],[-135.16976612826346,66.23882023351723],[-135.17022691915153,66.2382132727351],[-135.17024861542004,66.2375786098132],[-135.16982952236538,66.23696676409955],[-135.16900302754627,66.23642643517188],[-135.16783493447568,66.23600062739426],[-135.16641822013125,66.23572322858539],[-135.16486563499765,66.2356163145702],[-135.16330073436163,66.23568839354165],[-135.1618480528236,66.2359337294832],[-135.16062320116745,66.23633279829727],[-135.15972367081494,66.2368538404748],[-135.15922107562216,66.23745538716514],[-135.1591554479118,66.23808955919105],[-135.15953204386844,66.23870587700158],[-135.1603209150923,66.23925527867468],[-135.16145928355286,66.23969402618968],[-135.1628565336872,66.23998718873611],[-135.16440142584452,66.24011142523753],[-135.16471087734485,66.24011488307465]]]}"
109_109,4.420985574176371,109,4.018440410685221,-0.4025451634911503,"{""type"":""Polygon"",""coordinates"":[[[-134.93964289026982,66.64149582647853],[-134.9412277588417,66.64140627978388],[-134.94268643971145,66.64114476947185],[-134.94390279975775,66.64073211674928],[-134.9447800115419,66.64020117533352],[-134.94524826238617,66.63959421424876],[-134.9452703072848,66.63895955131196],[-134.94484442494067,66.63834770587576],[-134.9440045443336,66.63780737743129],[-134.94281753500533,66.63738157019183],[-134.94137787955177,66.63710417180818],[-134.93980015385455,66.63699725797258],[-134.93820991329758,66.637069336822],[-134.93673370841137,66.63731467237793],[-134.93548902162675,66.63771374066312],[-134.93457492299913,66.63823478233353],[-134.93406418642166,66.63883632869675],[-134.93399749319317,66.63947050067763],[-134.93438018546723,66.64008681873929],[-134.93518183060277,66.64063622088132],[-134.93633863434331,66.64107496893672],[-134.93775851362648,66.64136813192637],[-134.93932842685712,66.64149236863547],[-134.93964289026982,66.64149582647853]]]}"
110_110,1.0084659777360596,110,1.002997142441013,-0.0054688352950467145,"{""type"":""Polygon"",""coordinates"":[[[-135.14529821098793,66.25585362010112],[-135.14685879390527,66.25576407355175],[-135.1482951233281,66.25550256363019],[-135.149492846046,66.25508991142141],[-135.15035661832368,66.2545589704824],[-135.1508176968232,66.25395200968858],[-135.15083940653415,66.25331734676611],[-135.15042005172737,66.25270550106318],[-135.14959304083496,66.25216517215416],[-135.14842421846927,66.25173936439731],[-135.14700661965531,66.25146196560485],[-135.14545306525426,66.2513550515966],[-135.14388718766477,66.25142713056334],[-135.1424335992095,66.25167246649],[-135.1412079828321,66.25207153528365],[-135.14030789081667,66.2525925774416],[-135.1398049817431,66.25319412411932],[-135.13973931295436,66.2538282961435],[-135.14011614394897,66.25444461396371],[-135.1409055076573,66.25499401565492],[-135.1420445868692,66.25543276319078],[-135.14344270944406,66.25572592575433],[-135.1449885662593,66.25585016226378],[-135.14529821098793,66.25585362010112]]]}"
111_111,0.6087980617854519,111,0.7991402250921826,0.1903421633067307,"{""type"":""Polygon"",""coordinates"":[[[-134.97570340228907,66.48478374351282],[-134.97727830277347,66.48469419687773],[-134.97872780945642,66.48443268672582],[-134.97993651978527,66.48402003421397],[-134.98080821530974,66.48348909299372],[-134.98127352226288,66.48288213202827],[-134.9812954295921,66.48224746909736],[-134.98087222649187,66.48163562355175],[-134.98003762828014,66.48109529491678],[-134.97885808381383,66.48066948746514],[-134.97742748153175,66.48039208891385],[-134.97585967696676,66.48028517500745],[-134.97427943621346,66.48035725390498],[-134.97281251426506,66.48060258961293],[-134.97157565495246,66.48100165810665],[-134.9706673053604,66.48152269997699],[-134.9701597815993,66.4821242464692],[-134.97009350886222,66.48275841846782],[-134.97047379537418,66.48337473643046],[-134.97127039958605,66.48392413838762],[-134.97241992826994,66.48436288622996],[-134.97383087747838,66.48465604904487],[-134.97539091671337,66.48478028567209],[-134.97570340228907,66.48478374351282]]]}"
112_112,0.18270858980798768,112,0.3717475792090959,0.18903898940110822,"{""type"":""Polygon"",""coordinates"":[[[-134.80122282027253,66.37193022904412],[-134.8027906269485,66.37184068245149],[-134.80423360480233,66.37157917241367],[-134.80543687119086,66.37116652005191],[-134.80630464105167,66.37063557897095],[-134.8067678529708,66.37002861809047],[-134.80678966239094,66.36939395516374],[-134.8063683659752,66.36878210954023],[-134.8055375269907,66.36824178076955],[-134.80436329491368,66.36781597316676],[-134.80293913534942,66.36753857449601],[-134.8013783911912,66.36743166053918],[-134.7998052668316,66.36750373947099],[-134.79834495111552,66.36774907528725],[-134.79711366224544,66.36814814392952],[-134.79620940396705,66.3686691859423],[-134.79570416660917,66.36927073252637],[-134.79563819310846,66.36990490453765],[-134.7960167675469,66.37052122242976],[-134.79680978436852,66.3710706242552],[-134.79795413573964,66.37150937194576],[-134.79935872984123,66.37180253463619],[-134.8009117422282,66.37192677120507],[-134.80122282027253,66.37193022904412]]]}"
113_113,0.5716834090021178,113,1.1318373959477939,0.5601539869456761,"{""type"":""Polygon"",""coordinates"":[[[-134.5884180206135,66.5554988364631],[-134.58999740208748,66.55540928980123],[-134.5914510328753,66.55514777957734],[-134.5926631820096,66.55473512697073],[-134.59353735727916,66.55420418566256],[-134.59400398761176,66.55359722464344],[-134.59402595678458,66.55296256170989],[-134.5936015492753,66.55235071621348],[-134.59276457644964,66.55181038766418],[-134.5915816762763,66.55138458030795],[-134.59014700428781,66.55110718183202],[-134.58857473983832,66.55100026795748],[-134.586990003835,66.55107234683337],[-134.58551890889237,66.55131768247297],[-134.58427853086715,66.5517167508729],[-134.58336759689053,66.55223779265334],[-134.5828586288615,66.55283933908756],[-134.58279216710088,66.55347351107821],[-134.58317353508525,66.55408982908536],[-134.58397240536286,66.55463923112565],[-134.58512520442966,66.55507797906381],[-134.58654016800654,66.5553711419573],[-134.58810464593373,66.55549537862134],[-134.5884180206135,66.5554988364631]]]}"
114_114,1.0706402679019988,114,1.1329348937505346,0.062294625848535734,"{""type"":""Polygon"",""coordinates"":[[[-135.15743656415953,66.42407131288235],[-135.15900763963242,66.42398176627013],[-135.16045362594332,66.42372025617973],[-135.16165940087703,66.4233076037488],[-135.16252897966774,66.42277666260364],[-135.1629931569706,66.422169701684],[-135.16301501150758,66.42153503875534],[-135.16259283650015,66.42092319316774],[-135.16176026527955,66.4203828644596],[-135.16058358527536,66.41995705692646],[-135.15915645693283,66.41967965831078],[-135.1575924593675,66.4195727443772],[-135.15601605580227,66.4196448232932],[-135.154552695961,66.41989015905955],[-135.1533188402538,66.42028922763335],[-135.15241269671517,66.42081026958047],[-135.15190640579272,66.42141181612222],[-135.15184029440593,66.42204598812766],[-135.15221965776144,66.42266230605226],[-135.1530143276381,66.4232117079384],[-135.1541610646936,66.42365045569893],[-135.1555685872018,66.42394361844674],[-135.15712483753066,66.42406785504251],[-135.15743656415953,66.42407131288235]]]}"
115_115,-1.2390957585460598,115,0.6869897609803735,1.9260855195264333,"{""type"":""Polygon"",""coordinates"":[[[-135.19485909122432,66.34023792028822],[-135.19642491833616,66.34014837370744],[-135.197866074286,66.33988686370145],[-135.19906782151403,66.3394742113816],[-135.19993449589694,66.33894327033953],[-135.20039712318473,66.33833630948278],[-135.20041890528168,66.33770164655722],[-135.19999814093552,66.33708980091195],[-135.19916835098292,66.33654947210339],[-135.19799560135672,66.33612366445838],[-135.19657323966803,66.33584626575431],[-135.1950144657551,66.33573935178339],[-135.1934433272644,66.33581143072476],[-135.19198485505353,66.33605676657128],[-135.1907551206455,66.336455835255],[-135.18985200406965,66.33697687730755],[-135.18934740474393,66.33757842391728],[-135.18928151474566,66.33821259593208],[-135.1896596114198,66.33882891380449],[-135.19045162716043,66.33937831559317],[-135.19159453377478,66.33981706324134],[-135.19299735445045,66.34011022589702],[-135.19454840595893,66.34023446244963],[-135.19485909122432,66.34023792028822]]]}"
116_116,-0.8940977960906784,116,-0.9520274717682583,-0.057929675677579895,"{""type"":""Polygon"",""coordinates"":[[[-135.2310959296129,66.56237070786663],[-135.2326757480236,66.56228116120216],[-135.2341297809487,66.56201965097122],[-135.2353422653973,66.56160699835539],[-135.23621668246415,66.56107605703865],[-135.236683441838,66.56046909601432],[-135.23670541704098,66.5598344330805],[-135.23628089209092,66.55922258758889],[-135.23544368771908,66.55868225904793],[-135.2342604603343,66.55825645170101],[-135.23282539151307,66.55797905323243],[-135.23125269218508,66.55787213936098],[-135.2296675178548,66.55794421823477],[-135.22819601600796,66.5581895538677],[-135.2269552948768,66.5585886222585],[-135.22604410889952,66.55910966403017],[-135.22553500004128,66.55971121045873],[-135.22546851984907,66.56034538244859],[-135.22584999328657,66.5609617004601],[-135.22664908452577,66.56151110250849],[-135.22780220248418,66.56194985045599],[-135.22921755749803,66.56224301335715],[-135.23078246823755,66.56236725002475],[-135.2310959296129,66.56237070786663]]]}"
117_117,-3.409617982960538,117,-3.4979183771190576,-0.08830039415851942,"{""type"":""Polygon"",""coordinates"":[[[-135.32004527016778,66.6527890529656],[-135.32163086241107,66.65269950626663],[-135.3230902093158,66.65243799594298],[-135.3243071247223,66.65202534320512],[-135.32518473697993,66.65149440177518],[-135.32565320154671,66.65088744068176],[-135.32567525643222,66.65025277774454],[-135.32524917957787,66.64964093231627],[-135.32440891547515,66.64910060388563],[-135.3232213642071,66.64867479666155],[-135.32178105150467,66.64839739829004],[-135.32020260554592,66.64829048445961],[-135.31861163901593,66.64836256330554],[-135.31713476020013,66.64860789885043],[-135.31588950515075,66.64900696712049],[-135.31497498915002,66.64952800877639],[-135.3144640193257,66.65012955513028],[-135.31439729556953,66.65076372710985],[-135.31478016249855,66.6513800451787],[-135.31558217359873,66.65192944733414],[-135.3167395054995,66.652368195405],[-135.31816003309538,66.65266135840733],[-135.31973066316644,66.65278559512237],[-135.32004527016778,66.6527890529656]]]}"
118_118,3.983957738378386,118,4.461499518640946,0.4775417802625599,"{""type"":""Polygon"",""coordinates"":[[[-134.9024756472745,66.45514751590048],[-134.90404867806922,66.45505796927658],[-134.90549646397216,66.45479645915474],[-134.90670373946148,66.45438380668243],[-134.90757440031337,66.45385286549887],[-134.90803915508658,66.45324590455581],[-134.90806103661083,66.452611241626],[-134.907638336049,66.45199939605988],[-134.9068047286433,66.45145906738915],[-134.90562658434396,66.45103325989768],[-134.90419768014507,66.4507558613149],[-134.90263173646508,66.45064894739522],[-134.90105337135304,66.45072102630178],[-134.8995881905847,66.45096636203829],[-134.89835279945314,66.45136543057113],[-134.89744552819386,66.451886472479],[-134.89693860705216,66.45248801899542],[-134.89687241318433,66.45312219099738],[-134.89725224845182,66.45373850894143],[-134.89804790714868,66.45428791086388],[-134.8991960712672,66.45472665866623],[-134.90060534548303,66.45501982144835],[-134.9021635326768,66.4551440580602],[-134.9024756472745,66.45514751590048]]]}"
119_119,-1.5737523327926821,119,-1.0977745945319664,0.47597773826071577,"{""type"":""Polygon"",""coordinates"":[[[-135.24295536875047,66.41526145309167],[-135.24452589087306,66.4151719064828],[-135.24597136790464,66.41491039640128],[-135.24717671818544,66.41449774398205],[-135.24804599075597,66.41396680284777],[-135.2485100046363,66.41335984193475],[-135.2485318515359,66.41272517900642],[-135.24810982525875,66.41211333341273],[-135.24727754727553,66.41157300469402],[-135.24610128166265,66.41114719714909],[-135.24467465588236,66.41086979852409],[-135.24311120906194,66.41076288458657],[-135.24153536060888,66.41083496350524],[-135.24007251608475,66.41108029928006],[-135.23883909489822,66.41147936786543],[-135.23793327050126,66.41200040982366],[-135.23742715792898,66.41260195637257],[-135.23736106988397,66.41323612837901],[-135.2377402996897,66.41385244629812],[-135.23853468973303,66.414401848174],[-135.23968102293387,66.41484059592267],[-135.2410880497139,66.41513375866077],[-135.24264375191567,66.41525799525199],[-135.24295536875047,66.41526145309167]]]}"
120_120,1.3338521799772232,120,0.007971032757949928,-1.3258811472192733,"{""type"":""Polygon"",""coordinates"":[[[-134.550985580901,66.41878208476777],[-134.55255632410444,66.41869253815756],[-134.55400200460915,66.4184310280725],[-134.55520752455215,66.41801837564859],[-134.5560769194673,66.41748743450995],[-134.55654099864003,66.41688047359429],[-134.55656284859103,66.41624581066584],[-134.55614076289146,66.41563396507458],[-134.55530836775065,66.4150936363601],[-134.55413193657543,66.41466782881987],[-134.5527051100057,66.4143904301986],[-134.55114144314535,66.41428351626264],[-134.5495653729075,66.41435559518027],[-134.54810232249798,66.41460093095168],[-134.54686872770674,66.41499999953243],[-134.54596277580268,66.41552104148623],[-134.54545659197387,66.41612258803227],[-134.54539049460308,66.41675676003831],[-134.54576977776614,66.41737307795961],[-134.54656427961172,66.41792247983959],[-134.54771077416518,66.41836122759301],[-134.5491179990042,66.41865439033498],[-134.55067392020004,66.41877862692803],[-134.550985580901,66.41878208476777]]]}"
121_121,7.769346423208365,121,2.59227333815949,-5.177073085048875,"{""type"":""Polygon"",""coordinates"":[[[-134.5409452927917,66.45189916955046],[-134.54251811895026,66.4518096229278],[-134.54396571651515,66.45154811280923],[-134.5451728349624,66.45113546034126],[-134.54604338257013,66.45060451916173],[-134.54650807690763,66.44999755822111],[-134.54652995560755,66.44936289529142],[-134.54610731004811,66.44875104972304],[-134.54527381108537,66.44821072104841],[-134.54409582003328,66.44778491355258],[-134.5426671016883,66.44750751496636],[-134.5411013616808,66.44740060104522],[-134.53952320185633,66.44747267995277],[-134.53805821165884,66.44771801569239],[-134.53682298121862,66.44811708422952],[-134.53591582798202,66.4486381261415],[-134.53540897279655,66.44923967266058],[-134.53534278756086,66.4498738446629],[-134.53572257343998,66.45049016260492],[-134.53651812865095,66.45103956452357],[-134.5376661434188,66.45147831232154],[-134.53907523430792,66.45177147510007],[-134.54063321879724,66.45189571171022],[-134.5409452927917,66.45189916955046]]]}"
122_122,1.5621389605288003,122,2.953442037864208,1.3913030773354078,"{""type"":""Polygon"",""coordinates"":[[[-134.5445241899424,66.57663350629021],[-134.54610491607448,66.57654395962032],[-134.54755978442617,66.5762824493748],[-134.548772965479,66.57586979673977],[-134.54964788487158,66.57533885540522],[-134.55011491232418,66.57473189437003],[-134.55013690005455,66.57409723143569],[-134.54971213112518,66.57348538595403],[-134.54887444572392,66.57294505743042],[-134.54769053856836,66.57251925010281],[-134.54625464534058,66.57224185164951],[-134.54468104256713,66.57213493778451],[-134.54309495762737,66.5722070166539],[-134.54162261045082,66.572452352273],[-134.54038117652863,66.57285142064481],[-134.53946946702837,66.57337246239828],[-134.53896006560228,66.5739740088151],[-134.5388935471189,66.57460818080335],[-134.53927523963165,66.57522449882386],[-134.5400747899112,66.57577390088909],[-134.54122857035617,66.576212648856],[-134.5426447385671,66.57650581177305],[-134.54421054845974,66.57663004844814],[-134.5445241899424,66.57663350629021]]]}"
123_123,2.5815221524349536,123,2.6404033635210946,0.05888121108614097,"{""type"":""Polygon"",""coordinates"":[[[-134.78666899222034,66.64463102303814],[-134.7882540616236,66.6445414763423],[-134.7897129273296,66.64427996602704],[-134.79092944149804,66.64386731330022],[-134.79180676442053,66.64333637188052],[-134.7922750745765,66.64272941079335],[-134.79229712224668,66.64209474785646],[-134.79187118592256,66.64148290242244],[-134.79103119888882,66.64094257398182],[-134.7898440391628,66.64051676674661],[-134.7884042013113,66.64023936836634],[-134.78682627572897,66.64013245453218],[-134.7852358337019,66.64020453338061],[-134.7837594417885,66.64044986893349],[-134.78251459730052,66.64084893721447],[-134.78160038284463,66.64136997888086],[-134.78108958153712,66.6419715252415],[-134.78102287983668,66.64260569722202],[-134.78140562058053,66.64322201528566],[-134.7822073672776,66.64377141743142],[-134.78336431759178,66.64421016549112],[-134.78478437679297,66.64450332848429],[-134.7863544889593,66.64462756519502],[-134.78666899222034,66.64463102303814]]]}"
124_124,0.23271479659116845,124,0.26896956500303537,0.03625476841186692,"{""type"":""Polygon"",""coordinates"":[[[-135.0502414159459,66.40642477633716],[-135.05181138346248,66.40633522973161],[-135.05325635005912,66.40607371965902],[-135.05446127472337,66.40566106725151],[-135.05533024037877,66.40513012612811],[-135.05579409046567,66.40452316522176],[-135.0558159297105,66.40388850229375],[-135.05539405250116,66.40327665669398],[-135.0545620684207,66.40273632796465],[-135.0533862181395,66.40231052040791],[-135.05196009606195,66.40203312177356],[-135.05039720123625,66.4019262078321],[-135.04882190915512,66.40199828675345],[-135.04735958111758,66.40224362253672],[-135.04612659543778,66.40264269113372],[-135.04522109090672,66.4031637331031],[-135.04471515708926,66.4037652796592],[-135.044649092439,66.4043994516666],[-135.04502818839183,66.4050157695802],[-135.04582229796682,66.40556517144577],[-135.04696822639647,66.4060039191826],[-135.04837475632343,66.40629708191094],[-135.0499299091543,66.40642131849762],[-135.0502414159459,66.40642477633716]]]}"
125_125,1.0682909522384267,125,-0.24042270159324736,-1.3087136538316742,"{""type"":""Polygon"",""coordinates"":[[[-134.82815063014485,66.18650440573079],[-134.8297069319908,66.18641485920708],[-134.8311393213024,66.18615334935447],[-134.8323337586306,66.18574069723641],[-134.8331951617872,66.1852097563816],[-134.83365497593846,66.18460279563915],[-134.83367662655496,66.1839681327192],[-134.83325842241692,66.18335628696917],[-134.83243368019623,66.18281595797812],[-134.8312680638316,66.18239015012992],[-134.82985435316988,66.18211275126527],[-134.82830505969545,66.18200583722653],[-134.8267434768206,66.18207791621398],[-134.8252938751983,66.1823232522061],[-134.8240716205565,66.18272232108954],[-134.82317399762604,66.18324336333359],[-134.82267246837998,66.18384491006684],[-134.8226069801721,66.18447908209866],[-134.82298277793285,66.18509539987625],[-134.82376997666572,66.18564480148783],[-134.82490593139553,66.18608354893196],[-134.8263002186991,66.18637671142028],[-134.827841834853,66.18650094789446],[-134.82815063014485,66.18650440573079]]]}"
127_127,-2.6945403949618223,127,-1.9745138232006092,0.7200265717612131,"{""type"":""Polygon"",""coordinates"":[[[-135.34025352064228,66.59544154892596],[-135.34183544551274,66.59535200224889],[-135.34329141713016,66.59509049198412],[-135.3445055181196,66.59467783932375],[-135.34538110088414,66.59414689796571],[-135.34584848236184,66.59353993691616],[-135.34587048663576,66.5929052739811],[-135.34544539550677,66.5922934285126],[-135.34460707485732,66.59175310001191],[-135.34342226999547,66.5913272927098],[-135.34198528805527,66.59104989427665],[-135.34041049219059,66.59094298042018],[-135.33882320469874,66.59101505928378],[-135.3373497411786,66.59126039488459],[-135.33610736594355,66.59165946323135],[-135.33519496507807,66.59218050496078],[-135.33468517728625,66.59278205136208],[-135.33461860823542,66.5934162233482],[-135.3350005900591,66.59403254138061],[-135.33580074654785,66.59458194346806],[-135.3369554018736,66.59502069146059],[-135.33837264399392,66.59531385439864],[-135.33993964130968,66.5954380910836],[-135.34025352064228,66.59544154892596]]]}"
129_129,1.6736514933342312,129,1.0968171429129419,-0.5768343504212894,"{""type"":""Polygon"",""coordinates"":[[[-134.72671172500682,66.64144672483587],[-134.72829659043384,66.64135717814123],[-134.72975526840915,66.64109566782925],[-134.73097162604208,66.64068301510675],[-134.73184883608587,66.64015207369106],[-134.73231708600136,66.63954511260633],[-134.73233913085656,66.63891044966954],[-134.73191324935775,66.6382986042333],[-134.73107337041722,66.63775827578877],[-134.72988636344405,66.63733246854925],[-134.7284467108467,66.63705507016553],[-134.72686898827953,66.63694815632992],[-134.72527875087746,66.63702023517935],[-134.7238025489199,66.63726557073532],[-134.72255786460482,66.63766463902058],[-134.72164376779097,66.63818568069105],[-134.72113303222713,66.63878722705434],[-134.7210663391313,66.6394213990352],[-134.72144903064637,66.64003771709682],[-134.7222506741915,66.6405871192388],[-134.72340747563683,66.64102586729415],[-134.7248273521026,66.64131903028374],[-134.72639726221811,66.64144326699282],[-134.72671172500682,66.64144672483587]]]}"
130_130,4.969906662925589,130,2.93364620703015,-2.036260455895439,"{""type"":""Polygon"",""coordinates"":[[[-134.8873626040901,66.59752722839568],[-134.8889446620147,66.59743768171782],[-134.8904007560893,66.59717617145091],[-134.89161495918722,66.59676351878775],[-134.89249061558286,66.59623257742709],[-134.89295803635557,66.59562561637594],[-134.89298004246572,66.59499095344081],[-134.89255491557415,66.59437910797378],[-134.89171652441522,66.59383877947562],[-134.89053161991234,66.59341297217635],[-134.88909451713033,66.59313557374543],[-134.88751958883836,66.5930286598899],[-134.8859321678691,66.59310073875287],[-134.88445858044025,66.59334607435166],[-134.88321610072404,66.59374514269561],[-134.88230362312035,66.59426618442238],[-134.88179379244386,66.59486773082195],[-134.8817272177802,66.59550190280784],[-134.88210923171602,66.59611822084159],[-134.88290945549105,66.5966676229315],[-134.88406420792433,66.59710637092685],[-134.88548156924335,66.59739953386726],[-134.88704869835732,66.59752377055328],[-134.8873626040901,66.59752722839568]]]}"
131_131,1.2146527594888126,131,1.3159737627135815,0.10132100322476889,"{""type"":""Polygon"",""coordinates"":[[[-134.59195357815852,66.48938021374956],[-134.5935287690609,66.48929066711274],[-134.59497854303174,66.48902915695616],[-134.59618747623352,66.48861650443817],[-134.59705933247312,66.48808556321221],[-134.59752472519605,66.48747860224329],[-134.5975466365335,66.48684393931221],[-134.5971233553742,66.4862320937698],[-134.59628860326112,66.48569176514039],[-134.59510884130756,66.48526595769493],[-134.59367797526312,66.4849885591485],[-134.59210988164781,66.48488164524417],[-134.59052934955216,66.4849537241403],[-134.58906215714717,66.48519905984382],[-134.58782506978278,66.48559812833146],[-134.58691655269382,66.48611917019598],[-134.5864089353281,66.48672071668443],[-134.58634265034027,66.48735488868255],[-134.58672300694374,66.48797120664806],[-134.58751975802198,66.4885206086106],[-134.58866949866317,66.48895935645916],[-134.59008070804734,66.48925251927916],[-134.59164103495894,66.48937675590876],[-134.59195357815852,66.48938021374956]]]}"
132_132,-0.15744511816181211,132,-0.2618465640160948,-0.10440144585428268,"{""type"":""Polygon"",""coordinates"":[[[-135.4389215763503,66.6649188485804],[-135.44050794667757,66.66482930187678],[-135.44196800969627,66.66456779154065],[-135.44318552222026,66.66415513878634],[-135.44406356506278,66.66362419734115],[-135.4445322594217,66.66301723623842],[-135.44455432504492,66.66238257330075],[-135.44412803905513,66.661770727881],[-135.44328736262187,66.66123039946521],[-135.44209922866582,66.6608045922577],[-135.44065820929634,66.66052719389928],[-135.4390789889199,66.66042028007436],[-135.4374872418314,66.66049235891653],[-135.4360096384136,66.66073769444957],[-135.43476377237187,66.66113676270336],[-135.4338488076159,66.66165780434368],[-135.43333758700686,66.66225935068749],[-135.43327083042766,66.6628935226657],[-135.4336538851438,66.66350984074225],[-135.43445628972532,66.66405924291212],[-135.4356141894984,66.6644979909996],[-135.43703541415346,66.66479115401555],[-135.43860681496395,66.66491539073698],[-135.4389215763503,66.6649188485804]]]}"
133_133,1.2008476326892372,133,0.8400766868851014,-0.3607709458041358,"{""type"":""Polygon"",""coordinates"":[[[-134.7653825369187,66.6023882501155],[-134.7669649050431,66.60229870343578],[-134.76842128461178,66.6020371931639],[-134.7696357257634,66.60162454049416],[-134.770511553821,66.60109359912742],[-134.77097906620543,66.60048663807257],[-134.77100107659658,66.59985197513726],[-134.77057586632876,66.59924012967362],[-134.7697373107855,66.5986998011814],[-134.76855217398153,66.59827399388872],[-134.7671147894714,66.59799659546303],[-134.76553955244103,66.59788968160969],[-134.7639518202852,66.59796176047116],[-134.7624779439781,66.59820709606522],[-134.76123522067664,66.5986061644027],[-134.7603225641671,66.59912720612324],[-134.75981263351,66.5997287525188],[-134.75974604576086,66.60036292450413],[-134.7601281345622,66.60097924254096],[-134.76092851520704,66.60152864463663],[-134.76208349403484,66.60196739263861],[-134.7635011332514,66.60226055558445],[-134.76506856963704,66.60238479227301],[-134.7653825369187,66.6023882501155]]]}"
134_134,-0.49888914284540503,134,-0.25766766190466134,0.2412214809407437,"{""type"":""Polygon"",""coordinates"":[[[-135.57730612443078,66.39452044752719],[-135.5788753454879,66.3944309009261],[-135.58031962507602,66.3941693908655],[-135.5815239768912,66.39375673847381],[-135.582392529461,66.39322579736506],[-135.5828561590938,66.39261883646765],[-135.5828779880358,66.3919841735401],[-135.58245631146087,66.39137232793212],[-135.58162472295223,66.3908319991885],[-135.58044943167747,66.39040619161587],[-135.57902398754737,66.39012879296894],[-135.57746183566672,66.39002187902216],[-135.57588729242192,66.39009395794713],[-135.57442565953804,66.3903392937418],[-135.57319326001883,66.39073836235443],[-135.57228818600404,66.3912594043388],[-135.57178249277763,66.39186095090456],[-135.57171645961492,66.3924951229133],[-135.57209537541138,66.39311144081948],[-135.57288910749625,66.39366084267118],[-135.5740344911332,66.39409959039203],[-135.57544035233195,66.39439275310728],[-135.57699476574933,66.39451698968782],[-135.57730612443078,66.39452044752719]]]}"
135_135,4.177299029548384,135,4.525637307795667,0.34833827824728303,"{""type"":""Polygon"",""coordinates"":[[[-134.86339836528774,66.47311521593595],[-134.8649725290478,66.47302566930529],[-134.86642135768216,66.47276415916522],[-134.8676295026332,66.47235150666894],[-134.86850079045985,66.47182056546315],[-134.86896587983452,66.47121360450653],[-134.8689877769957,66.47057894157605],[-134.86856477191353,66.46996709602237],[-134.86773056411468,66.4694267673733],[-134.86655157136394,66.46900095990597],[-134.86512163818702,66.46872356134226],[-134.8635545668769,66.46861664743064],[-134.86197506519292,66.4686887263317],[-134.8605088293314,66.46893406205092],[-134.85927254853436,66.46933313056006],[-134.85836462384378,66.4698541724452],[-134.85785733753622,66.47045571894694],[-134.8577910958765,66.47108989094689],[-134.8581712045821,66.47170620890219],[-134.85896743622746,66.47225561084566],[-134.86011642722406,66.47269435867226],[-134.86152671642574,66.47298752147425],[-134.86308602589057,66.47311175809541],[-134.86339836528774,66.47311521593595]]]}"
136_136,2.547610199082389,136,3.1063949439260705,0.5587847448436816,"{""type"":""Polygon"",""coordinates"":[[[-135.0328364611869,66.57867082225631],[-135.03441731707218,66.57858127558563],[-135.035872304843,66.57831976533804],[-135.03708558547112,66.57790711270026],[-135.037960576668,66.57737617136318],[-135.03842764244084,66.57676921032642],[-135.03844963196192,66.576134547392],[-135.03802482815718,66.57552270191178],[-135.03718707399574,66.57498237339064],[-135.03600306967112,66.57455656606581],[-135.0345670585995,66.57427916761468],[-135.03299332668408,66.57417225375059],[-135.03140711157832,66.57424433261937],[-135.02993464356706,66.57448966823648],[-135.02869310775577,66.57488873660559],[-135.02778132342115,66.57540977835646],[-135.02727188017423,66.57601132477159],[-135.0272053562174,66.5766454967596],[-135.0275870800456,66.57726181478141],[-135.0283866959421,66.57781121684904],[-135.02954057108548,66.57824996481871],[-135.03095685553794,66.57854312773804],[-135.032522793959,66.57866736441419],[-135.0328364611869,66.57867082225631]]]}"
137_137,0.7043598390316372,137,0.6389250158413858,-0.0654348231902514,"{""type"":""Polygon"",""coordinates"":[[[-135.12367455608253,66.1934072321109],[-135.1252312828993,66.19331768558463],[-135.1266640633355,66.19305617572519],[-135.12785882679586,66.19264352359814],[-135.12872046512902,66.19211258273495],[-135.12918040478897,66.19150562198739],[-135.1292020612717,66.1908709590672],[-135.12878374290983,66.19025911332184],[-135.12795877548402,66.18971878433894],[-135.12679284086795,66.18929297649981],[-135.1253787442393,66.18901557764234],[-135.1238290277936,66.18890866360661],[-135.12226701859342,66.18898074259202],[-135.1208170212084,66.18922607857765],[-135.11959443285576,66.18962514745216],[-135.11869656482565,66.19014618968767],[-135.11819489860775,66.1907477364154],[-135.11812939247417,66.19138190844646],[-135.1185052928015,66.19199822622826],[-135.11929270644592,66.19254762784776],[-135.12042897133503,66.192986375301],[-135.12182363935602,66.1932795377968],[-135.12336567646932,66.19340377427447],[-135.12367455608253,66.1934072321109]]]}"
139_139,-0.8896102000699843,139,-0.29110829711014113,0.5985019029598431,"{""type"":""Polygon"",""coordinates"":[[[-135.19491449761097,66.45305241216451],[-135.1964873964137,66.45296286554141],[-135.19793506083707,66.4527013554217],[-135.199142235033,66.45228870295217],[-135.2000128228415,66.45175776177122],[-135.20047753863315,66.45115080082974],[-135.2004994183357,66.4505161379],[-135.20007675325084,66.44990429233243],[-135.19924321579174,66.44936396365918],[-135.1980651703381,66.44893815616489],[-135.1966363860165,66.44866075757989],[-135.19507057370691,66.44855384365927],[-135.19349234100702,66.44862592256648],[-135.19202728315844,66.44887125830499],[-135.19079199567406,66.44927032684059],[-135.1898848005404,66.44979136875112],[-135.189377921941,66.45039291526925],[-135.18931173364098,66.45102708727144],[-135.18969153705257,66.45164340521418],[-135.19048712900016,66.45219280713418],[-135.1916351967863,66.45263155493372],[-135.19304435275492,66.45292471771351],[-135.1946024092027,66.45304895432427],[-135.19491449761097,66.45305241216451]]]}"
140_140,-0.4680714144741611,140,-0.1558647573417109,0.3122066571324502,"{""type"":""Polygon"",""coordinates"":[[[-135.6141447204868,66.36151222501411],[-135.61571187582877,66.36142267842537],[-135.61715425422335,66.36116116839804],[-135.61835702076405,66.36074851605007],[-135.6192244301809,66.36021757498189],[-135.61968744973944,66.35961061410924],[-135.61970925016948,66.35897595118288],[-135.61928812882013,66.35836410555221],[-135.6184576349975,66.35782377676905],[-135.6172838906898,66.3573979691524],[-135.61586032267866,66.35712057047068],[-135.61430022678815,66.35701365650921],[-135.61272775583691,66.35708573544416],[-135.61126804668743,66.35733107127038],[-135.61003726928038,66.35773013992628],[-135.60913338665523,66.35825118195214],[-135.60862835922848,66.35885272854468],[-135.60856241320252,66.35948690055712],[-135.60894083044272,66.36010321844273],[-135.6097335178797,66.36065262025606],[-135.610877393884,66.36109136793269],[-135.61228140447705,66.36138453061167],[-135.61383377167815,66.36150876717522],[-135.6141447204868,66.36151222501411]]]}"
141_141,-1.0183002052701868,141,-1.3929563807507048,-0.374656175480518,"{""type"":""Polygon"",""coordinates"":[[[-134.70505389678772,66.19399901622819],[-134.7066106600494,66.1939094697017],[-134.70804347402787,66.19364795984166],[-134.70923826545686,66.19323530771383],[-134.71009992395844,66.19270436684994],[-134.71055987438183,66.19209740610194],[-134.7105815313677,66.19146274318173],[-134.7101632032101,66.19085089743676],[-134.70933821647102,66.19031056845458],[-134.70817225456213,66.18988476061621],[-134.70675812483353,66.18960736175934],[-134.70520837211436,66.1895004477239],[-134.70364632635315,66.18957252670913],[-134.7021962950281,66.1898178626942],[-134.7009736780569,66.19021693156795],[-134.70007578900737,66.1907379738027],[-134.699574111043,66.19133952052998],[-134.69950860337212,66.19197369256096],[-134.69988451249537,66.19259001034314],[-134.7006719445703,66.19313941196332],[-134.7018082360582,66.19357815941733],[-134.70320293672904,66.19387132191376],[-134.7047450099432,66.19399555839175],[-134.70505389678772,66.19399901622819]]]}"
142_142,0.788598195548357,142,1.2893636714387142,0.5007654758903572,"{""type"":""Polygon"",""coordinates"":[[[-134.97818198455474,66.27944935217468],[-134.97974402998346,66.27935980561654],[-134.98118170543785,66.27909829567143],[-134.9823805505194,66.27868564343167],[-134.98324513214232,66.27815470246392],[-134.98370664257132,66.27754774165254],[-134.9837283724698,66.27691307872921],[-134.98330862456808,66.27630123304235],[-134.98248083864576,66.27576090416137],[-134.98131092103756,66.27533509643571],[-134.97989199394308,66.2750576976679],[-134.9783369839135,66.27495078367008],[-134.97676963915274,66.27502286262974],[-134.97531468870542,66.27526819853404],[-134.97408792388308,66.27566726729704],[-134.97318698837213,66.27618830942556],[-134.97268360791787,66.27678985608433],[-134.9726178774381,66.2774240281059],[-134.9729950614083,66.27804034594067],[-134.97378516472102,66.27858974765905],[-134.97492531132679,66.27902849522626],[-134.97632474411745,66.2793216578155],[-134.9778720496391,66.27944589433699],[-134.97818198455474,66.27944935217468]]]}"
144_144,4.470196192600368,144,4.215527011558049,-0.2546691810423187,"{""type"":""Polygon"",""coordinates"":[[[-134.89815570038422,66.66702706355343],[-134.89974220603128,66.66693751684902],[-134.90120239359229,66.6666760065107],[-134.90242000996344,66.66626335375355],[-134.90329812769073,66.66573241230569],[-134.90376686201373,66.66512545120135],[-134.9037889295044,66.6644907882636],[-134.903362607143,66.66387894284536],[-134.90252185899965,66.66333861443215],[-134.90133362370597,66.6629128072275],[-134.89989248143715,66.66263540887137],[-134.89831312637853,66.6625284950474],[-134.8967212435399,66.66260057388891],[-134.89524351410358,66.66284590941989],[-134.8939975418017,66.66324497767086],[-134.89308249900085,66.66376601930845],[-134.89257123477682,66.66436756565052],[-134.89250447248924,66.66500173762849],[-134.8928875598642,66.66561805570637],[-134.89369003287763,66.66616745787876],[-134.89484803141173,66.66660620596913],[-134.89626937729523,66.66689936898746],[-134.89784091214813,66.66702360571],[-134.89815570038422,66.66702706355343]]]}"
145_145,-0.08821780460657236,145,-0.2401336774716657,-0.15191587286509334,"{""type"":""Polygon"",""coordinates"":[[[-135.4078276292919,66.33568286189828],[-135.40939317233594,66.33559331531919],[-135.41083406684226,66.3353318053178],[-135.41203559607047,66.33491915300397],[-135.41290211325207,66.33438821196745],[-135.41336465664511,66.33378125111413],[-135.41338643482115,66.33314658818874],[-135.41296574682707,66.33253474254035],[-135.4121361074107,66.33199441372633],[-135.4109635705165,66.33156860607528],[-135.4095414668233,66.3312912073664],[-135.40798297564098,66.33118429339346],[-135.40641212212284,66.33125637233621],[-135.40495391445538,66.33150170818706],[-135.40372440311293,66.33190077687674],[-135.40282145037162,66.332421818935],[-135.40231694260362,66.33302336554841],[-135.4022510645879,66.33365753756372],[-135.40262909270277,66.33427385543331],[-135.40342096478807,66.3348232572167],[-135.40456366407955,66.3352620048588],[-135.40596623026826,66.33555516750948],[-135.40751700039036,66.33567940405976],[-135.4078276292919,66.33568286189828]]]}"
146_146,1.2223283682845534,146,1.332819440625957,0.11049107234140365,"{""type"":""Polygon"",""coordinates"":[[[-134.5778073814688,66.36361085178092],[-134.5793746679693,66.3635213051914],[-134.58081716707645,66.36325979516195],[-134.58202003427104,66.36284714281119],[-134.58288751627018,66.36231620174046],[-134.58335057456418,66.36170924086622],[-134.58337237680456,66.3610745779398],[-134.58295122020226,66.36046273231057],[-134.5821206568747,66.35992240352992],[-134.58094681434534,66.35949659591606],[-134.5795231272137,66.35921919723656],[-134.5779629007821,66.359112283276],[-134.57639029825464,66.35918436221031],[-134.57493046696135,66.35942969803455],[-134.5736995865615,66.3598287666877],[-134.57279562829137,66.36034980871092],[-134.57229055859096,66.36095135530174],[-134.5722246070325,66.36158552731395],[-134.57260305592754,66.36220184520087],[-134.5733958096924,66.36275124701666],[-134.5745397814209,66.3631899946961],[-134.5759439095145,66.36348315737739],[-134.57749640663607,66.36360739394199],[-134.5778073814688,66.36361085178092]]]}"
147_147,6.877864127335154,147,7.445723020604866,0.5678588932697126,"{""type"":""Polygon"",""coordinates"":[[[-134.8682774132832,66.2038060672751],[-134.86983478078278,66.20371652074498],[-134.87126815087544,66.2034550108752],[-134.87246340601013,66.20304235873458],[-134.87332539889366,66.2025114178588],[-134.87378552776948,66.20190445710354],[-134.87380719309613,66.20126979418299],[-134.87338870253123,66.20065794844467],[-134.87256339558786,66.20011761947406],[-134.8713969811783,66.1996918116486],[-134.86998230266897,66.19941441280191],[-134.868431948555,66.19930749877076],[-134.86686929663009,66.19937957775306],[-134.86541870259632,66.1996249137289],[-134.86419561114377,66.20002398258997],[-134.86329737360327,66.20054502481258],[-134.8627955008877,66.20114657153202],[-134.86272996772942,66.20178074356193],[-134.86310602268523,66.20239706135011],[-134.86389376032866,66.20294646298153],[-134.8650304928115,66.2033852104485],[-134.86642573479918,66.20367837295555],[-134.8679684065477,66.20380260943851],[-134.8682774132832,66.2038060672751]]]}"
148_148,0.5818613946420117,148,3.581033612053534,2.9991722174115223,"{""type"":""Polygon"",""coordinates"":[[[-134.81776263129208,66.60901565244596],[-134.81934542254987,66.60892610576373],[-134.82080219155182,66.60866459548505],[-134.82201695742475,66.60825194280638],[-134.8228930196409,66.60772100143133],[-134.82336065698982,66.60711404037143],[-134.82338267322046,66.60647937743585],[-134.82295734922187,66.60586753197687],[-134.8221185694472,66.60532720349272],[-134.82093311576887,66.60490139620906],[-134.8194953469626,66.60462399779047],[-134.81791968879227,66.60451708394014],[-134.816331532157,66.60458916279957],[-134.81485726180046,66.60483449838716],[-134.81361420623224,66.6052335667158],[-134.81270130568308,66.60575460842786],[-134.81219123864565,66.60635615481795],[-134.81212463304703,66.60699032680252],[-134.81250682396993,66.60760664484354],[-134.81330741859585,66.60815604694706],[-134.81446270624104,66.60859479495811],[-134.81588072452857,66.60888795791135],[-134.8174485800536,66.60901219460338],[-134.81776263129208,66.60901565244596]]]}"
149_149,-0.8833671637659232,149,0.26564706360055435,1.1490142273664774,"{""type"":""Polygon"",""coordinates"":[[[-134.77989315966786,66.39848957113357],[-134.781462629522,66.39840002453099],[-134.7829071380919,66.3981385144664],[-134.78411168083926,66.39772586206944],[-134.78498037109165,66.39719492095581],[-134.78544407420242,66.3965879600554],[-134.78546590657837,66.39595329712769],[-134.78504416313143,66.39534145152246],[-134.7842124427776,66.3948011227836],[-134.7830369651845,66.39437531521627],[-134.78161129509263,66.39409791657353],[-134.78004889558636,66.39399100262852],[-134.77847410275237,66.39406308155229],[-134.77701223817184,66.39430841734315],[-134.7757796432837,66.39470748595056],[-134.77487442577663,66.39522852792994],[-134.77436865236058,66.3958300744925],[-134.77430260870298,66.3964642465008],[-134.77468158454604,66.39708056440944],[-134.77547544244945,66.39762996626577],[-134.77662100766727,66.39806871399193],[-134.77802709175495,66.39836187671155],[-134.7795817516209,66.39848611329413],[-134.77989315966786,66.39848957113357]]]}"
150_150,-0.07546711113452251,150,0.016625076196959642,0.09209218733148215,"{""type"":""Polygon"",""coordinates"":[[[-135.55297890575642,66.39151461494995],[-135.5545479384561,66.39142506834999],[-135.5559920446883,66.39116355829243],[-135.55719625195394,66.39075090590472],[-135.55806470028807,66.39021996479968],[-135.55852827429266,66.38961300390451],[-135.55855010063487,66.38897834097708],[-135.55812847468692,66.38836649536702],[-135.5572969859947,66.3878261666198],[-135.55612183577648,66.38740035904316],[-135.55469656271592,66.38712296039306],[-135.5531345983059,66.38701604644494],[-135.55156024401833,66.38708812537082],[-135.55009878654562,66.38733346116837],[-135.54886653493492,66.38773252978494],[-135.54796156955422,66.38825357177309],[-135.5474559370372,66.38885511834128],[-135.5473899118199,66.38948929035038],[-135.54776878215665,66.39010560825467],[-135.54856241898779,66.39065501010288],[-135.54970766515478,66.3910937578197],[-135.55111335761035,66.39138692053164],[-135.55266758444827,66.39151115711063],[-135.55297890575642,66.39151461494995]]]}"
151_151,0.6442795833321286,151,0.7681211688058676,0.12384158547373891,"{""type"":""Polygon"",""coordinates"":[[[-135.1148357594744,66.18733880330849],[-135.11639211267632,66.18724925678447],[-135.11782454925367,66.18698774693104],[-135.1190190259936,66.1865750948119],[-135.1198804575703,66.18604415395609],[-135.12034028688876,66.18543719321299],[-135.12036193821422,66.18480253029303],[-135.11994372027266,66.18419068454357],[-135.11911895083685,66.18365035555351],[-135.1179532960129,66.18322454770639],[-135.11653953870868,66.18294714884262],[-135.1149901941199,66.18284023480423],[-135.11342855972543,66.18291231379145],[-135.11197891027683,66.18315764978279],[-135.11075661530748,66.18355671866514],[-135.10985896275776,66.18407776090815],[-135.10935741695923,66.18467930764074],[-135.10929192658512,66.18531347967246],[-135.1096677367406,66.18592979745056],[-135.11045496144462,66.1864791990631],[-135.11159095365588,66.18691794650833],[-135.1129852869676,66.18721110899754],[-135.11452695399265,66.18733534547215],[-135.1148357594744,66.18733880330849]]]}"
152_152,-0.333689195330627,152,-1.4588433341395997,-1.1251541388089725,"{""type"":""Polygon"",""coordinates"":[[[-135.61144078282362,66.51590774997406],[-135.6130176521043,66.5158182033272],[-135.61446897078045,66.51555669314367],[-135.61567919200505,66.51514404059017],[-135.6165519770465,66.51461309933129],[-135.61701786544845,66.51400613834225],[-135.61703979994996,66.51337147541017],[-135.61661606767302,66.5127596298862],[-135.61578042613573,66.51221930128888],[-135.61459940728426,66.51179349387917],[-135.61316701690944,66.51151609536097],[-135.61159725282045,66.51140918146858],[-135.61001503700473,66.51148126035659],[-135.6085462815824,66.5117265960345],[-135.6073078762654,66.51212566448702],[-135.6063983911815,66.51264670631787],[-135.60589023285775,66.51324825278459],[-135.60582387707038,66.51388242477971],[-135.6062046387453,66.5144987427619],[-135.6070022385906,66.5150481447556],[-135.60815320417112,66.51548689264004],[-135.60956591715825,66.51578005548947],[-135.61112790660547,66.51590429213287],[-135.61144078282362,66.51590774997406]]]}"
153_153,1.1038283883648854,153,1.0476913479478147,-0.05613704041707068,"{""type"":""Polygon"",""coordinates"":[[[-135.0487637711974,66.31893460475439],[-135.05032827073796,66.31884505818155],[-135.05176820484942,66.31858354819695],[-135.05296893327028,66.31817089590523],[-135.05383487298366,66.31763995488922],[-135.05429710819504,66.3170329940484],[-135.05431887196775,66.31639833112364],[-135.0538984644476,66.31578648546376],[-135.0530693780159,66.31524615662977],[-135.051897622578,66.31482034895646],[-135.05047646661367,66.31454295023002],[-135.04891901402297,66.31443603624965],[-135.04734920733222,66.31450811519744],[-135.04589197144674,66.31475345106425],[-135.04466327952056,66.31515251977578],[-135.0437609286141,66.31567356185501],[-135.043256757177,66.31627510848195],[-135.04319092317834,66.31690928049912],[-135.04356869944525,66.31752559835833],[-135.04436004382248,66.31807500012233],[-135.04550198152762,66.31851374774207],[-135.0469036128761,66.31880691037445],[-135.04845334934458,66.31893114691613],[-135.0487637711974,66.31893460475439]]]}"
154_154,0.8770434969503723,154,0.8970985402560445,0.020055043305672204,"{""type"":""Polygon"",""coordinates"":[[[-135.10843851223623,66.32550597011583],[-135.11000342102523,66.32541642354053],[-135.11144373179098,66.32515491354934],[-135.112644774278,66.32474226124894],[-135.11351094046688,66.32421132022489],[-135.11397329654312,66.32360435937917],[-135.11399506596464,66.32296969645415],[-135.11357454844628,66.3223578507988],[-135.11274524514124,66.32181752197263],[-135.11157318322637,66.32139171430805],[-135.11015165557518,66.3211143155885],[-135.1085937956624,66.32100740161106],[-135.1070235784196,66.32107948055686],[-135.10556596141393,66.3213248164174],[-135.1043369481234,66.32172388512036],[-135.10343436118515,66.32224492719138],[-135.10293005784348,66.32284647381302],[-135.10286420658193,66.32348064582946],[-135.10324208162035,66.32409696369274],[-135.1040336329578,66.32464636546433],[-135.10517586934714,66.32508511309287],[-135.1065778673277,66.3253782757324],[-135.10812800918163,66.32550251227747],[-135.10843851223623,66.32550597011583]]]}"
155_155,1.7798799276209758,155,2.3445583970220474,0.5646784694010716,"{""type"":""Polygon"",""coordinates"":[[[-135.06800661284163,66.62113901275251],[-135.0695901787688,66.62104946606564],[-135.07104766074207,66.62078795577452],[-135.0722630211122,66.62037530307947],[-135.07313951202383,66.61984436168926],[-135.07360737815674,66.61923740062007],[-135.0736294050783,66.61860273768404],[-135.07320387286222,66.61799089223355],[-135.0723646825665,66.61745056376421],[-135.0711786487571,66.61702475649702],[-135.0697401763846,66.61674735809147],[-135.0681637471946,66.61664044424663],[-135.06657481342577,66.61671252310232],[-135.06509982164675,66.61695785867812],[-135.06385615776733,66.61735692699054],[-135.0629428104322,66.61787796868707],[-135.0624324937108,66.61847951506715],[-135.06236585543343,66.61911368705034],[-135.06274823331964,66.61973000509906],[-135.06354921970035,66.62027940721694],[-135.06470507272596,66.62071815524452],[-135.06612378501364,66.62101131821134],[-135.06769240789566,66.62113555490976],[-135.06800661284163,66.62113901275251]]]}"
156_156,-0.4756182702400282,156,-0.3977288953961616,0.0778893748438666,"{""type"":""Polygon"",""coordinates"":[[[-135.59454063801002,66.54816148465619],[-135.59611955324223,66.54807193799711],[-135.59757275492183,66.5478104277807],[-135.59878454625246,66.54739777518394],[-135.59965846350755,66.54686683388492],[-135.6001249561442,66.5462598728714],[-135.6001469188824,66.54562520993811],[-135.59972263669053,66.54501336443658],[-135.59888591094068,66.54447303587837],[-135.59770335992465,66.54404722851223],[-135.59626911138417,66.54376983002847],[-135.59469731098028,66.5436629161506],[-135.59311304270227,66.54373499502874],[-135.59164238195459,66.54398033067545],[-135.59040237004723,66.54437939908514],[-135.58949170497274,66.54490044087494],[-135.58898288721815,66.54550198731518],[-135.58891644512534,66.54613615930666],[-135.5892977005839,66.54675247730918],[-135.59009633508012,66.54730187934082],[-135.59124879386746,66.54774062726901],[-135.59266333975404,66.54803379015432],[-135.59422735584047,66.54815802681455],[-135.59454063801002,66.54816148465619]]]}"
157_157,2.0266624289924713,157,1.6282165602699648,-0.39844586872250654,"{""type"":""Polygon"",""coordinates"":[[[-135.0288111513809,66.34442870383106],[-135.030377239943,66.34433915724871],[-135.03181863652023,66.34407764723852],[-135.03302058439087,66.34366499491314],[-135.0338874034587,66.34313405386592],[-135.0343501079615,66.34252709300605],[-135.03437189366716,66.34189243008034],[-135.03395105904815,66.34128058443794],[-135.033121130545,66.34074025563437],[-135.03194818512458,66.34031444799496],[-135.03052558598205,66.34003704929528],[-135.02896655184958,66.33993013532621],[-135.02739515107584,66.34000221426632],[-135.02593643538458,66.34024755010884],[-135.02470649567147,66.34064661878709],[-135.02380322830567,66.34116766083439],[-135.02329854471205,66.34176920744073],[-135.02323264368525,66.34240337945508],[-135.02361080346,66.34301969733009],[-135.0244029514181,66.3435690991236],[-135.0255460488482,66.34400784677739],[-135.02694910374854,66.34430100943766],[-135.02850041423937,66.34442524599241],[-135.0288111513809,66.34442870383106]]]}"
158_158,1.9199698954434639,158,1.8922335146206426,-0.02773638082282126,"{""type"":""Polygon"",""coordinates"":[[[-135.15277940644995,66.59599485344937],[-135.15436136661563,66.5959053067721],[-135.1558173707172,66.59564379650676],[-135.15703149879292,66.59523114384565],[-135.15790710108953,66.59470020248692],[-135.158374492991,66.59409324143694],[-135.15839649775202,66.59345857850187],[-135.1579713971363,66.59284673303375],[-135.15713305778283,66.59230640453373],[-135.15594822648927,66.59188059723239],[-135.15451121249342,66.59160319879985],[-135.15293638149979,66.5914962849436],[-135.1513490586005,66.59156836380704],[-135.14987556221115,66.59181369940733],[-135.14863315926044,66.59221276775332],[-135.14772073803863,66.59273380948204],[-135.14721093887084,66.59333535588289],[-135.14714436833108,66.59396952786894],[-135.14752635867313,66.59458584590172],[-135.14832653301087,66.59513524798983],[-135.1494812140963,66.5955739959831],[-135.1508984878364,66.59586715892178],[-135.1524655201142,66.595991395607],[-135.15277940644995,66.59599485344937]]]}"
160_160,-1.1436447453067216,160,-0.8629138065926583,0.2807309387140633,"{""type"":""Polygon"",""coordinates"":[[[-135.37137368012108,66.31257777388115],[-135.37293778399712,66.3124882273107],[-135.37437735395625,66.31222671733245],[-135.3755777787355,66.31181406504909],[-135.3764434994906,66.31128312404087],[-135.37690561784888,66.3106761632048],[-135.37692737616024,66.31004150028026],[-135.37650707498725,66.30942965461604],[-135.37567819823033,66.30888932577447],[-135.37450673909674,66.30846351809274],[-135.3730859424822,66.30818611935962],[-135.37152888369368,66.30807920537643],[-135.36995947392782,66.30815128432614],[-135.3685026065124,66.30839662019898],[-135.36727422528375,66.30879568891882],[-135.36637210257462,66.30931673100599],[-135.36586805866386,66.30991827763806],[-135.3658022413551,66.31055244965594],[-135.36617992212896,66.3111687675112],[-135.36697106641543,66.31171816926786],[-135.36811271535035,66.31215691687915],[-135.36951399223602,66.31245007950456],[-135.37106333677477,66.31257431604298],[-135.37137368012108,66.31257777388115]]]}"
161_161,-1.7121465082557505,161,-1.7980424721973356,-0.08589596394158505,"{""type"":""Polygon"",""coordinates"":[[[-135.22200312412886,66.46874789473083],[-135.2235770123402,66.46865834810181],[-135.2250255873717,66.46839683796618],[-135.2262335208608,66.46798418547573],[-135.22710465620082,66.46745324427535],[-135.227569664197,66.46684628332201],[-135.22759155755514,66.4662116203917],[-135.22716862653542,66.46559977483498],[-135.2263345647583,66.46505944618066],[-135.22515577835958,66.46463363870747],[-135.22372609544058,66.46435624013911],[-135.2221592983815,66.46424932622551],[-135.22058007312344,66.46432140512795],[-135.21911409387127,66.46456674085137],[-135.2178780294499,66.46496580936626],[-135.21697026368048,66.46548685125691],[-135.21646306618499,66.46608839776223],[-135.21639683614876,66.46672256976267],[-135.21677687835145,66.46733888771524],[-135.2175729706499,66.4678882896536],[-135.21872176054134,66.4683270374743],[-135.22013180288815,66.46862020027145],[-135.22169083940523,66.46874443689035],[-135.22200312412886,66.46874789473083]]]}"
162_162,1.0523863220321619,162,1.3779771713161915,0.3255908492840296,"{""type"":""Polygon"",""coordinates"":[[[-134.5629597047381,66.61433178607346],[-134.56454283558892,66.61424223938918],[-134.56599991713722,66.61398072910505],[-134.56721494362083,66.6135680764192],[-134.56809119376487,66.61303713503752],[-134.56855893140622,66.61243017397354],[-134.5685809523235,66.61179551103777],[-134.56815553704826,66.6111836655825],[-134.56731657731285,66.61064333710485],[-134.5661308693215,66.61021752982842],[-134.56469279209182,66.60994013141553],[-134.56311679592838,66.60983321756761],[-134.5615282986198,66.60990529642541],[-134.56005371201212,66.61015063200783],[-134.5588103897776,66.61054970032934],[-134.55789729337013,66.6110707420346],[-134.55738711687837,66.61167228842031],[-134.55732049695433,66.61230646040427],[-134.55770276983662,66.61292277844866],[-134.55850353619672,66.61347218055847],[-134.5596590716886,66.61391092857677],[-134.56107739420614,66.61420409153598],[-134.5626455861186,66.61432832823081],[-134.5629597047381,66.61433178607346]]]}"
163_163,0.5965663604271955,163,0.6422805259735949,0.0457141655463994,"{""type"":""Polygon"",""coordinates"":[[[-135.1505342524962,66.21845145909793],[-135.15209252329515,66.21836191256241],[-135.1535267247452,66.21810040267809],[-135.154722673092,66.21768775051834],[-135.15558516585654,66.21715680962478],[-135.1560455615079,66.21654984885868],[-135.1560672393035,66.21591518593758],[-135.1556485059493,66.2153033402092],[-135.15482272031971,66.2147630112559],[-135.15365562944885,66.21433720344973],[-135.15224013054532,66.21405980461827],[-135.15068887738235,66.21395289059356],[-135.14912531927916,66.21402496957148],[-135.1476738840297,66.2142703055335],[-135.14645008325613,66.21466937437563],[-135.1455513247425,66.21519041658007],[-135.1450491608855,66.21579196328778],[-135.14498358962499,66.21642613531608],[-135.14535986259162,66.21704245311328],[-135.1461480570416,66.2175918547615],[-135.14728544878534,66.21803060224781],[-135.14868150000933,66.21832376477073],[-135.15022506653082,66.21844800126114],[-135.1505342524962,66.21845145909793]]]}"
165_165,0.023791938945568004,165,-0.3100989247233419,-0.3338908636689099,"{""type"":""Polygon"",""coordinates"":[[[-135.48942236574453,66.56595289632591],[-135.49100241202768,66.56586334966008],[-135.49245665467654,66.5656018394255],[-135.49366931399922,66.56518918680483],[-135.49454385716888,66.56465824548361],[-135.49501068384066,66.56405128445655],[-135.4950326621885,66.5634166215226],[-135.49460807599039,66.5628047760335],[-135.49377075086196,66.5622644474969],[-135.49258735282893,66.56183864015482],[-135.49115207705037,66.56156124169009],[-135.4895791509233,66.56145432782026],[-135.48799374799552,66.56152640669293],[-135.48652203393885,66.56177174232239],[-135.4852811338701,66.56217081070842],[-135.48436981646867,66.56269185247554],[-135.48386063416487,66.56329339890114],[-135.4837941443601,66.5639275708906],[-135.4841756727938,66.56454388890435],[-135.48497487926954,66.56509329095698],[-135.48612816353722,66.56553203890935],[-135.48754372269437,66.56582520181449],[-135.4891088591554,66.56594943848398],[-135.48942236574453,66.56595289632591]]]}"
166_166,0.8674737012524192,166,0.680751107568001,-0.18672259368441824,"{""type"":""Polygon"",""coordinates"":[[[-134.87434171615033,66.38007011325377],[-134.87591003214516,66.37998056665809],[-134.8773534787537,66.37971905661207],[-134.8785571360045,66.37930640423953],[-134.879425187719,66.37877546314856],[-134.8798885500569,66.37816850226199],[-134.87991036650686,66.37753383933497],[-134.87948893319577,66.37692199371705],[-134.87865782430754,66.37638166495611],[-134.8774832108132,66.37595585736416],[-134.87605858867659,66.37567845870201],[-134.87449733759726,66.37557154474881],[-134.8729237022969,66.37564362367814],[-134.8714629122684,66.37588895948664],[-134.8702312234534,66.37628802811821],[-134.8693266714282,66.37680907012077],[-134.868821269912,66.37741061669824],[-134.86875527492705,66.3780447887086],[-134.86913397228855,66.37866110660579],[-134.86992724667664,66.37921050844068],[-134.87107196976683,66.37964925614216],[-134.87247702015028,66.37994241884152],[-134.87403053704853,66.38006665541461],[-134.87434171615033,66.38007011325377]]]}"
167_167,1.7000722429124764,167,0.996712200646289,-0.7033600422661874,"{""type"":""Polygon"",""coordinates"":[[[-134.81547867154342,66.30067700052435],[-134.81704203527605,66.30058745395831],[-134.81848092403962,66.300325943992],[-134.81968078081655,66.29991329172431],[-134.82054609198087,66.29938235073064],[-134.82100799174978,66.29877538990344],[-134.82102973984493,66.29814072697933],[-134.82060963760836,66.29752888130699],[-134.81978115307624,66.29698855245124],[-134.81861024821953,66.29656274475371],[-134.8171901238169,66.29628534600812],[-134.81563380168814,66.29617843201967],[-134.81406513442352,66.29625051097295],[-134.8126089562806,66.2964958468571],[-134.8113811562533,66.29689491559246],[-134.8104794604178,66.29741595769451],[-134.8099756550621,66.29801750433619],[-134.809909868974,66.29865167635538],[-134.81028737111524,66.29926799420328],[-134.81107814110513,66.29981739594616],[-134.8122192498567,66.3002561435416],[-134.81361986367233,66.30054930615401],[-134.81516847505407,66.30067354268635],[-134.81547867154342,66.30067700052435]]]}"
169_169,-2.3247374416991153,169,-3.1514968320111247,-0.8267593903120094,"{""type"":""Polygon"",""coordinates"":[[[-134.69767423782582,66.25686957081442],[-134.69923488365197,66.25678002426467],[-134.70067127097334,66.25651851434209],[-134.70186904196888,66.25610586213199],[-134.70273284905994,66.25557492119174],[-134.70319394613853,66.25496796039715],[-134.70321565671787,66.25433329747464],[-134.70279628500242,66.2537214517724],[-134.70196924077266,66.2531811228646],[-134.70080037129594,66.2527553151091],[-134.699382715347,66.2524779163177],[-134.6978290983332,66.2523710023099],[-134.69626315763443,66.25244308127633],[-134.69480951059413,66.25268841720202],[-134.6935838448172,66.25308748599436],[-134.69268371651944,66.25360852815105],[-134.69218078716983,66.25421007482795],[-134.6921151157275,66.254844246852],[-134.69249196190506,66.25546056467284],[-134.69328135742694,66.25600996636521],[-134.69442048255198,66.25644871390243],[-134.6958186614848,66.2567418764671],[-134.697364580615,66.25686611297705],[-134.69767423782582,66.25686957081442]]]}"
170_170,0.38753450543304296,170,0.507135653046848,0.11960114761380508,"{""type"":""Polygon"",""coordinates"":[[[-135.51086516453987,66.38582636178523],[-135.51243384092652,66.3857368151874],[-135.51387761922388,66.38547530513559],[-135.5150815530472,66.38506265275541],[-135.51594980420006,66.38453171165736],[-135.51641327297367,66.38392475076647],[-135.51643509439788,66.38329008783924],[-135.51601356422023,66.38267824222527],[-135.51518226434922,66.38213791347124],[-135.51400738096572,66.38171210588698],[-135.5125824315149,66.3814347072309],[-135.51102082174037,66.38132779328024],[-135.50944682490052,66.38139987220784],[-135.5079856992507,66.38164520801082],[-135.50675372743638,66.38204427663486],[-135.5058489675572,66.38256531863017],[-135.5053434498833,66.383166865203],[-135.50527743969613,66.38380103721272],[-135.5056562240375,66.38441735511347],[-135.50644968067846,66.38496675695505],[-135.50759466679548,66.38540550466423],[-135.50900004004203,66.38569866736994],[-135.51055391393024,66.38582290394598],[-135.51086516453987,66.38582636178523]]]}"
171_171,1.051648661878833,171,1.531886221706052,0.48023755982721905,"{""type"":""Polygon"",""coordinates"":[[[-134.70010025228282,66.51041751742305],[-134.7016767738792,66.51032797077828],[-134.70312777256208,66.51006646060033],[-134.7043377269665,66.50965380805418],[-134.7052103196021,66.50912286680212],[-134.70567610532174,66.50851590581726],[-134.70569803502474,66.50788124288538],[-134.70527439619903,66.50726939735759],[-134.7044389389103,66.50672906875361],[-134.7032581804314,66.5063032613365],[-134.701826105829,66.50602586281245],[-134.7002566877868,66.50591894891758],[-134.6986748207619,66.5059910278073],[-134.69720638912622,66.50623636349052],[-134.6959682568295,66.50663543195029],[-134.69505897227052,66.50715647378811],[-134.6945509260089,66.50775802025933],[-134.69448458488802,66.50839219225507],[-134.69486526265047,66.50900851023381],[-134.69566268666952,66.50955791222104],[-134.69681339849785,66.50999666009807],[-134.6982258000063,66.5102898229414],[-134.6997874450511,66.51041405958195],[-134.70010025228282,66.51041751742305]]]}"
172_172,3.005962101326838,172,3.305297992201579,0.2993358908747412,"{""type"":""Polygon"",""coordinates"":[[[-135.00862948591987,66.61447536901062],[-135.01021262594494,66.61438582232628],[-135.01166971593685,66.61412431204201],[-135.01288474946094,66.61371165935597],[-135.01376100468195,66.61318071797409],[-135.0142287450327,66.61257375691],[-135.01425076607657,66.61193909397423],[-135.0138253483355,66.61132724851906],[-135.01298638373834,66.61078692004158],[-135.01180066887665,66.61036111276533],[-135.0103625833148,66.61008371435261],[-135.0087865780203,66.60997680050475],[-135.0071980715083,66.61004887936251],[-135.005723476357,66.6102942149448],[-135.00448014691835,66.61069328326613],[-135.0035670452197,66.61121432497119],[-135.00305686577096,66.61181587135678],[-135.0029902454599,66.61245004334073],[-135.0033725205564,66.61306636138521],[-135.00417329155596,66.6136157634952],[-135.00532883374353,66.61405451151367],[-135.00674716447992,66.61434767447305],[-135.00831536548006,66.61447191116795],[-135.00862948591987,66.61447536901062]]]}"
173_173,-0.2736488334262812,173,0.09906355971650374,0.3727123931427849,"{""type"":""Polygon"",""coordinates"":[[[-135.76447553435437,66.37022577787023],[-135.7660432344274,66.37013623127824],[-135.76748611416855,66.36987472124213],[-135.7686892987477,66.36946206888264],[-135.76955700961514,66.36893112780376],[-135.7700201900509,66.36832416692458],[-135.7700419979996,66.3676895039979],[-135.76962073023677,66.36707765837322],[-135.76878994774438,66.36653732960049],[-135.76761579549995,66.36611152199544],[-135.76619173275435,66.36583412332288],[-135.7646310946972,66.3657272093653],[-135.76305807728005,66.36579928829762],[-135.76159786083988,66.36604462411552],[-135.7603666556803,66.36644369276],[-135.75946245888449,66.36696473477492],[-135.75895725588575,66.3675662813604],[-135.75889128688183,66.36820045337186],[-135.75926983559182,66.3688167712629],[-135.76006279850353,66.36936617308635],[-135.761207072072,66.36980492077464],[-135.76261157067157,66.3700980834632],[-135.76416447746186,66.37022232003122],[-135.76447553435437,66.37022577787023]]]}"
174_174,-8.00556523676985,174,-1.2725684506405373,6.732996786129314,"{""type"":""Polygon"",""coordinates"":[[[-135.4890083906996,66.52451011491485],[-135.49058580508665,66.52442056826473],[-135.49203762545466,66.52415905807244],[-135.49324826500532,66.52374640550741],[-135.49412135170442,66.52321546423785],[-135.49458740109372,66.5226085032423],[-135.49460934311844,66.52197384030988],[-135.49418546432676,66.52136199479189],[-135.49334953392085,66.52082166620498],[-135.4921681068521,66.52039585880688],[-135.49073522140296,66.52011846029787],[-135.489164914775,66.52001154640934],[-135.48758215211814,66.52008362529472],[-135.4861128890566,66.52032896096432],[-135.48487405569296,66.52072802940543],[-135.48396425622215,66.52124907122533],[-135.48345592220514,66.52185061768499],[-135.4833895434233,66.52248478967914],[-135.48377043665792,66.52310110766676],[-135.48456831216708,66.52365050967056],[-135.48571967558527,66.52408925756667],[-135.48713287691496,66.52438242042567],[-135.48869540632313,66.52450665707354],[-135.4890083906996,66.52451011491485]]]}"
175_175,0.6762652915513087,175,2.5833535037780067,1.9070882122266979,"{""type"":""Polygon"",""coordinates"":[[[-134.83844991750732,66.19629805146924],[-134.84000682237235,66.19620850494191],[-134.8414397666764,66.1959469950796],[-134.84263466677498,66.19553434294878],[-134.84349640363908,66.1950034020821],[-134.84395639588286,66.19439644133237],[-134.8439780548234,66.19376177841208],[-134.8435596886056,66.19314993266869],[-134.8427346268265,66.1926096036892],[-134.84156855887394,66.19218379585388],[-134.8401543005384,66.19190639699939],[-134.83860440688213,66.19179948296494],[-134.83704221906623,66.19187156194948],[-134.8355920558702,66.19211689793238],[-134.8343693277041,66.19251596680317],[-134.8334713569856,66.19303700903508],[-134.8329696333812,66.19363855576051],[-134.83290411973738,66.19427272779127],[-134.83328006303654,66.19488904557485],[-134.83406756672156,66.19543844719765],[-134.8352039615568,66.1958771946547],[-134.83659878908537,66.19617035715362],[-134.83814100256632,66.19629459363277],[-134.83844991750732,66.19629805146924]]]}"
176_176,-0.8308007818549934,176,-0.6096110087015104,0.22118977315348298,"{""type"":""Polygon"",""coordinates"":[[[-135.39383572420348,66.32524098923858],[-135.3954006164856,66.32515144266338],[-135.3968409120591,66.32488993267246],[-135.3980419418784,66.3244772803724],[-135.39890809893245,66.3239463393487],[-135.39937045013363,66.32333937850318],[-135.3993922193273,66.32270471557817],[-135.3989717062457,66.32209286992261],[-135.39814241168816,66.32155254109614],[-135.39697036213497,66.32112673343121],[-135.3955488494756,66.32084933471138],[-135.393991005992,66.32074242073381],[-135.39242080530872,66.3208144996797],[-135.3909632036754,66.3210598355405],[-135.38973420334696,66.32145890424381],[-135.388831625929,66.32197994631515],[-135.38832732790766,66.32258149293699],[-135.3882614773424,66.32321566495348],[-135.3886393483969,66.32383198281659],[-135.38943089138667,66.32438138458788],[-135.39057311572867,66.32482013221605],[-135.3919750989213,66.3251132948553],[-135.3935252244241,66.32523753140022],[-135.39383572420348,66.32524098923858]]]}"
177_177,7.15948812566911,177,7.911309172190244,0.7518210465211341,"{""type"":""Polygon"",""coordinates"":[[[-134.88074641124132,66.19529390405356],[-134.8823032542549,66.19520435752658],[-134.8837361416336,66.19494284766527],[-134.88493099426597,66.19453019553575],[-134.88579269690183,66.19399925467027],[-134.88625267087875,66.19339229392132],[-134.88627432896547,66.19275763100107],[-134.88585597937214,66.192145785257],[-134.88503095037004,66.19160545627632],[-134.8838649287367,66.19117964843967],[-134.8824507265758,66.19090224958414],[-134.88090089448,66.19079533554925],[-134.87933876871267,66.1908674145341],[-134.87788866311703,66.19111275051795],[-134.87666598352016,66.19151181939002],[-134.87576804847413,66.19203286162318],[-134.875266344805,66.19263440834942],[-134.8752008337701,66.19326858038026],[-134.87557676214146,66.19388489816325],[-134.87636423454768,66.19443429978489],[-134.87750058424146,66.1948730472406],[-134.87889535635938,66.19516620973845],[-134.88043750857267,66.19529044621709],[-134.88074641124132,66.19529390405356]]]}"
178_178,-0.40825668469251375,178,-0.7820634380477912,-0.37380675335527747,"{""type"":""Polygon"",""coordinates"":[[[-135.50125952189302,66.28182397930635],[-135.50282171467254,66.28173443274734],[-135.50425952574204,66.28147292279985],[-135.5054584839038,66.28106027055698],[-135.5063231470697,66.28052932958632],[-135.50678470101641,66.27992236877317],[-135.50680643294876,66.27928770584975],[-135.506386645442,66.27867586016453],[-135.50555878143402,66.27813553128635],[-135.5043887534781,66.27770972356385],[-135.50296969255695,66.27743232479854],[-135.50141453587014,66.27732541080175],[-135.49984704328918,66.2773974897607],[-135.4983919556187,66.27764282566275],[-135.4971650750884,66.27804189442264],[-135.49626405459375,66.27856293654823],[-135.49576062664698,66.27916448320507],[-135.49569488995172,66.27979865522637],[-135.49607210948486,66.2804149730626],[-135.49686228731406,66.28096437478374],[-135.49800254146172,66.28140312235409],[-135.49940210625905,66.28169628494594],[-135.50094955774054,66.28182052146865],[-135.50125952189302,66.28182397930635]]]}"
179_179,-0.44686347158029155,179,-0.13782818893896007,0.3090352826413315,"{""type"":""Polygon"",""coordinates"":[[[-135.46790889287618,66.34876851098117],[-135.46947525228654,66.34867896439721],[-135.47091689814064,66.34841745438266],[-135.47211905386615,66.34800480205155],[-135.47298602281967,66.347473860999],[-135.47344880731302,66.3468669001359],[-135.47347059675712,66.34623223721002],[-135.47304968933918,66.34562039157059],[-135.4722196173052,66.34508006277221],[-135.47104646905262,66.34465425513856],[-135.4696236239208,66.34437685644345],[-135.46806432021503,66.34426994247632],[-135.46649264773038,66.34434202141512],[-135.4650336798067,66.34458735725349],[-135.46380352740871,66.34498642592607],[-135.46290010383262,66.34550746796792],[-135.4623953329421,66.34610901457076],[-135.46232942049033,66.34674318658462],[-135.46270764563383,66.34735950446233],[-135.46349993056205,66.34790890626087],[-135.46464322566695,66.34834765392047],[-135.46604652321125,66.34864081658549],[-135.46759810199376,66.34876505314247],[-135.46790889287618,66.34876851098117]]]}"
180_180,0.35402692707356204,180,0.2451491890953421,-0.10887773797821992,"{""type"":""Polygon"",""coordinates"":[[[-134.79854141259537,66.67369096375722],[-134.80012834614348,66.67360141705025],[-134.80158892752564,66.67333990670505],[-134.8028068722768,66.67292725393888],[-134.80368522680075,66.67239631248263],[-134.80415408749604,66.67178935137318],[-134.80417616089184,66.67115468843517],[-134.80374972351802,66.67054284302161],[-134.8029087486168,66.67000251461658],[-134.80172019287852,66.66957670742103],[-134.8002786619838,66.66929930907209],[-134.7986988810405,66.66919239525116],[-134.79710656894,66.6692644740906],[-134.79562844101468,66.66950980961506],[-134.79438213270248,66.6699088778571],[-134.7934668431123,66.67042991948611],[-134.7929554409712,66.67103146582265],[-134.7928886606328,66.67166563779985],[-134.79327185127974,66.672281955882],[-134.79407454068505,66.6728313580623],[-134.795232851516,66.67327010616182],[-134.79665458074157,66.67356326918764],[-134.79822653945646,66.67368750591368],[-134.79854141259537,66.67369096375722]]]}"
182_182,-0.2976450319421661,182,-0.42446453764270564,-0.12681950570053951,"{""type"":""Polygon"",""coordinates"":[[[-135.45198353171017,66.47494284150731],[-135.4535578108125,66.47485329487596],[-135.45500674560284,66.47459178473406],[-135.45621497906998,66.47417913223534],[-135.4570863307262,66.47364819102728],[-135.45755145416518,66.47304123006927],[-135.45757335291827,66.4724065671387],[-135.4571503168342,66.4717947215863],[-135.45631604791194,66.47125439293944],[-135.45513696878407,66.47082858547456],[-135.45370693085138,66.4705511869128],[-135.45213974474214,66.470444273002],[-135.45056012734875,66.47051635190253],[-135.44909378407274,66.47076168761997],[-135.44785741270275,66.4711607561267],[-135.4469494214892,66.47168179800951],[-135.44644209800566,66.47228334450975],[-135.44637585148044,66.4729175165095],[-135.4467559880236,66.47353383446595],[-135.44755227799834,66.47408323641157],[-135.44870135317578,66.47452198424062],[-135.4501117457088,66.47481514704464],[-135.45167116942713,66.47493938366675],[-135.45198353171017,66.47494284150731]]]}"
183_183,1.4277289934568782,183,1.7927414877496384,0.36501249429276017,"{""type"":""Polygon"",""coordinates"":[[[-134.55069594661293,66.27907999720487],[-134.55225796912515,66.27899045064686],[-134.55369562348818,66.27872894070214],[-134.55489445098306,66.27831628846288],[-134.5557590199241,66.27778534749555],[-134.5562205235851,66.27717838668444],[-134.55624225316723,66.27654372376112],[-134.55582251142502,66.27593187807403],[-134.55499473764692,66.2753915491926],[-134.55382483720038,66.27496574146647],[-134.55240593091915,66.27468834269827],[-134.55085094369824,66.27458142870027],[-134.549283621927,66.27465350766005],[-134.54782869282116,66.2748988435647],[-134.54660194599413,66.27529791232817],[-134.54570102370016,66.27581895445718],[-134.54519765063213,66.27642050111623],[-134.54513192111898,66.27705467313783],[-134.54550909955833,66.27767099097238],[-134.54629919128197,66.27822039269033],[-134.5474393211624,66.27865914025705],[-134.54883873342294,66.2789523028459],[-134.55038601624437,66.27907653936718],[-134.55069594661293,66.27907999720487]]]}"
184_184,4.8057436611063675,184,4.136230775401966,-0.6695128857044015,"{""type"":""Polygon"",""coordinates"":[[[-134.84609352747896,66.48011055004231],[-134.84766813281792,66.48002100340901],[-134.84911736786205,66.47975949326185],[-134.8503258516901,66.47934684075624],[-134.85119738388323,66.47881589954179],[-134.8516626036704,66.47820893857985],[-134.85168450692615,66.47757427564912],[-134.85126138315562,66.47696243010029],[-134.85042694135052,66.47642210145966],[-134.84924761791171,66.47599629400175],[-134.84781728368554,66.47571889544547],[-134.846249772876,66.47561198153697],[-134.8446698282076,66.47568406043592],[-134.84320318111833,66.4759293961484],[-134.84196655356976,66.47632846464829],[-134.84105837420114,66.47684950652454],[-134.8405509455683,66.47745105302059],[-134.84048468528144,66.47808522501974],[-134.84086490056086,66.47870154297944],[-134.84166135551567,66.47925094493111],[-134.8428106687921,66.47968969276714],[-134.84422135358957,66.47998285557688],[-134.8457811004651,66.48010709220166],[-134.84609352747896,66.48011055004231]]]}"
185_185,-2.7589793223966748,185,-3.0859584867281287,-0.3269791643314539,"{""type"":""Polygon"",""coordinates"":[[[-135.32611796853413,66.6318386484896],[-135.3277022188454,66.63174910179865],[-135.32916033069543,66.63148759149655],[-135.33037621627594,66.63107493878705],[-135.33125308591994,66.6305439973834],[-135.33172115417273,66.62993703630603],[-135.3317431905391,66.62930237336961],[-135.33131747437258,66.62869052792662],[-135.33047792140076,66.62815019947034],[-135.32929137507276,66.62772439221773],[-135.32785228113258,66.62744699382368],[-135.32627517078294,66.62734007998371],[-135.3246855504531,66.6274121588361],[-135.3232099213312,66.62765749440145],[-135.32196572003735,66.62805656269956],[-135.32105197798782,66.62857760438237],[-135.32054144068223,66.6291791507536],[-135.32047477353467,66.62981332273559],[-135.32085731659413,66.63042964079108],[-135.3216586490718,66.63097904292165],[-135.32281500158447,66.63141779096385],[-135.3242343269888,66.63171095394269],[-135.32580362779478,66.6318351906467],[-135.32611796853413,66.6318386484896]]]}"
186_186,0.8600538041048403,186,1.6134003948148627,0.7533465907100224,"{""type"":""Polygon"",""coordinates"":[[[-135.15992583617552,66.61693013214773],[-135.1615091330659,66.61684058546247],[-135.16296636742965,66.61657907517566],[-135.16418152133542,66.6161664224863],[-135.16505786336435,66.61563548110136],[-135.16552565004235,66.61502852003538],[-135.165547673251,66.61439385709953],[-135.16512221334733,66.61378201164608],[-135.16428316562246,66.6132416831716],[-135.16309733328814,66.61281587589869],[-135.16165910525888,66.61253847748861],[-135.16008294383812,66.61243156364186],[-135.15849427996181,66.61250364249887],[-135.15701953872733,66.61274897807876],[-135.15577608610977,66.6131480463968],[-135.15486289394002,66.61366908809873],[-135.15435266393195,66.61427063448228],[-135.1542860370037,66.61490480646596],[-135.15466834995894,66.615521124512],[-135.1554692002862,66.6160705266249],[-135.1566248569595,66.61650927464675],[-135.15804332822623,66.61680243760884],[-135.15961168461095,66.61692667430503],[-135.15992583617552,66.61693013214773]]]}"
187_187,2.175112270411491,187,2.171495141266259,-0.0036171291452320453,"{""type"":""Polygon"",""coordinates"":[[[-134.9105639951377,66.22159090643623],[-134.91212245972133,66.22150135989955],[-134.91355683952236,66.22123985001208],[-134.9147529365839,66.22082719784821],[-134.91561553658775,66.22029625695086],[-134.9160759894705,66.21968929618244],[-134.916097669941,66.21905463326122],[-134.91567888450126,66.21844278753498],[-134.91485299617918,66.21790245858539],[-134.91368576018718,66.21747665078334],[-134.91227008528463,66.21719925195517],[-134.9107186392488,66.21709233793183],[-134.90915488674335,66.21716441690883],[-134.90770327102805,66.21740975286787],[-134.9064793180839,66.21780882170593],[-134.90558044780602,66.21832986390649],[-134.90507822149044,66.21893141061169],[-134.9050126420559,66.21956558263965],[-134.90538896179234,66.22018190043876],[-134.90617725424096,66.22073130209057],[-134.90731478741586,66.22117004958105],[-134.9087110122452,66.22146321210738],[-134.9102547707222,66.22158744859938],[-134.9105639951377,66.22159090643623]]]}"
188_188,0.24386709064315984,188,-0.08156242192582332,-0.32542951256898317,"{""type"":""Polygon"",""coordinates"":[[[-134.9757498667149,66.58579293964148],[-134.97733117637895,66.5857033929681],[-134.97878658178766,66.58544188271321],[-134.980000210655,66.58502923006584],[-134.98087545296934,66.58449828871986],[-134.98134265275732,66.58389132767768],[-134.98136464854093,66.58325666474298],[-134.9809397227685,66.58264481926774],[-134.9801017281358,66.58210449075528],[-134.97891738398718,66.5816786834401],[-134.97748096078675,66.5814012849966],[-134.97590677723025,66.58129437113574],[-134.97432010690204,66.58136645000234],[-134.9728472163023,66.58161178561252],[-134.97160532415987,66.58201085397212],[-134.970693278111,66.5825318957139],[-134.97018368860662,66.58313344212316],[-134.97011714550757,66.58376761411037],[-134.97049897885358,66.58438393213669],[-134.97129882422877,66.58493333421274],[-134.97245303055558,66.5853720821921],[-134.9738697215332,66.58566524511939],[-134.97543610944965,66.58578948179927],[-134.9757498667149,66.58579293964148]]]}"
189_189,-1.6543879703673785,189,-1.6903308477552497,-0.035942877387871164,"{""type"":""Polygon"",""coordinates"":[[[-135.23412787864206,66.41681574505593],[-135.23569849835926,66.41672619844645],[-135.23714406521262,66.41646468836338],[-135.2383494903896,66.41605203594209],[-135.2392188169683,66.41552109480587],[-135.23968285967152,66.41491413389168],[-135.2397047079181,66.41427947096331],[-135.2392826554094,66.41366762537069],[-135.23845032570776,66.41312729665384],[-135.23727398700854,66.41270148911102],[-135.23584727259114,66.41242409048765],[-135.23428372863563,66.41231717655081],[-135.23270778227726,66.41238925546902],[-135.23124484686647,66.41263459124232],[-135.2300113490434,66.41303365982566],[-135.22910546835928,66.41355470178195],[-135.2285993243313,66.41415624832958],[-135.2285332321695,66.41479042033585],[-135.22891248552943,66.41540673825592],[-135.22970692492711,66.41595614013362],[-135.23085332935594,66.41639488788438],[-135.2322604435677,66.41668805062417],[-135.23381624244286,66.4168122872162],[-135.23412787864206,66.41681574505593]]]}"
190_190,-3.8885468809085832,190,-4.329251275556022,-0.4407043946474385,"{""type"":""Polygon"",""coordinates"":[[[-135.29679169042015,66.28502566018501],[-135.29835408191906,66.28493611362481],[-135.29979207588133,66.28467460367412],[-135.30099118654474,66.28426195142703],[-135.30185595968078,66.28373101045247],[-135.30231757231613,66.28312404963694],[-135.30233930699146,66.28248938671341],[-135.3019194660727,66.28187754103035],[-135.30109149675715,66.281337212156],[-135.29992131998466,66.28091140443775],[-135.29850207858277,66.28063400567576],[-135.29694672411176,66.28052709168038],[-135.29537903217823,66.28059917063838],[-135.29392375944644,66.28084450653739],[-135.29269672287066,66.28124357529312],[-135.29179558776565,66.28176461741472],[-135.2912920957698,66.28236616406897],[-135.29122635069217,66.28300033608993],[-135.29160361818603,66.28361665392815],[-135.29239389650934,66.28416605565296],[-135.29353429568962,66.28460480322758],[-135.2949340385132,66.2848979658229],[-135.29648168683838,66.28502220234724],[-135.29679169042015,66.28502566018501]]]}"
191_191,3.1283900426749707,191,2.701739758334461,-0.4266502843405098,"{""type"":""Polygon"",""coordinates"":[[[-135.03872395134692,66.61726698684967],[-135.04030726976575,66.61717744016428],[-135.0417645239434,66.61691592987714],[-135.04297969437056,66.61650327718733],[-135.0438560483132,66.61597233580196],[-135.04432384134918,66.61536537473573],[-135.04434586485502,66.61473071179987],[-135.0439203991648,66.61411886634664],[-135.04308134003134,66.61357853787257],[-135.04189549157485,66.61315273060012],[-135.0404572439931,66.61287533219041],[-135.0388810611453,66.61276841834382],[-135.03729237567202,66.61284049720071],[-135.03581761438883,66.61308583278027],[-135.03457414486596,66.61348490109788],[-135.03366094027976,66.61400594279935],[-135.03315070333286,66.61460748918265],[-135.03308407549642,66.61524166116628],[-135.03346639364753,66.61585797921254],[-135.03426725486187,66.61640738132583],[-135.03542292724737,66.61684612934812],[-135.03684141780073,66.61713929231061],[-135.03840979551077,66.61726352900699],[-135.03872395134692,66.61726698684967]]]}"
192_192,-1.1961841339309505,192,-1.427892072499988,-0.23170793856903749,"{""type"":""Polygon"",""coordinates"":[[[-135.1904586315934,66.29032408045767],[-135.1920213520724,66.29023453389549],[-135.19345964881347,66.28997302393951],[-135.19465901194343,66.28956037168545],[-135.1955239671351,66.28902943070443],[-135.19598567692938,66.28842246988495],[-135.19600741614568,66.28778780696122],[-135.1955874868034,66.28717596128179],[-135.1947593431512,66.28663563241373],[-135.19358892001281,66.28620982470248],[-135.19216937982512,66.28593242594604],[-135.1906136979224,66.285825511953],[-135.1890456759607,66.28589759090941],[-135.18759009685994,66.28614292680341],[-135.18636280195085,66.28654199555224],[-135.18546147710836,66.28706303766722],[-135.18495787907923,66.28766458431723],[-135.1848921201247,66.28829875633757],[-135.1852694670175,66.28891507417907],[-135.18605991170872,66.28946447591],[-135.18720055099055,66.28990322349166],[-135.1886005885365,66.29019638609277],[-135.19014856273643,66.29032062261982],[-135.1904586315934,66.29032408045767]]]}"
193_193,-3.8455895754619167,193,-4.125792193278483,-0.28020261781656597,"{""type"":""Polygon"",""coordinates"":[[[-135.27093754939102,66.33520699797698],[-135.27250306276522,66.33511745139808],[-135.2739439299647,66.33485594139715],[-135.27514543642363,66.33444328908394],[-135.27601193718615,66.33391234804803],[-135.27647447181667,66.33330538719507],[-135.27649624958318,66.33267072426969],[-135.27607556956377,66.33205887862096],[-135.2752459458704,66.33151854980638],[-135.27407343119526,66.3310927421547],[-135.27265135444878,66.33081534344532],[-135.27109289279667,66.33070842947218],[-135.2695220690429,66.33078050841506],[-135.26806388900602,66.33102584426636],[-135.26683440096198,66.33142491295668],[-135.26593146533259,66.33194595501553],[-135.26542696712747,66.33254750162932],[-135.26536109036326,66.33318167364469],[-135.26573911131734,66.33379799151398],[-135.26653096839837,66.33434739329681],[-135.26767364603575,66.33478614093828],[-135.26907618564422,66.33507930358846],[-135.27062692637648,66.33520354013847],[-135.27093754939102,66.33520699797698]]]}"
194_194,-3.5351294564204245,194,-3.457729042408597,0.0774004140118274,"{""type"":""Polygon"",""coordinates"":[[[-135.31652824385105,66.24750125711148],[-135.31808830979136,66.24741171056519],[-135.3195241634112,66.24715020065194],[-135.32072148938948,66.24673754845413],[-135.3215849755751,66.2462066075253],[-135.32204590139355,66.24559964673766],[-135.32206760396846,66.24496498381549],[-135.3216483881151,66.24435313810687],[-135.32082165118473,66.24381280918797],[-135.31965321597173,66.24338700142009],[-135.31823608668617,66.24310960261892],[-135.31668304682924,66.24300268860699],[-135.31511768786407,66.24307476757622],[-135.31366458085373,66.24332010351078],[-135.3124393704353,66.24371917231528],[-135.31153957658356,66.24424021448361],[-135.31103683413636,66.24484176116803],[-135.31097118715445,66.24547593319313],[-135.31134789337713,66.24609225100819],[-135.31213699564574,66.24664165268979],[-135.31327569754907,66.24708040021459],[-135.31467335698125,66.24737356276906],[-135.31621870169934,66.24749779927424],[-135.31652824385105,66.24750125711148]]]}"
195_195,1.8558324205466663,195,1.6279148767858675,-0.22791754376079876,"{""type"":""Polygon"",""coordinates"":[[[-134.61342438654944,66.28839872606794],[-134.6149869874652,66.28830917950648],[-134.61642517416547,66.28804766955243],[-134.61762444553997,66.2876350173009],[-134.61848933456602,66.28710407632222],[-134.61895100904925,66.28649711550418],[-134.61897274661524,66.28586245258053],[-134.61855284940924,66.28525060689978],[-134.61772476911727,66.28471027802944],[-134.61655443551714,66.28428447031564],[-134.615135003919,66.28400707155718],[-134.6135794410168,66.28390015756331],[-134.61201153899924,66.28397223652027],[-134.61055607124405,66.28421757241608],[-134.6093288702226,66.28461664116743],[-134.60842761433761,66.28513768328482],[-134.60792405484477,66.28573922993637],[-134.60785830093363,66.28637340195695],[-134.60823561896999,66.28698971979725],[-134.6090260031971,66.28753912152595],[-134.61016655521738,66.28797786910505],[-134.61156648565054,66.28827103170406],[-134.6131143414158,66.28839526823012],[-134.61342438654944,66.28839872606794]]]}"
197_197,0.9645505850348679,197,1.2415043431028618,0.27695375806799394,"{""type"":""Polygon"",""coordinates"":[[[-135.0585137987652,66.4555531379639],[-135.06008685511696,66.45546359133986],[-135.0615346645415,66.45520208121759],[-135.0627419596439,66.45478942874476],[-135.06361263463887,66.4542584875607],[-135.06407739695993,66.45365152661734],[-135.06409927883692,66.45301686368751],[-135.0636765714058,66.45240501812167],[-135.06284295045666,66.45186468945143],[-135.0616647870182,66.4514388819605],[-135.06023585960793,66.45116148337816],[-135.0586698904912,66.45105456945866],[-135.05709149974072,66.45112664836509],[-135.05562629517195,66.45137198410119],[-135.0543908839716,66.45177105263352],[-135.05348359797242,66.45229209454088],[-135.0529766685934,66.45289364105696],[-135.05291047364753,66.45352781305887],[-135.0532903150832,66.45414413100318],[-135.05408598670442,66.45469353292609],[-135.05523416947537,66.455132280729],[-135.0566434665869,66.45542544351156],[-135.05820167909656,66.45554968012362],[-135.0585137987652,66.4555531379639]]]}"
198_198,-0.6966007190222484,198,-1.4963683396411416,-0.7997676206188932,"{""type"":""Polygon"",""coordinates"":[[[-135.37628380270817,66.61218809141809],[-135.37786679660124,66.61209854473464],[-135.37932375209974,66.61183703445272],[-135.38053867347915,66.61142438176975],[-135.38141484783193,66.61089344039074],[-135.38188254502538,66.6102864793284],[-135.38190456405255,66.60965181639271],[-135.38147918558914,66.60903997093595],[-135.38064029843184,66.60849964245567],[-135.37945469300485,66.60807383517633],[-135.37801674016222,66.60779643676115],[-135.37644088031124,66.60768952291225],[-135.37485252039608,66.6077616017707],[-135.3733780613324,66.60800693735523],[-135.3721348466443,66.6084060056796],[-135.3712218292264,66.6089270473876],[-135.37071169687752,66.60952859377508],[-135.37064508273093,66.6101627657593],[-135.37102732255903,66.61077908380233],[-135.3718280196588,66.61132848590961],[-135.3729834551942,66.61176723392497],[-135.37440165501587,66.61206039688177],[-135.37596971126342,66.61218463357548],[-135.37628380270817,66.61218809141809]]]}"
199_199,-0.5031705283210821,199,-0.5430199783744979,-0.03984945005341578,"{""type"":""Polygon"",""coordinates"":[[[-135.53467506092545,66.646374225587],[-135.53626024201714,66.64628467889048],[-135.53771921051623,66.64602316857344],[-135.53893581039668,66.64561051584427],[-135.53981319512658,66.64507957442237],[-135.54028153826758,66.64447261333386],[-135.54030358747912,66.6438379503969],[-135.5398776211351,66.64322610496413],[-135.5390375749142,66.64268577652561],[-135.5378503315475,66.64225996929281],[-135.5364103922589,66.64198257091441],[-135.5348323555144,66.64187565708103],[-135.53324180144364,66.64194773592894],[-135.53176530551875,66.64219307148011],[-135.53052037332714,66.64259213975876],[-135.5296060944556,66.6431131814229],[-135.5290952571497,66.6437147277821],[-135.5290285507378,66.6443488997624],[-135.52941131843713,66.64496521782718],[-135.5302131216157,66.64551461997499],[-135.53137015344393,66.64595336803707],[-135.53279031270307,66.64624653103219],[-135.53436053550354,66.64637076774386],[-135.53467506092545,66.646374225587]]]}"
200_200,6.474442400562035,200,7.156743457463908,0.6823010569018733,"{""type"":""Polygon"",""coordinates"":[[[-134.88734056949076,66.66613474874748],[-134.88892701785983,66.66604520204339],[-134.8903871527047,66.665783691706],[-134.89160472511955,66.66537103895006],[-134.8924828111497,66.66484009750332],[-134.89295152855672,66.66423313639966],[-134.89297359525696,66.66359847346196],[-134.8925472882909,66.66298662804307],[-134.8917065705009,66.66244629962877],[-134.89051837810132,66.66202049242291],[-134.88907728785318,66.66174309406581],[-134.88749798980268,66.66163618024143],[-134.8859061644242,66.66170825908323],[-134.88442848832884,66.66195359461508],[-134.88318256100462,66.66235266286725],[-134.88226755123856,66.662873704506],[-134.88175630547582,66.66347525084879],[-134.88168954560444,66.66410942282685],[-134.88207261915562,66.66472574090419],[-134.8828750632033,66.6652751430755],[-134.88403301993392,66.66571389116464],[-134.88545431450402,66.66600705418199],[-134.8870257926196,66.66613129090405],[-134.88734056949076,66.66613474874748]]]}"
201_201,0.7019047232514242,201,0.6223501900284091,-0.07955453322301509,"{""type"":""Polygon"",""coordinates"":[[[-135.09396912849664,66.22907596198887],[-135.09552805531422,66.22898641544943],[-135.0969628605352,66.22872490555453],[-135.09815931232538,66.22831225338085],[-135.0990221681269,66.2277813124744],[-135.09948275752328,66.22717435170044],[-135.09950444437428,66.22653968877896],[-135.09908553469504,66.2259278430578],[-135.09825940142093,66.22538751411706],[-135.09709181927204,66.22496170632488],[-135.09567572455967,66.2246843075045],[-135.09412381846496,66.22457739348445],[-135.0925596022525,66.2246494724592],[-135.09110755607264,66.2248948084112],[-135.0898832401567,66.22529387723957],[-135.08898410328788,66.22581491943082],[-135.08848172799017,66.22641646613002],[-135.088416129058,66.22705063815714],[-135.0887925603543,66.22766695596087],[-135.08958108655867,66.22821635762128],[-135.09071895708874,66.22865510512166],[-135.0921155960183,66.22894826765612],[-135.09365981236613,66.22907250415192],[-135.09396912849664,66.22907596198887]]]}"
202_202,-2.8790134212245597,202,-4.003014697526482,-1.1240012763019225,"{""type"":""Polygon"",""coordinates"":[[[-135.26444099619928,66.26458663912612],[-135.26600212005667,66.2644970925735],[-135.26743894733707,66.26423558264324],[-135.2686370851844,66.263822930423],[-135.26950115681515,66.26329198947336],[-135.26996239507272,66.26268502867302],[-135.2699841122505,66.26205036575026],[-135.26956461204944,66.26143852005326],[-135.26873731449624,66.26089819115462],[-135.26756808703243,66.26047238340931],[-135.26614999692643,66.26019498462597],[-135.26459590413106,66.26008807062158],[-135.2630294838779,66.2601601495857],[-135.26157539166167,66.26040548550408],[-135.26034935050814,66.2608045542864],[-135.25944894650846,66.26132559643347],[-135.25894586308502,66.26192714310417],[-135.2588801714786,66.26256131512737],[-135.25925713302857,66.26317763295297],[-135.26004677029488,66.26372703465424],[-135.26118624430447,66.2641657822017],[-135.26258485148975,66.26445894477474],[-135.26413124413898,66.26458318128864],[-135.26444099619928,66.26458663912612]]]}"
203_203,0.24962811413299246,203,-0.3046703789859606,-0.5542984931189531,"{""type"":""Polygon"",""coordinates"":[[[-135.55979754591547,66.43916231573029],[-135.56136957025248,66.43907276911241],[-135.5628164298561,66.43881125900675],[-135.56402293296838,66.43839860655574],[-135.56489303685376,66.43786766539195],[-135.56535749438723,66.43726070446094],[-135.56537936202048,66.43662604153172],[-135.56495693197593,66.43601419595456],[-135.56412385792308,66.43547386726456],[-135.56294646733653,66.43504805975165],[-135.56151847721944,66.43477066115193],[-135.5599535352579,66.4346637472251],[-135.55837617980762,66.43473582613652],[-135.55691193632026,66.43498116188839],[-135.5556773355136,66.43538023044229],[-135.55477064472305,66.43590127237037],[-135.55426404797248,66.43650281889983],[-135.55419789655994,66.4371369909036],[-135.5545774889215,66.43775330883763],[-135.55537263864557,66.4383027107414],[-135.55652006821566,66.43874145852222],[-135.5579284407796,66.43903462128668],[-135.55948563101597,66.43915885789025],[-135.55979754591547,66.43916231573029]]]}"
204_204,-1.095085582995324,204,-1.6270262528069226,-0.5319406698115985,"{""type"":""Polygon"",""coordinates"":[[[-135.1895862970461,66.27950447119787],[-135.19114834589476,66.2794149246397],[-135.19258602449668,66.27915341469453],[-135.1937848722027,66.2787407624547],[-135.19464945571818,66.27820982148687],[-135.19511096715723,66.27760286067546],[-135.19513269710288,66.27696819775213],[-135.19471294828196,66.2763563520653],[-135.19388516054735,66.27581602318438],[-135.19271524037805,66.27539021545881],[-135.19129631017756,66.27511281669106],[-135.18974129674416,66.27500590269325],[-135.18817394855256,66.27507798165291],[-135.18671899492043,66.27532331755714],[-135.18549222741257,66.27572238632006],[-135.18459128992922,66.27624342844854],[-135.18408790837267,66.27684497510725],[-135.18402217774866,66.27747914712882],[-135.18439936254427,66.27809546496363],[-135.18518946758644,66.27864486668206],[-135.18632961668817,66.27908361424934],[-135.18772905254266,66.27937677683865],[-135.1892763614519,66.27950101336016],[-135.1895862970461,66.27950447119787]]]}"
205_205,5.808115342280804,205,6.225514940557566,0.417399598276762,"{""type"":""Polygon"",""coordinates"":[[[-134.90583848377534,66.61323204024828],[-134.90742154436165,66.61314249356442],[-134.90887856124164,66.61288098328143],[-134.9100935338028,66.61246833059707],[-134.91096974506308,66.61193738921673],[-134.91143746195314,66.6113304281536],[-134.9114594819007,66.61069576521787],[-134.91103408551135,66.61008391976185],[-134.91019516301125,66.60954359128284],[-134.9090095076393,66.60911778400491],[-134.9075714942249,66.60884038559085],[-134.90599556799486,66.60873347174244],[-134.90440714117432,66.60880555060056],[-134.90293262000154,66.60905088618406],[-134.9016893529424,66.60944995450706],[-134.90077629705956,66.6099709962137],[-134.90026614321476,66.61057254260032],[-134.9001995262548,66.61120671458443],[-134.90058178217905,66.61182303262811],[-134.90138251300596,66.61237243473663],[-134.90253799721643,66.61281118275342],[-134.9039562567863,66.61310434571138],[-134.90552437909753,66.61322858240564],[-134.90583848377534,66.61323204024828]]]}"
206_206,1.079066911842279,206,0.7987652178466745,-0.28030169399560456,"{""type"":""Polygon"",""coordinates"":[[[-135.04346895791548,66.25624494305121],[-135.04502956506332,66.2561553965017],[-135.04646591678684,66.25589388657976],[-135.04766365809976,66.25548123437046],[-135.04852744378647,66.25495029343097],[-135.04898852944206,66.25434333263685],[-135.0490102394875,66.25370866971437],[-135.048590878168,66.25309682401169],[-135.04776385443512,66.25255649510316],[-135.04659501392373,66.25213068734682],[-135.0451773931032,66.25185328855478],[-135.04362381458566,66.2517463745467],[-135.04205791268845,66.25181845351332],[-135.04060430166808,66.2520637894396],[-135.0393786662635,66.25246285823275],[-135.03847856027326,66.2529839003902],[-135.03797564339004,66.25358544706762],[-135.0379099735792,66.25421961909176],[-135.0382868104218,66.2548359369122],[-135.03907618638368,66.25538533860386],[-135.0402152832799,66.25582408614024],[-135.04161342756208,66.25611724870423],[-135.04315930837907,66.25624148521386],[-135.04346895791548,66.25624494305121]]]}"
207_207,0.24097021827588175,207,-0.46836491620977244,-0.7093351344856542,"{""type"":""Polygon"",""coordinates"":[[[-134.99630910266342,66.4897822955288],[-134.99788431897605,66.48969274889183],[-134.99933411633336,66.48943123873485],[-135.0005430690355,66.48901858621632],[-135.0014149393369,66.48848764498987],[-135.00188033956434,66.48788068402064],[-135.0019022512525,66.48724602108953],[-135.00147896326337,66.48663417554741],[-135.0006441976846,66.48609384691848],[-134.99946441670195,66.48566803947357],[-134.99803352757948,66.48539064092758],[-134.9964654086736,66.48528372702343],[-134.99488485108682,66.48535580591941],[-134.99341763501815,66.48560114162257],[-134.99218052770024,66.48600021010967],[-134.99127199595608,66.48652125197367],[-134.9907643704004,66.4871227984618],[-134.9906980843407,66.48775697045986],[-134.99107844707686,66.48837328842562],[-134.99187521100524,66.48892269038863],[-134.99302497019167,66.48936143823774],[-134.99443620234004,66.48965460105819],[-134.99599655442205,66.48977883768801],[-134.99630910266342,66.4897822955288]]]}"
208_208,1.1297643638061188,208,1.3016013866537959,0.1718370228476771,"{""type"":""Polygon"",""coordinates"":[[[-134.59529344878243,66.3796381792532],[-134.5968617377417,66.37954863265769],[-134.59830515946788,66.37928712261211],[-134.59950879597108,66.37887447024015],[-134.60037683272424,66.3783435291497],[-134.60084018707767,66.37773656826346],[-134.60086200315448,66.37710190533645],[-134.60044057711005,66.37649005971824],[-134.59960948254871,66.37594973095678],[-134.59843488930076,66.37552392336427],[-134.5970102917183,66.37524652470165],[-134.5954490675472,66.37513961074823],[-134.59387545936852,66.37521168967771],[-134.59241469451737,66.37545702548663],[-134.59118302693216,66.37585609411876],[-134.59027849049954,66.37637713612186],[-134.5897730976972,66.37697868269969],[-134.58970710385265,66.37761285471011],[-134.5900857946892,66.378229172607],[-134.59087905540517,66.3787785744414],[-134.59202375876387,66.37921732214231],[-134.59342878492708,66.37951048484119],[-134.59498227504497,66.37963472141406],[-134.59529344878243,66.3796381792532]]]}"
209_209,0.7214875691955043,209,1.0141727470637536,0.2926851778682493,"{""type"":""Polygon"",""coordinates"":[[[-134.65265353422217,66.48716860098592],[-134.65422858537397,66.48707905434996],[-134.65567823072453,66.48681754419563],[-134.65688705667876,66.48640489168058],[-134.65775883558143,66.48587395045739],[-134.65822418703155,66.48526698949013],[-134.6582460964402,66.48463232655912],[-134.6578228528433,66.48402048101518],[-134.65698817478832,66.4834801523831],[-134.65580851749073,66.48305434493466],[-134.65437777837002,66.48277694638587],[-134.65280982384718,66.48267003248056],[-134.6512294319469,66.48274211137736],[-134.64976236968695,66.48298744708303],[-134.64852539206223,66.48338651557359],[-134.64761695557362,66.48390755744092],[-134.64710938325092,66.48450910393116],[-134.6470431041582,66.48514327592952],[-134.6474234270333,66.48575959389365],[-134.6482201074387,66.48630899585359],[-134.649369746085,66.48674774369917],[-134.6507808302713,66.48704090651673],[-134.65234101875149,66.48716514314518],[-134.65265353422217,66.48716860098592]]]}"
210_210,1.974053155597812,210,1.7650383175635829,-0.20901483803422916,"{""type"":""Polygon"",""coordinates"":[[[-135.0827073510546,66.5334321041666],[-135.08428533123754,66.53334255751311],[-135.0857376723391,66.53308104731173],[-135.08694874609338,66.53266839473473],[-135.08782214589954,66.53213745345404],[-135.0882883623864,66.53153049245171],[-135.08831031221982,66.53089582951898],[-135.08788628135238,66.5302839840072],[-135.08705005111386,66.52974365543112],[-135.08586820033403,66.52931784804505],[-135.08443480102005,66.52904044954556],[-135.0828639312611,66.52893353566105],[-135.08128060100785,66.52900561454372],[-135.07981081103978,66.52925095020468],[-135.07857153338293,66.52965001863394],[-135.07766140759267,66.5301710604425],[-135.07715289121393,66.53077260689483],[-135.07708648856482,66.53140677888798],[-135.07746751835242,66.53202309688122],[-135.07826567998825,66.5325724988955],[-135.07941745634403,66.53301124680371],[-135.0808311645513,66.53330440967264],[-135.08239425441465,66.53342864632516],[-135.0827073510546,66.5334321041666]]]}"
212_212,3.4530146760711933,212,1.017044946772577,-2.435969729298616,"{""type"":""Polygon"",""coordinates"":[[[-134.5949198172925,66.45057290741443],[-134.5964925599173,66.45048336079226],[-134.59794008060132,66.45022185067505],[-134.59914713494297,66.44980919820883],[-134.6000176363237,66.44927825703094],[-134.600482305991,66.44867129609133],[-134.60050418353796,66.44803663316169],[-134.60008156043088,66.44742478759241],[-134.59924810573528,66.44688445891616],[-134.59807017723966,66.44645865141855],[-134.5966415347615,66.44618125283094],[-134.59507587789443,66.4460743389092],[-134.5934978018697,66.44614641781715],[-134.59203288946446,66.44639175355805],[-134.59079772461945,66.44679082209693],[-134.5898906195605,66.4473118640106],[-134.58938379129881,66.44791341053073],[-134.5893176095868,66.44854758253321],[-134.58969737530526,66.44916390047439],[-134.59049288827256,66.44971330239149],[-134.59164084207455,66.45015205018768],[-134.59304985812852,66.45044521296474],[-134.5946077598726,66.45056944957423],[-134.5949198172925,66.45057290741443]]]}"
213_213,7.555987952041456,213,5.33813991735862,-2.217848034682836,"{""type"":""Polygon"",""coordinates"":[[[-134.80282844405417,66.4653672578709],[-134.8044021190425,66.46527771124315],[-134.80585049783286,66.46501620111096],[-134.80705826769008,66.464603548625],[-134.80792928503405,66.4640726074288],[-134.80839423005855,66.46346564647803],[-134.80841612047388,66.46283098354785],[-134.80799324676457,66.4622191379888],[-134.8071592979809,66.4616788093304],[-134.80598067125993,66.46125300185264],[-134.80455118199365,66.4609756032807],[-134.8029845971535,66.4608686893656],[-134.8014055857972,66.46094076826905],[-134.7999398051126,66.46118610399573],[-134.79870390812545,66.46158517251507],[-134.79779626533121,66.46210621441003],[-134.79728913655958,66.4627077609181],[-134.79722291551775,66.46334193291891],[-134.79760290625967,66.46395825086937],[-134.79839889072974,66.46450765280377],[-134.79954752500348,66.46494640061991],[-134.80095737633087,66.46523956341332],[-134.8025162016376,66.46536380003046],[-134.80282844405417,66.4653672578709]]]}"
214_214,-1.0955299349651286,214,-1.4514351776865213,-0.3559052427213927,"{""type"":""Polygon"",""coordinates"":[[[-135.319980830602,66.56505242307131],[-135.32156081959693,66.56496287640581],[-135.32301500952022,66.56470136617214],[-135.32422762487866,66.5642887135527],[-135.32510213634546,66.5637577722326],[-135.32556894609823,66.56315081120623],[-135.32559092365545,66.56251614827232],[-135.32516635285538,66.5619043027826],[-135.32432905808574,66.5613639742449],[-135.32314570295452,66.5609381669016],[-135.32171047920605,66.56066076843588],[-135.32013761009733,66.56055385456565],[-135.31855226464006,66.56062593343862],[-135.317080603934,66.56087126906895],[-135.31583974885106,66.56127033745618],[-135.31492846449027,66.56179137922443],[-135.31441930065102,66.56239292565078],[-135.31435281326293,66.56302709764034],[-135.31473432787033,66.56364341565353],[-135.31553350537502,66.56419281770509],[-135.31668674783177,66.56463156565624],[-135.31810225566628,66.56492472856037],[-135.31966733537982,66.5650489652294],[-135.319980830602,66.56505242307131]]]}"
215_215,2.248913231671215,215,2.3139088378010393,0.06499560612982425,"{""type"":""Polygon"",""coordinates"":[[[-135.10312014687858,66.61748786169912],[-135.10470347941396,66.61739831501365],[-135.1061607465838,66.61713680472626],[-135.10737592784432,66.61672415203617],[-135.1082522895989,66.61619321065051],[-135.10872008680394,66.61558624958411],[-135.10874211050455,66.61495158664823],[-135.10831664102008,66.61433974119518],[-135.10747757440586,66.61379941272138],[-135.10629171537784,66.61337360544923],[-135.10485345497523,66.61309620703975],[-135.10327725807744,66.61298929319325],[-135.10168855844273,66.61306137205007],[-135.1002137840133,66.61330670762942],[-135.09897030340542,66.61370577594673],[-135.09805709067757,66.61422681764793],[-135.0975468491808,66.61482836403103],[-135.09748022074888,66.61546253601465],[-135.0978625423069,66.61607885406103],[-135.09866341066007,66.6166282561746],[-135.09981909334832,66.61706700419718],[-135.1012375965482,66.61736016715993],[-135.10280598824147,66.61748440385642],[-135.10312014687858,66.61748786169912]]]}"
218_218,-0.5284212384781475,218,-0.6202376050497602,-0.09181636657161274,"{""type"":""Polygon"",""coordinates"":[[[-135.5826636348573,66.28639184541815],[-135.58422611116845,66.28630229885744],[-135.58566418318813,66.28604078890538],[-135.58686335893833,66.2856281366565],[-135.58772817900893,66.28509719568027],[-135.5881898166922,66.28449023486372],[-135.5882115525382,66.28385557194014],[-135.58779168882356,66.28324372625804],[-135.58696367456344,66.28270339738529],[-135.58579343427692,66.28227758966882],[-135.584374115847,66.28200019090829],[-135.58281867696297,66.28189327691352],[-135.58125089994704,66.28196535587111],[-135.57979554823225,66.28221069176881],[-135.57856844505724,66.28260976052277],[-135.57766726103725,66.28313080264265],[-135.57716374170562,66.28373234929583],[-135.5770979930505,66.28436652131661],[-135.57747528101368,66.28498283915567],[-135.57826560222725,66.28553224088208],[-135.57940606330652,66.2859709884585],[-135.58080588211055,66.28626415105532],[-135.58235361444736,66.28638838758035],[-135.5826636348573,66.28639184541815]]]}"
219_219,2.4435380919782443,219,3.5620366382279336,1.1184985462496893,"{""type"":""Polygon"",""coordinates"":[[[-134.8587887807846,66.34553495639054],[-134.8603549383784,66.34544540980777],[-134.8617963984894,66.34518389979647],[-134.86299839933648,66.34477124746962],[-134.86386525660598,66.34424030642106],[-134.86432798149616,66.34363334556036],[-134.86434976815468,66.3429986826346],[-134.86392891498122,66.34238683699297],[-134.86309894989606,66.34184650819073],[-134.86192595277933,66.34142070055276],[-134.86050329094095,66.34114330185426],[-134.85894418810173,66.34103638788568],[-134.85737271807642,66.34110846682546],[-134.85591393809815,66.34135380266692],[-134.85468394417757,66.34175287134372],[-134.85378063699807,66.34227391338963],[-134.8532759311549,66.34287545999508],[-134.85321002721622,66.34350963200932],[-134.85358820365164,66.34412594988501],[-134.8543803865196,66.3446753516798],[-134.85552353433155,66.34511409933508],[-134.85692665107507,66.34540726199654],[-134.858478029946,66.34553149855188],[-134.8587887807846,66.34553495639054]]]}"
220_220,12.08550060621161,220,27.741945106941046,15.656444500729435,"{""type"":""Polygon"",""coordinates"":[[[-135.47646836006885,66.48250580430923],[-135.47804311667005,66.48241625767501],[-135.47949249092926,66.48215474752541],[-135.4807010908391,66.48174209501661],[-135.48157270673966,66.48121115379918],[-135.48203797119945,66.48060419283544],[-135.48205987654285,66.47996952990462],[-135.4816367121158,66.47935768435745],[-135.48080219015222,66.47881735571973],[-135.47962275343667,66.47839154826502],[-135.47819228183167,66.47811414971129],[-135.47662462047225,66.47800723580387],[-135.47504452406014,66.4780793147021],[-135.47357773610537,66.47832465041225],[-135.47234098977762,66.47872371890897],[-135.47143272316936,66.47924476078221],[-135.47092524578323,66.47984630727628],[-135.47085897911563,66.48048047927517],[-135.47123923090177,66.48109679723636],[-135.4720357623509,66.48164619919085],[-135.47318518602378,66.48208494703012],[-135.4745960063321,66.4823781098425],[-135.47615590304198,66.48250234646854],[-135.47646836006885,66.48250580430923]]]}"
221_221,-1.5802193652389034,221,-1.5866301346929688,-0.006410769454065379,"{""type"":""Polygon"",""coordinates"":[[[-135.221435872485,66.32201998930105],[-135.22300056414647,66.32193044272708],[-135.22444067507757,66.32166893273937],[-135.22564155093622,66.32125628044356],[-135.22650759696813,66.3207253394238],[-135.22696988891926,66.32011837858067],[-135.2269916553438,66.31948371565578],[-135.2265711961852,66.31887186999803],[-135.2257420079427,66.31833154116771],[-135.22457010862973,66.3179057334985],[-135.22314877817772,66.31762833477529],[-135.22159113437044,66.3175214207963],[-135.2200211349468,66.31759349974317],[-135.21856372014514,66.31783883560702],[-135.21733487735503,66.31823790431454],[-135.21643241564388,66.3187589463899],[-135.21592818228442,66.31936049301436],[-135.21586234018176,66.3199946650312],[-135.21624016281675,66.3206109828923],[-135.2170316043511,66.32116038465986],[-135.21817368227295,66.32159913228374],[-135.21957548573621,66.32189229491948],[-135.22112541251212,66.32201653146274],[-135.221435872485,66.32201998930105]]]}"
222_222,-1.6102787641712935,222,-2.6118953744658406,-1.0016166102945472,"{""type"":""Polygon"",""coordinates"":[[[-135.26912741377942,66.65291259716405],[-135.2707130139434,66.65282305046503],[-135.27217236813803,66.65256154014125],[-135.27338928962305,66.65214888740323],[-135.27426690626396,66.65161794597313],[-135.27473537316993,66.65101098487959],[-135.27475742816475,66.65037632194239],[-135.27433134918147,66.64976447651419],[-135.2734910808813,66.64922414808372],[-135.27230352368161,66.64879834085981],[-135.2708632037855,66.64852094248845],[-135.26928474994332,66.64841402865807],[-135.26769377546742,66.64848610750394],[-135.26621688927534,66.64873144304872],[-135.26497162800618,66.64913051131862],[-135.26405710743725,66.64965155297436],[-135.26354613505995,66.65025309932814],[-135.2634794109697,66.6508872713077],[-135.26386227981035,66.65150358937662],[-135.26466429491606,66.6520529915322],[-135.26582163259764,66.65249173960325],[-135.26724216728942,66.65278490260572],[-135.26881280520647,66.65290913932081],[-135.26912741377942,66.65291259716405]]]}"
223_223,1.0122315971840352,223,0.6996261500255715,-0.3126054471584637,"{""type"":""Polygon"",""coordinates"":[[[-134.63819429642044,66.50645109434409],[-134.6397705669364,66.50636154770082],[-134.64122133453597,66.5061000375269],[-134.64243109625593,66.50568738498608],[-134.64330354994556,66.50515644373893],[-134.64376926151314,66.50454948275707],[-134.64379118775088,66.50391481982535],[-134.643367616411,66.5033029742948],[-134.64253229217752,66.50276264568602],[-134.64135172172678,66.50233683826356],[-134.63991987515973,66.5020594397353],[-134.63835070701538,66.50195252583866],[-134.63676909186998,66.50202460472956],[-134.63530089405702,66.50226994041661],[-134.63406295892216,66.50266900888165],[-134.63315381917235,66.50319005072451],[-134.6326458538364,66.50379159719897],[-134.63257952330696,66.50442576919517],[-134.6329601404719,66.50504208717142],[-134.63375743751797,66.50559148915399],[-134.634907966099,66.50603023702563],[-134.6363201426729,66.50632339986457],[-134.6378815390073,66.50644763650305],[-134.63819429642044,66.50645109434409]]]}"
224_224,1.657840799147548,224,1.9216154963366285,0.26377469718908064,"{""type"":""Polygon"",""coordinates"":[[[-134.59577493668297,66.59596706503915],[-134.59735689507596,66.59587751836187],[-134.59881289754608,66.59561600809658],[-134.6000270242614,66.5952033554355],[-134.60090262557708,66.5946724140768],[-134.601370016955,66.59406545302684],[-134.60139202169157,66.59343079009177],[-134.6009669215523,66.59281894462364],[-134.60012858313823,66.59227861612358],[-134.59894375317216,66.59185280882221],[-134.59750674078626,66.59157541038961],[-134.59593191155696,66.59146849653337],[-134.59434459043592,66.59154057539682],[-134.59287109569743,66.59178591099712],[-134.59162869413868,66.59218497934317],[-134.59071627393928,66.59270602107192],[-134.5902064753428,66.59330756747279],[-134.59013990487782,66.59394173945886],[-134.59052189479206,66.59455805749161],[-134.59132206823335,66.5951074595797],[-134.59247674802506,66.59554620757291],[-134.59389402017706,66.59583937051157],[-134.59546105069896,66.59596360719678],[-134.59577493668297,66.59596706503915]]]}"
225_225,7.736907323190028,225,7.678603602297431,-0.05830372089259672,"{""type"":""Polygon"",""coordinates"":[[[-134.88291301642926,66.53528509900575],[-134.88449111417722,66.53519555235155],[-134.88594356348042,66.53493404214828],[-134.88715472745656,66.5345213895688],[-134.88802819232228,66.53399044828582],[-134.88849444352985,66.53338348728207],[-134.8885163949858,66.53274882434927],[-134.88809233251902,66.53213697883879],[-134.88725603997918,66.53159665026493],[-134.88607410115765,66.5311708428814],[-134.88464059506927,66.53089344438388],[-134.88306960829905,66.5307865305002],[-134.88148616010665,66.53085860938228],[-134.88001626065426,66.53110394504147],[-134.8787768906791,66.53150301346827],[-134.8778666970839,66.53202405527446],[-134.87735814281274,66.53262560172529],[-134.87729173520435,66.53325977371821],[-134.87767279336586,66.53387609171263],[-134.87847101445507,66.53442549372909],[-134.87962287661392,66.53486424163981],[-134.88103669014376,66.53515740451078],[-134.8825998964624,66.53528164116427],[-134.88291301642926,66.53528509900575]]]}"
226_226,1.3845024573782345,226,1.3770034386819046,-0.007499018696329962,"{""type"":""Polygon"",""coordinates"":[[[-134.55104756408676,66.28513550099507],[-134.55260996240418,66.28504595443482],[-134.55404796264187,66.28478444448403],[-134.55524707853795,66.2843717922368],[-134.5561118554473,66.28384085126211],[-134.5565734700964,66.28323389044648],[-134.55659520486583,66.28259922752295],[-134.55617536211437,66.28198738183998],[-134.55534738918556,66.28144705296575],[-134.5541772073068,66.28102124524763],[-134.55275795971224,66.28074384648578],[-134.5512025984548,66.28063693249044],[-134.54963489968105,66.28070901144841],[-134.54817962059943,66.28095434734732],[-134.5469525786694,66.28135341610289],[-134.54605143963184,66.28187445822435],[-134.5455479454383,66.28247600487855],[-134.5454822000731,66.28311017689947],[-134.5458594692126,66.28372649473775],[-134.54664975098405,66.2842758964627],[-134.54779015514072,66.28471464403746],[-134.54918990407273,66.28500780663292],[-134.55073755915205,66.2851320431573],[-134.55104756408676,66.28513550099507]]]}"
227_227,-1.9040957908825544,227,-1.792709083959643,0.11138670692291153,"{""type"":""Polygon"",""coordinates"":[[[-135.1984874054124,66.24763081310344],[-135.20004747936886,66.24754126655712],[-135.2014833403663,66.24727975664376],[-135.20268067249637,66.24686710444577],[-135.20354416311807,66.24633616351676],[-135.20400509130394,66.24572920272904],[-135.20402679398953,66.24509453980686],[-135.20360757598158,66.24448269409834],[-135.20278083480324,66.24394236517958],[-135.20161239358714,66.24351655741188],[-135.2001952570212,66.24323915861083],[-135.19864220918586,66.24313224459897],[-135.19707684217903,66.24320432356815],[-135.19562372770355,66.2434496595026],[-135.1943985109904,66.24384872830693],[-135.1934987125154,66.2443697704751],[-135.19299596748456,66.24497131715943],[-135.1929303201645,66.2456054891845],[-135.19330702832187,66.24622180699966],[-135.1940961346443,66.2467712086814],[-135.19523484239807,66.24720995620636],[-135.19663250901164,66.24750311876097],[-135.1981778616702,66.24762735526622],[-135.1984874054124,66.24763081310344]]]}"
228_228,-3.2726969534658363,228,3.829785668811313,7.102482622277149,"{""type"":""Polygon"",""coordinates"":[[[-135.25149833955578,66.36276703006712],[-135.2530655733168,66.36267748347792],[-135.25450802388485,66.3624159734493],[-135.25571085060602,66.36200332109968],[-135.25657830341947,66.36147238002997],[-135.25704134613778,66.36086541915637],[-135.2570631476502,66.36023075622998],[-135.25664200522328,66.35961891060016],[-135.255811469844,66.35907858181851],[-135.25463766681003,66.3586527742035],[-135.25321402757731,66.35837537552312],[-135.25165385363692,66.3582684615622],[-135.2500813040169,66.35834054049678],[-135.24862152183823,66.3585858763218],[-135.24739068285228,66.35898494497606],[-135.24648675499935,66.35950598700035],[-135.2459817022974,66.36010753359184],[-135.24591575296358,66.36074170560416],[-135.24629418913005,66.36135802349055],[-135.2470869162242,66.36190742530535],[-135.2482308494615,66.36234617298365],[-135.24963493030754,66.36263933566403],[-135.25118737518747,66.3627635722282],[-135.25149833955578,66.36276703006712]]]}"
229_229,-0.32612049086167194,229,-0.45605458174922825,-0.1299340908875563,"{""type"":""Polygon"",""coordinates"":[[[-134.58140028290583,66.67400516588916],[-134.58298723663566,66.67391561918205],[-134.58444783659218,66.67365410883654],[-134.58566579683114,66.67324145606993],[-134.58654416252355,66.6727105146133],[-134.5870130291791,66.67210355350359],[-134.58703510285338,66.67146889056558],[-134.58660866005508,66.67085704515225],[-134.58576767445894,66.67031671674759],[-134.5845791036071,66.66989090955248],[-134.5831375543831,66.66961351120386],[-134.58155775335314,66.66950659738309],[-134.57996542100673,66.66957867622244],[-134.5784872742869,66.66982401174658],[-134.57724095012696,66.67022307998819],[-134.57632564889713,66.6707441216168],[-134.57581424025122,66.67134566795308],[-134.57574745906143,66.67197983993024],[-134.57613065457917,66.67259615801258],[-134.57693335419046,66.67314556019326],[-134.5780916797507,66.67358430829323],[-134.5795134270564,66.67387747131939],[-134.58108540576254,66.6740017080456],[-134.58140028290583,66.67400516588916]]]}"
230_230,-1.201879181928268,230,-0.6325417796490591,0.5693374022792088,"{""type"":""Polygon"",""coordinates"":[[[-135.54651899674425,66.46254482952803],[-135.5480924937652,66.46245528290136],[-135.5495407087623,66.46219377277201],[-135.5507483420436,66.46178112028984],[-135.5516192609017,66.46125017909714],[-135.55208415336668,66.46064321814848],[-135.55210604132574,66.46000855521841],[-135.5516832154508,66.4593967096574],[-135.55084936097748,66.45885638099558],[-135.54967086753211,66.45843057351405],[-135.54824153989873,66.45815317493913],[-135.5466751321879,66.45804626102276],[-135.54509629936544,66.45811833992707],[-135.54363068441594,66.45836367565644],[-135.54239492717838,66.45876274417954],[-135.54148738702577,66.45928378607805],[-135.54098031561475,66.45988533258843],[-135.54091410208014,66.46051950458956],[-135.5412940498701,66.46113582253824],[-135.54208994434083,66.46168522446935],[-135.54323844872775,66.46212397228167],[-135.54464814062013,66.46241713507196],[-135.5462067896394,66.46254137168765],[-135.54651899674425,66.46254482952803]]]}"
231_231,1.947604438110221,231,0.7671530463338966,-1.1804513917763244,"{""type"":""Polygon"",""coordinates"":[[[-134.5742007689808,66.25654252077568],[-134.57576139455503,66.25645297422604],[-134.57719776323742,66.2561914643038],[-134.5783955186912,66.25577881209414],[-134.57925931457495,66.25524787115428],[-134.57972040567245,66.25464091035992],[-134.57974211597227,66.25400624743743],[-134.5793227497001,66.25339440173495],[-134.5784957162025,66.25285407282678],[-134.57732686189198,66.25242826507085],[-134.57590922433624,66.25215086627911],[-134.57435562747904,66.25204395227117],[-134.57278970709672,66.25211603123769],[-134.5713360789164,66.25236136716369],[-134.5701104290424,66.25276043595645],[-134.56921031242481,66.25328147811354],[-134.5687073896026,66.25388302479072],[-134.5686417190145,66.2545171968148],[-134.5690185603043,66.25513351463545],[-134.5698079455846,66.25568291632743],[-134.57094705592905,66.25612166386422],[-134.57234521671884,66.25641482642853],[-134.57389111578829,66.25653906293832],[-134.5742007689808,66.25654252077568]]]}"
232_232,3.0306548847740338,232,2.834814940974172,-0.1958399437998617,"{""type"":""Polygon"",""coordinates"":[[[-135.0271990115137,66.61911172563302],[-135.0287824478417,66.61902217894693],[-135.0302398105377,66.6187606686579],[-135.03145507145075,66.61834801596558],[-135.03233149064334,66.6178170745779],[-135.0327993185016,66.61721011351027],[-135.0328213436346,66.61657545057432],[-135.03239584625248,66.6159636051224],[-135.03155672463532,66.61542327665059],[-135.03037078787955,66.61499746938065],[-135.02893243321097,66.61472007097291],[-135.0273561330095,66.61461315712717],[-135.02576732925203,66.61468523598347],[-135.02429245816415,66.61493057156125],[-135.0230488960528,66.61532963987638],[-135.02213562346324,66.61585068157551],[-135.02162534851297,66.61645222795725],[-135.02155871570264,66.61708639994069],[-135.02194106231062,66.61770271798811],[-135.0227419831523,66.61825212010359],[-135.02389774159198,66.61869086812841],[-135.0253163377762,66.61898403109295],[-135.02688483228238,66.6191082677903],[-135.0271990115137,66.61911172563302]]]}"
234_234,-1.0559782013121004,234,-0.010450340000159299,1.0455278613119412,"{""type"":""Polygon"",""coordinates"":[[[-135.63601203942167,66.28129375597781],[-135.637574199297,66.28120420941897],[-135.639011980083,66.28094269947202],[-135.64021091299338,66.28053004722985],[-135.64107555795033,66.27999910625984],[-135.64153710217934,66.27939214544709],[-135.64155883365754,66.27875748252367],[-135.64113905499474,66.27814563683809],[-135.6403112084237,66.27760530795929],[-135.63914120510896,66.27717950023609],[-135.63772217407197,66.27690210147021],[-135.63616705013445,66.27679518747318],[-135.63459959056243,66.27686726643229],[-135.63314453353456,66.27711260233485],[-135.63191767884243,66.27751167109544],[-135.63101667732505,66.27803271322168],[-135.63051325998362,66.27863425987897],[-135.63044752467627,66.27926843190032],[-135.63082473626804,66.27988474973623],[-135.63161489745735,66.28043415145675],[-135.63275512759037,66.2808728990264],[-135.63415466291,66.28116606161765],[-135.63570208179792,66.28129029814009],[-135.63601203942167,66.28129375597781]]]}"
235_235,2.0299924218078194,235,2.545001841028993,0.5150094192211738,"{""type"":""Polygon"",""coordinates"":[[[-134.77824726278686,66.49553901005407],[-134.77982284300327,66.49544946341493],[-134.78127297528158,66.4951879532521],[-134.78248220725112,66.49477530072588],[-134.78335427893418,66.49424435949228],[-134.7838197866341,66.49363739851869],[-134.78384170334468,66.49300273558737],[-134.78341831754483,66.49239089004924],[-134.78258335912227,66.49185056142726],[-134.78140330562064,66.49142475399012],[-134.7799720859948,66.49114735545024],[-134.77840360489898,66.49104044154868],[-134.77682268225018,66.49111252044293],[-134.77535512729008,66.49135785614051],[-134.77411773421542,66.49175692461999],[-134.7732089925919,66.49227796647669],[-134.7727012497464,66.4928795129601],[-134.77263494833608,66.49351368495752],[-134.7730153988993,66.49413000292691],[-134.77381234685626,66.49467940489667],[-134.77496237163245,66.49511815275356],[-134.77637392979005,66.4954113155804],[-134.77793464234085,66.4955355522132],[-134.77824726278686,66.49553901005407]]]}"
236_236,1.0040562309240837,236,0.8391946431630061,-0.16486158776107762,"{""type"":""Polygon"",""coordinates"":[[[-134.67255784821168,66.19728434685693],[-134.67411481383377,66.19719480032924],[-134.675547814056,66.19693329046592],[-134.6767427607809,66.19652063833382],[-134.67760453126766,66.19598969746595],[-134.67806454145514,66.19538273671552],[-134.67808620123432,66.1947480737952],[-134.67766781868622,66.19413622805246],[-134.6768427247101,66.19359589907414],[-134.67567661125787,66.19317009124009],[-134.67426229774154,66.19289269238665],[-134.67271234361408,66.19278577835263],[-134.67115009484746,66.19285785733688],[-134.66969987507017,66.19310319331885],[-134.66847709919423,66.19350226218836],[-134.66757909343437,66.19402330441905],[-134.66707735024747,66.1946248511437],[-134.6670118340408,66.19525902317433],[-134.66738779200367,66.19587534095852],[-134.6681753264141,66.19642474258245],[-134.66931176559208,66.19686349004081],[-134.67070664755096,66.19715665254078],[-134.67224892121544,66.19728088902045],[-134.67255784821168,66.19728434685693]]]}"
237_237,-1.4945774550099569,237,0.5897278584759441,2.084305313485901,"{""type"":""Polygon"",""coordinates"":[[[-135.6321764015988,66.26250660341056],[-135.63373739657746,66.26241705685871],[-135.6351741052435,66.26215554693052],[-135.63637214418642,66.26174289471302],[-135.63723614449643,66.26121195376591],[-135.63769734469173,66.26060499296713],[-135.63771906009055,66.25997033004441],[-135.63729959452962,66.25935848434602],[-135.63647236527322,66.2588181554449],[-135.63530323432383,66.25839234769686],[-135.63388526126798,66.25811494891134],[-135.6323312967448,66.25800803490603],[-135.63076500578103,66.25808011387078],[-135.62931103358565,66.25832544979113],[-135.6280850936348,66.25872451857614],[-135.62718476396526,66.2592455607258],[-135.6266817220806,66.25984710739817],[-135.62661603591047,66.26048127942163],[-135.6269929663557,66.26109759724594],[-135.62778253844695,66.2616469989448],[-135.62892191839617,66.26208574648949],[-135.6303204101232,66.26237890906027],[-135.63186667511022,66.26250314557312],[-135.6321764015988,66.26250660341056]]]}"
238_238,1.9971999051114235,238,2.231524868378673,0.23432496326724928,"{""type"":""Polygon"",""coordinates"":[[[-135.06840769638006,66.4759014251069],[-135.06998203598644,66.47581187847517],[-135.07143102646205,66.47555036833229],[-135.07263930636128,66.4751377158323],[-135.0735106915,66.47460677462306],[-135.07397583280778,66.47399981366432],[-135.07399773239595,66.47336515073374],[-135.07357468004946,66.472753305182],[-135.07274037906424,66.47221297653628],[-135.07156125462632,66.4717871690727],[-135.07013116174286,66.47150977051196],[-135.06856391541447,66.47140285660157],[-135.06698423732445,66.4714749355018],[-135.06551783770306,66.47172027121833],[-135.06428141882202,66.47211933972378],[-135.0633733927131,66.47264038160539],[-135.0628660497285,66.47324192810485],[-135.06279980065105,66.47387610010448],[-135.06317995179668,66.47449241806154],[-135.06397627236873,66.47504182000827],[-135.06512539170416,66.47548056783864],[-135.0665358384407,66.47577373064371],[-135.068095322092,66.47589796726632],[-135.06840769638006,66.4759014251069]]]}"
239_239,-0.30327662734888033,239,-0.12017468507749184,0.18310194227138848,"{""type"":""Polygon"",""coordinates"":[[[-135.59597066018551,66.35402930421064],[-135.59753734806083,66.3539397576247],[-135.5989792962196,66.35367824760488],[-135.6001817040162,66.3532655952668],[-135.60104885474007,66.35273465420781],[-135.6015117362401,66.35212769334076],[-135.60153353021786,66.3514930304147],[-135.60111253451475,66.35088118477888],[-135.60028228841713,66.35034085598679],[-135.59910889418464,66.34991504836015],[-135.59768575073508,66.34963764967056],[-135.59612612011063,66.34953073570577],[-135.59455411811493,66.34960281464298],[-135.5930948443023,66.34984815047633],[-135.59186443397564,66.35024721914203],[-135.59096082095928,66.35076826117728],[-135.59045594420147,66.35136980777587],[-135.5903900178943,66.35200397978913],[-135.59076832231224,66.35262029767011],[-135.5915607733477,66.35316969947476],[-135.59270430817807,66.35360844714138],[-135.59410789998321,66.35390160981217],[-135.59565980413015,66.35402584637185],[-135.59597066018551,66.35402930421064]]]}"
240_240,-0.8748599251862207,240,0.1565881905182104,1.031448115704431,"{""type"":""Polygon"",""coordinates"":[[[-135.5057409214999,66.47152261071938],[-135.507314984765,66.47143306408931],[-135.50876372090823,66.47117155395087],[-135.5099717887373,66.47075890145672],[-135.5108430209508,66.4702279602529],[-135.51130808064605,66.46962099929748],[-135.51132997642023,66.46898633636705],[-135.51090699834924,66.46837449081227],[-135.51007284380574,66.46783416216128],[-135.50889392631336,66.46740835469181],[-135.50746408440764,66.4671309561264],[-135.50589711311918,66.46702404221406],[-135.50431771225007,66.46709612111563],[-135.50285156997617,66.46734145683638],[-135.50161536809318,66.46774052534762],[-135.5007075013625,66.46826156723476],[-135.50020024744543,66.46886311373781],[-135.5001340100249,66.46949728573794],[-135.50051409447636,66.47011360369224],[-135.5013102753007,66.47066300563385],[-135.50245919295256,66.4711017534583],[-135.50386939212416,66.47139491625852],[-135.50542860204263,66.47151915287886],[-135.5057409214999,66.47152261071938]]]}"
241_241,-0.5635618022566912,241,0.03164119468521378,0.5952029969419049,"{""type"":""Polygon"",""coordinates"":[[[-134.9887756942329,66.36901702511418],[-134.9903433187155,66.36892747852264],[-134.99178612888656,66.36866596848773],[-134.99298925545597,66.36825331612984],[-134.99385692449218,66.36772237505245],[-134.99432008260356,66.36711541417417],[-134.99434188950895,66.36648075124755],[-134.9939206420634,66.36586890562202],[-134.99308989962873,66.36532857684786],[-134.9919158039922,66.36490276924118],[-134.99049180989917,66.36462537056738],[-134.98893124707658,66.36451845660925],[-134.98735830549063,66.36459053554192],[-134.98589815944538,66.36483587136097],[-134.98466701364353,66.36523494000704],[-134.98376286044407,66.36575598202349],[-134.98325768180885,66.36635752860994],[-134.9831917159935,66.36699170062154],[-134.9835702464599,66.36760801851182],[-134.98436317114493,66.36815742033389],[-134.98550738954484,66.36859616802055],[-134.98691182042543,66.36888933070779],[-134.98846465233882,66.36901356727516],[-134.9887756942329,66.36901702511418]]]}"
242_242,-1.5685057278899843,242,-1.7724487237198236,-0.20394299582983932,"{""type"":""Polygon"",""coordinates"":[[[-135.2028171407374,66.43887820995704],[-135.20438914719935,66.43878866333928],[-135.20583599035152,66.4385271532339],[-135.2070424797461,66.43811450078326],[-135.20791257373958,66.43758355961981],[-135.20837702599394,66.43697659868903],[-135.20839889338046,66.43634193575983],[-135.20797646814037,66.43573009018246],[-135.2071434035601,66.43518976149211],[-135.2059660263598,66.43476395397883],[-135.20453805247715,66.43448655537881],[-135.20297312830647,66.43437964145186],[-135.20139579078818,66.43445172036336],[-135.19993156394727,66.4346970561155],[-135.1986969771771,66.4350961246698],[-135.19779029669587,66.43561716659823],[-135.1972837057066,66.43621871312791],[-135.19721755504813,66.43685288513169],[-135.19759714309558,66.43746920306556],[-135.19839228378007,66.43801860496899],[-135.19953970030434,66.43845735274944],[-135.2009480568546,66.43875051551358],[-135.2025052293846,66.438874752117],[-135.2028171407374,66.43887820995704]]]}"
243_243,-0.5423359767392124,243,-0.25006802426466024,0.2922679524745522,"{""type"":""Polygon"",""coordinates"":[[[-135.5078744301541,66.37603185427785],[-135.50944249342663,66.37594230768369],[-135.51088570744062,66.37568079764172],[-135.51208917074695,66.37526814527455],[-135.51295708260656,66.37473720418853],[-135.51342037030722,66.37413024330499],[-135.51344218326898,66.3734955803781],[-135.51302081788492,66.37288373475741],[-135.51218984292194,66.37234340599164],[-135.51101541868567,66.37191759839432],[-135.50959102607587,66.37164019972789],[-135.50803002652904,66.37153328577288],[-135.5064566447558,66.37160536470344],[-135.50499609007952,66.37185070051581],[-135.50376459971585,66.37224976915267],[-135.50286019344682,66.3727708111603],[-135.50235487338543,66.37337235774106],[-135.50228888906088,66.37400652975188],[-135.50266752542836,66.37462284764653],[-135.50346067201284,66.37517224947675],[-135.5046052106573,66.37561099717281],[-135.50601003463524,66.37590415986773],[-135.50756330119668,66.37602839643874],[-135.5078744301541,66.37603185427785]]]}"
244_244,-0.46886218025037985,244,-0.4783756342804314,-0.009513454030051549,"{""type"":""Polygon"",""coordinates"":[[[-135.53910358030706,66.6041424534861],[-135.5406860604063,66.60405290680572],[-135.5421425430317,66.60379139653203],[-135.54335707011515,66.60337874385993],[-135.54423296013874,66.60284780249101],[-135.5447005055928,66.6022408414348],[-135.5447225175293,66.60160617849942],[-135.54429727716465,66.60099433303704],[-135.54345866228243,66.60045400454695],[-135.54227344162317,66.60002819725665],[-135.54083595541582,66.59975079883284],[-135.53926060693806,66.5996438849803],[-135.5376727624512,66.59971596384123],[-135.53619878186578,66.59996129943357],[-135.53495597063574,66.60036036776872],[-135.53404324954536,66.600881409487],[-135.53353328279758,66.60148295588112],[-135.53346669032493,66.60211712786625],[-135.53384880615093,66.60273344590418],[-135.53464924342214,66.60328284800194],[-135.53580430397307,66.60372159600631],[-135.53722204350413,66.60401475895411],[-135.53878959080768,66.60413899564361],[-135.53910358030706,66.6041424534861]]]}"
245_245,1.3245071057105056,245,3.088803387236898,1.7642962815263925,"{""type"":""Polygon"",""coordinates"":[[[-135.03394888360896,66.5106754416039],[-135.03552542153537,66.51058589495902],[-135.03697643524765,66.5103243847808],[-135.03818640218404,66.50991173223433],[-135.03905900385655,66.50938079098194],[-135.039524794399,66.50877382999688],[-135.03954672432738,66.508139167065],[-135.03912308111245,66.50752732153738],[-135.03828761516996,66.50698699293372],[-135.03710684446185,66.50656118551694],[-135.03567475502834,66.5062837869932],[-135.034105320733,66.50617687309844],[-135.03252343732612,66.50624895198806],[-135.03105499048283,66.50649428767103],[-135.02981684536294,66.50689335613048],[-135.02890755138571,66.50741439796796],[-135.02839949986077,66.50801594443897],[-135.02833315805103,66.50865011643468],[-135.02871383975466,66.50926643441359],[-135.02951127203193,66.50981583640112],[-135.03066199577847,66.51025458427848],[-135.0320744119164,66.51054774712212],[-135.03363607313707,66.51067198376279],[-135.03394888360896,66.5106754416039]]]}"
248_248,-4.1170360071391565,248,-4.291460561087272,-0.17442455394811507,"{""type"":""Polygon"",""coordinates"":[[[-135.27509571991362,66.41423168276553],[-135.27666617738385,66.41414213615704],[-135.27811159491225,66.41388062607656],[-135.27931689557744,66.41346797365871],[-135.2801861323698,66.41293703252569],[-135.28065012715615,66.41233007161345],[-135.28067197316338,66.41169540868516],[-135.28024996426362,66.41108356309077],[-135.27941772054166,66.41054323437082],[-135.27824150334544,66.41011742682451],[-135.27681493628356,66.40984002819842],[-135.27525155381107,66.40973311426043],[-135.27367577021624,66.40980519317942],[-135.27221298590075,66.41005052895521],[-135.2709796154828,66.41044959754194],[-135.2700738283737,66.4109706395015],[-135.2695677366395,66.41157218605123],[-135.2695016513217,66.41220635805777],[-135.26988086552373,66.41282267597624],[-135.27067522287192,66.41337207785091],[-135.27182150888711,66.41381082559822],[-135.27322847774724,66.41410398833517],[-135.27478411590693,66.41422822492586],[-135.27509571991362,66.41423168276553]]]}"
249_249,0.7892179846939057,249,0.7719270772208469,-0.017290907473058836,"{""type"":""Polygon"",""coordinates"":[[[-134.58089354575478,66.6363055292832],[-134.58247808197393,66.63621598259054],[-134.5839364569609,66.63595447228384],[-134.58515256195295,66.6355418195683],[-134.58602958981595,66.63501087815905],[-134.58649774250617,66.63440391707826],[-134.5865197828182,66.63376925414167],[-134.58609398980468,66.63315740870182],[-134.58525428532153,66.632617080251],[-134.58406752488406,66.63219127300447],[-134.58262817127812,66.63191387461522],[-134.58105077636773,66.63180696077727],[-134.57946086922058,66.63187903962829],[-134.57798497384275,66.63212437518929],[-134.57674054803897,66.63252344348143],[-134.57582664109378,66.6330444851585],[-134.5753160116371,66.63364603152603],[-134.5752493324287,66.63428020350749],[-134.57563194449082,66.63489652156585],[-134.57643342155373,66.63544592370172],[-134.5775899827318,66.63588467175003],[-134.5790095642714,66.63617783473386],[-134.58057914828646,66.63630207144021],[-134.58089354575478,66.6363055292832]]]}"
250_250,-0.7475657723684688,250,-0.9898680863846385,-0.24230231401616975,"{""type"":""Polygon"",""coordinates"":[[[-135.38507621001335,66.31252339152249],[-135.38664031050544,66.31243384495205],[-135.38807987735018,66.31217233497387],[-135.3892802995325,66.31175968269058],[-135.39014601841492,66.31122874168241],[-135.39060813577382,66.3106217808464],[-135.39062989403848,66.30998711792185],[-135.39020959377498,66.3093752722576],[-135.38938071881137,66.30883494341597],[-135.38820926221192,66.30840913573415],[-135.38678846867077,66.30813173700098],[-135.38523141325027,66.30802482301776],[-135.38366200687915,66.3080969019675],[-135.38220514261505,66.30834223784038],[-135.38097676404365,66.30874130656031],[-135.38007464328618,66.30926234864755],[-135.3795706004661,66.30986389527966],[-135.3795047833001,66.31049806729754],[-135.37988246325722,66.31111438515276],[-135.38067360583244,66.31166378690936],[-135.3818152522976,66.31210253452058],[-135.38321652615173,66.31239569714592],[-135.38476586733847,66.31251993368433],[-135.38507621001335,66.31252339152249]]]}"
251_251,5.687146189173944,251,3.5716139997055474,-2.115532189468397,"{""type"":""Polygon"",""coordinates"":[[[-134.92667248358256,66.50657486730938],[-134.92824876193222,66.50648532066607],[-134.92969953674157,66.50622381049203],[-134.9309093044733,66.50581115795103],[-134.931781762498,66.50528021670374],[-134.9322474763791,66.50467325572178],[-134.93226940272493,66.50403859279005],[-134.93184582927955,66.50342674725958],[-134.93101050089476,66.50288641865096],[-134.92982992457755,66.50246061122867],[-134.9283980708958,66.50218321270054],[-134.9268288949547,66.50207629880396],[-134.92524727195067,66.50214837769482],[-134.92377906684249,66.50239371338175],[-134.92254112555614,66.50279278184664],[-134.92163198128827,66.50331382368933],[-134.92112401342752,66.50391537016368],[-134.92105768256758,66.50454954215986],[-134.9214383016232,66.50516586013619],[-134.92223560263076,66.50571526211891],[-134.9233861369291,66.50615400999072],[-134.92479832052092,66.5064471728298],[-134.9263597246151,66.50657140946835],[-134.92667248358256,66.50657486730938]]]}"
252_252,0.22847098440580738,252,-0.3792870011631373,-0.6077579855689447,"{""type"":""Polygon"",""coordinates"":[[[-135.17683246667818,66.63453229390876],[-135.17841688938583,66.63444274721677],[-135.1798751599019,66.6341812369119],[-135.18109117778292,66.63376858419875],[-135.1819681428296,66.63323764279173],[-135.18243626199637,66.63263068171229],[-135.1824583007419,66.63199601877577],[-135.18203253823827,66.63138417333467],[-135.18119289390833,66.63084384488168],[-135.18000621847688,66.63041803763274],[-135.17856696796372,66.63014063924157],[-135.17698968603,66.63003372540282],[-135.17539989275537,66.6301058042544],[-135.1739241030868,66.63035113981712],[-135.1726797664182,66.63075020811164],[-135.17176592494008,66.63127124979098],[-135.17125533206936,66.63187279615998],[-135.17118865764934,66.63250696814166],[-135.17157124231596,66.63312328619887],[-135.17237266197546,66.63367268833264],[-135.17352914030894,66.63411143637853],[-135.1749486201574,66.63440459936035],[-135.17651809173248,66.6345288360658],[-135.17683246667818,66.63453229390876]]]}"
253_253,2.6983457020939197,253,3.6444650649456576,0.9461193628517379,"{""type"":""Polygon"",""coordinates"":[[[-134.77211296655167,66.48773681201855],[-134.7736880536058,66.48764726538236],[-134.77513773199934,66.48738575522746],[-134.7763465855058,66.48697310271166],[-134.77721838427652,66.48644216148774],[-134.77768374632976,66.48583520052006],[-134.77770565623393,66.48520053758904],[-134.77728240298714,66.48458869204549],[-134.77644770590638,66.48404836341409],[-134.77526802172238,66.4836225559664],[-134.77383724999459,66.48334515741824],[-134.77226925973844,66.48323824351318],[-134.77068883182156,66.48331032240979],[-134.76922173612698,66.48355565811492],[-134.7679847303098,66.48395472660472],[-134.7670762731147,66.48447576847133],[-134.7665686892203,66.48507731496112],[-134.76650240861315,66.48571148695942],[-134.76688274015314,66.4863278049239],[-134.76767943871462,66.48687720688451],[-134.7688291035637,66.48731595473086],[-134.77024021991372,66.48760911754904],[-134.77180044395735,66.48773335417779],[-134.77211296655167,66.48773681201855]]]}"
254_254,-0.42612190483826695,254,-0.20961157720679305,0.2165103276314739,"{""type"":""Polygon"",""coordinates"":[[[-135.44022914203268,66.6064243103109],[-135.44181176781404,66.60633476362963],[-135.44326838451886,66.60607325335361],[-135.44448302340177,66.60566060067845],[-135.44535899404465,66.60512965930666],[-135.44582658252324,66.60452269824872],[-135.44584859647023,66.60388803531325],[-135.44542331694876,66.60327618985244],[-135.44458462486512,66.60273586136513],[-135.44339929510804,66.60231005407796],[-135.44196167658995,66.60203265565659],[-135.4403861831164,66.60192574180508],[-135.43879819248392,66.6019978206653],[-135.4373240762298,66.60224315625544],[-135.43608115060243,66.60264222458753],[-135.43516834549075,66.6031632663029],[-135.4346583317881,66.60376481269513],[-135.43459173316998,66.60439898468],[-135.4349738841558,66.60501530271938],[-135.43577439509932,66.60556470481983],[-135.43692956197413,66.60600345282732],[-135.43834743201694,66.60629661577768],[-135.4399151236275,66.60642085246837],[-135.44022914203268,66.6064243103109]]]}"
255_255,-0.3360232027872734,255,-0.23745134763310952,0.09857185515416386,"{""type"":""Polygon"",""coordinates"":[[[-135.60068729274641,66.6165842606629],[-135.6022705675327,66.61649471397776],[-135.6037277815529,66.61623320369132],[-135.6049429184955,66.61582055100243],[-135.60581924829222,66.6152896096179],[-135.6062870284422,66.6146826485522],[-135.60630905134585,66.61404798561635],[-135.60588359738333,66.61343614016268],[-135.6050445613721,66.61289581168776],[-135.60385874559097,66.61247000441439],[-135.60242053763696,66.61219260600393],[-135.60084439821614,66.61208569215704],[-135.59925575651422,66.61215777101414],[-135.5977810358645,66.61240310659436],[-135.59653760060425,66.61280217491287],[-135.5956244211829,66.61332321661524],[-135.5951141982992,66.61392476299909],[-135.59504757230334,66.6145589349828],[-135.59542987992393,66.61517525302861],[-135.596230719073,66.61572465514111],[-135.59738635961398,66.61616340316247],[-135.5988048110784,66.61645656612419],[-135.60037314556772,66.61658080282021],[-135.60068729274641,66.6165842606629]]]}"
256_256,1.208798507631155,256,0.8765613534553404,-0.33223715417581456,"{""type"":""Polygon"",""coordinates"":[[[-134.57753416490024,66.48701195620524],[-134.57910920615475,66.48692240956933],[-134.58055884239636,66.48666089941517],[-134.58176766075522,66.48624824690033],[-134.5826394341808,66.48571730567731],[-134.58310478270792,66.48511034471017],[-134.58312669197997,66.48447568177919],[-134.5827034510433,66.48386383623513],[-134.58186877823317,66.48332350760285],[-134.5806891283474,66.48289770015421],[-134.57925839821556,66.48262030160528],[-134.57769045354337,66.48251338769987],[-134.57611007157186,66.48258546659672],[-134.57464301852895,66.48283080230253],[-134.57340604867605,66.4832298707933],[-134.57249761789564,66.48375091266082],[-134.57199004876293,66.48435245915121],[-134.57192377008772,66.48498663114958],[-134.57230409057414,66.48560294911363],[-134.57310076597443,66.48615235107337],[-134.57425039739735,66.48659109891874],[-134.575661472717,66.48688426173612],[-134.57722165139336,66.4870084983645],[-134.57753416490024,66.48701195620524]]]}"
257_257,-0.3905663004660438,257,-0.5435328190095021,-0.15296651854345833,"{""type"":""Polygon"",""coordinates"":[[[-135.5104445925836,66.63398954415314],[-135.51202898055138,66.63389999746136],[-135.51348721909434,66.63363848715704],[-135.51470321031525,66.63322583444463],[-135.51558015613713,66.63269489303829],[-135.51604826504416,66.63208793195928],[-135.51607030331027,66.63145326902276],[-135.5156445501441,66.63084142358129],[-135.51480492422388,66.63030109512763],[-135.51361827480832,66.62987528787797],[-135.51217905584645,66.6295978894862],[-135.51060180848893,66.62949097564722],[-135.50901205006477,66.62956305449895],[-135.50753629274823,66.62980839006221],[-135.50629198335926,66.63020745835745],[-135.50537816191715,66.63072850003749],[-135.50486758024346,66.63133004640693],[-135.5048009072889,66.63196421838866],[-135.50518348357122,66.63258053644554],[-135.50598488566254,66.63312993857866],[-135.50714133864165,66.6335686866238],[-135.5085607873678,66.63386184960504],[-135.5101302245309,66.63398608631019],[-135.5104445925836,66.63398954415314]]]}"
258_258,-0.6033494318395848,258,-0.30430768066045694,0.29904175117912785,"{""type"":""Polygon"",""coordinates"":[[[-134.688959604568,66.55883358340168],[-134.69053919804338,66.55874403673855],[-134.69199302394796,66.55848252651123],[-134.69320533577653,66.55806987390014],[-134.69407962836598,66.5575389325878],[-134.69454632130933,66.55693197156616],[-134.69456829340797,66.55629730863248],[-134.69414382891648,66.55568546313842],[-134.69330674374478,66.55514513459316],[-134.69212368480868,66.55471932724143],[-134.69068882027722,66.55444192876908],[-134.68911634482492,66.55433501489604],[-134.68753139614566,66.55440709377089],[-134.68606010377337,66.55465242940727],[-134.6848195592734,66.55505149780278],[-134.68390850302617,66.55557253957898],[-134.6833994666669,66.55617408601043],[-134.68333299596327,66.5568082580007],[-134.68371441511349,66.55742457600996],[-134.6845133926015,66.55797397805418],[-134.6856663463943,66.55841272599687],[-134.68708149989615,66.55870588889407],[-134.68864618782357,66.55883012555987],[-134.688959604568,66.55883358340168]]]}"
259_259,-0.07359663123215301,259,0.12485242855083896,0.198449059782992,"{""type"":""Polygon"",""coordinates"":[[[-134.69661493304943,66.57069499323663],[-134.69819528110057,66.57060544656899],[-134.6996498014833,66.57034393632955],[-134.70086269238897,66.56993128370252],[-134.70173740255458,66.56940034237539],[-134.70220431834795,66.5687933813447],[-134.7022263008605,66.56815871841059],[-134.70180163355252,66.5675468729248],[-134.700964148508,66.56700654439396],[-134.69978052448815,66.5665807370583],[-134.69834497463933,66.56630333859864],[-134.69677174816576,66.56619642473095],[-134.69518604250987,66.56626850360217],[-134.69371404742708,66.56651383922703],[-134.69247291039412,66.56691290760676],[-134.6915614189498,66.56743394936781],[-134.69105213938306,66.56803549578952],[-134.69098563684858,66.56866966777844],[-134.69136723811292,66.56928598579519],[-134.69216659719456,66.5698353878534],[-134.693320101703,66.57027413581223],[-134.6947359312039,66.57056729872265],[-134.6963013665844,66.57069153539463],[-134.69661493304943,66.57069499323663]]]}"
260_260,-3.384548961592424,260,-3.7507285829690113,-0.3661796213765873,"{""type"":""Polygon"",""coordinates"":[[[-135.28996541349045,66.54225351573979],[-135.2915439535279,66.54216396908296],[-135.2929968098948,66.54190245887257],[-135.29420831329313,66.54148980628375],[-135.2950820229184,66.54095886499209],[-135.2955484047481,66.54035190398305],[-135.29557036230818,66.53971724104998],[-135.29514618096192,66.53910539554434],[-135.29430965403932,66.53856506697895],[-135.29312738399773,66.53813925960482],[-135.29169347621507,66.53786186111475],[-135.29012204923862,66.53775494723422],[-135.2885381573493,66.53782702611416],[-135.28706784600777,66.5380723617666],[-135.2858281287233,66.53847143018415],[-135.28491768004022,66.53899247198147],[-135.28440898321472,66.53959401842656],[-135.28434255694896,66.5402281904187],[-135.28472372185556,66.5408445084175],[-135.2855221666134,66.54139391044218],[-135.28667435157053,66.54183265836237],[-135.2880885613327,66.54212582124109],[-135.28965220576592,66.54225005789822],[-135.28996541349045,66.54225351573979]]]}"
261_261,3.953717260759245,261,3.287045557875916,-0.6666717028833289,"{""type"":""Polygon"",""coordinates"":[[[-134.85104190763707,66.59384312984675],[-134.8526237305543,66.59375358317028],[-134.85407960833854,66.59349207290717],[-134.85529363108697,66.59307942024894],[-134.85616915743145,66.5925484788929],[-134.85663650879914,66.59194151784456],[-134.85665851166607,66.59130685490958],[-134.8562334479403,66.59069500943997],[-134.85539518131898,66.5901546809373],[-134.85421045280745,66.58972887363305],[-134.85277356346265,66.58945147519819],[-134.85119886907088,66.58934456134098],[-134.84961168385664,66.58941664020509],[-134.84813831528197,66.58966197580745],[-134.846896020106,66.59006104415631],[-134.84598367804142,66.59058208588779],[-134.84547392311018,66.59118363229042],[-134.8454073583601,66.59181780427673],[-134.8457893155778,66.59243412230812],[-134.84658942050817,66.59298352439369],[-134.84774400142499,66.59342227238403],[-134.84916115220884,66.5937154353203],[-134.8507280485337,66.59383967200439],[-134.85104190763707,66.59384312984675]]]}"
262_262,2.530370855840114,262,1.3264301576472957,-1.2039406981928182,"{""type"":""Polygon"",""coordinates"":[[[-134.94965182408453,66.50668982622027],[-134.95122810971012,66.50660027957692],[-134.95267889121587,66.50633876940275],[-134.95388866453126,66.50592611686159],[-134.95476112658244,66.50539517561417],[-134.95522684261235,66.50478821463213],[-134.95524876905858,66.5041535517004],[-134.9548251936576,66.50354170617001],[-134.95398986141706,66.50300137756152],[-134.9528092796511,66.50257557013937],[-134.95137741936125,66.50229817161137],[-134.94980823617846,66.50219125771483],[-134.94822660587536,66.50226333660567],[-134.94675839399136,66.50250867229249],[-134.9455204469916,66.50290774075721],[-134.9446112985274,66.50342878259976],[-134.94410332832152,66.50403032907404],[-134.94403699715468,66.5046645010702],[-134.94441761796628,66.5052808190466],[-134.94521492265338,66.50583022102946],[-134.94636546226192,66.50626896890142],[-134.947777652372,66.50656213174062],[-134.9493390636734,66.50668636837923],[-134.94965182408453,66.50668982622027]]]}"
263_263,-1.6340949857929457,263,-1.5799520648490455,0.054142920943900164,"{""type"":""Polygon"",""coordinates"":[[[-135.2477561985363,66.32256599226362],[-135.24932092420173,66.32247644568943],[-135.25076106642857,66.32221493570118],[-135.2519619683826,66.32180228340466],[-135.25282803323202,66.32127134238422],[-135.2532903352257,66.32066438154071],[-135.25331210211957,66.3200297186158],[-135.25289163382138,66.31941787295841],[-135.25206242755914,66.31887754412874],[-135.2508905027814,66.31845173646026],[-135.24946914144638,66.31817433773762],[-135.24791146379522,66.31806742375886],[-135.24634143025932,66.31813950270556],[-135.24488398379088,66.3183848385689],[-135.24365511429903,66.31878390727572],[-135.2427526329763,66.31930494935038],[-135.24224838865706,66.31990649597441],[-135.24218254512004,66.32054066799118],[-135.24256037596186,66.32115698585262],[-135.24335183469222,66.32170638762082],[-135.2444939374314,66.32214513524544],[-135.24589577135765,66.32243829788176],[-135.2474457318165,66.3225625344253],[-135.2477561985363,66.32256599226362]]]}"
264_264,1.336130327399869,264,1.6790208955811123,0.3428905681812433,"{""type"":""Polygon"",""coordinates"":[[[-135.03498188468356,66.64484731277717],[-135.03656696794377,66.64475776608121],[-135.03802584640306,66.64449625576574],[-135.0392423712056,66.64408360303864],[-135.04011970179639,66.64355266161867],[-135.04058801604472,66.64294570053133],[-135.04061006390612,66.64231103759442],[-135.04018412385753,66.64169919216057],[-135.03934412948055,66.64115886372021],[-135.03815695937746,66.6407330564853],[-135.03671710894085,66.64045565810525],[-135.03513916956692,66.6403487442712],[-135.03354871363885,66.64042082311957],[-135.03207230882097,66.64066615867223],[-135.03082745345182,66.64106522695293],[-135.029913231004,66.64158626861904],[-135.02940242523027,66.64218781497951],[-135.0293357229453,66.64282198695999],[-135.02971846703343,66.64343830502376],[-135.03052022073805,66.64398770716977],[-135.03167718116546,66.64442645522978],[-135.03309725278064,66.64471961822319],[-135.03466737867308,66.64484385493404],[-135.03498188468356,66.64484731277717]]]}"
265_265,-2.572991799091267,265,-2.6132091789502483,-0.04021737985898133,"{""type"":""Polygon"",""coordinates"":[[[-135.35468186542346,66.21122980556227],[-135.35623969066117,66.21114025902942],[-135.3576734820361,66.21087874915227],[-135.3588690884493,66.21046609700194],[-135.35973133464262,66.20993515611715],[-135.3601915987044,66.2093281953564],[-135.36021327034953,66.20869353243556],[-135.35979465675356,66.20808168670229],[-135.35896910724063,66.20754135774045],[-135.35780235004088,66.20711554992475],[-135.35638725580478,66.2068381510858],[-135.35483644610648,66.20673123705791],[-135.35327333498455,66.206803316038],[-135.3518223146729,66.20704865200682],[-135.35059886377883,66.2074477208583],[-135.34970036224027,66.2079687630717],[-135.3491983419916,66.2085703097852],[-135.34913278952544,66.2092044818143],[-135.3495089549561,66.20982079960704],[-135.35029692408182,66.21037020124697],[-135.3514339906387,66.21080894872375],[-135.352829642699,66.21110211123884],[-135.354372767865,66.21122634772559],[-135.35468186542346,66.21122980556227]]]}"
266_266,1.109858126512437,266,3.5397976174607324,2.4299394909482954,"{""type"":""Polygon"",""coordinates"":[[[-134.96227537958947,66.29100186815327],[-134.9638381421634,66.29091232159084],[-134.96527647764685,66.2906508116342],[-134.96647587308138,66.29023815937924],[-134.9673408515681,66.2897072183974],[-134.9678025737945,66.2891002575774],[-134.96782431359182,66.28846559465364],[-134.96740437293522,66.28785374897468],[-134.96657620697562,66.28731342010742],[-134.96540575231327,66.28688761239708],[-134.96398617389414,66.28661021364137],[-134.9624304500946,66.28650329964861],[-134.96086238590385,66.28657537860482],[-134.95940676760137,66.28682071449816],[-134.95817943963704,66.28721978324612],[-134.95727809051652,66.28774082536025],[-134.9567744789198,66.28834237200972],[-134.95670871818962,66.28897654402999],[-134.957086075242,66.2895928618719],[-134.95787654122097,66.29014226360361],[-134.95901721122522,66.29058101118616],[-134.96041728648262,66.29087417378804],[-134.96196530238012,66.29099841031542],[-134.96227537958947,66.29100186815327]]]}"
267_267,-0.2287372513140554,267,-0.25059717539789217,-0.021859924083836774,"{""type"":""Polygon"",""coordinates"":[[[-135.4866764035334,66.66088602117001],[-135.4882625150763,66.66079647446794],[-135.48972233992131,66.66053496413596],[-135.4909396538489,66.66012231138713],[-135.4918175534824,66.65959136994701],[-135.49228617141432,66.65898440884737],[-135.49230823346628,66.65834974590986],[-135.49188201703325,66.65773790048728],[-135.49104147773778,66.65719757206655],[-135.489853537579,66.65677176485353],[-135.48841275324122,66.65649436649075],[-135.48683379042976,66.656387452664],[-135.48524230294862,66.65645953150741],[-135.48376494052755,66.6567048670444],[-135.4825192776969,66.6571039353036],[-135.48160446219327,66.6576249769491],[-135.48109332499317,66.65822652329626],[-135.48102657933066,66.65886069527492],[-135.48140957159035,66.6594770133489],[-135.48221184530317,66.66002641551398],[-135.48336955620655,66.66046516359594],[-135.48479054902543,66.66075832660736],[-135.48636169349425,66.66088256332667],[-135.4866764035334,66.66088602117001]]]}"
268_268,5.875260934467448,268,5.339338243848946,-0.5359226906185022,"{""type"":""Polygon"",""coordinates"":[[[-134.86410476186123,66.60284905138901],[-134.86568715939796,66.60275950470911],[-134.86714356603645,66.60249799443676],[-134.86835802975972,66.60208534176641],[-134.86923387409385,66.6015544003991],[-134.86970139516464,66.60094743934388],[-134.8697234059617,66.60031277640856],[-134.8692981877884,66.59970093094525],[-134.8684596166586,66.59916060245357],[-134.86727445782844,66.59873479516153],[-134.8658370466056,66.59845739673634],[-134.86426178030143,66.5983504828832],[-134.86267401863972,66.59842256174453],[-134.86120011494197,66.59866789733813],[-134.85995736854437,66.59906696567501],[-134.85904469507145,66.59958800739494],[-134.85853475493442,66.60018955379014],[-134.85846816594457,66.60082372577541],[-134.85885026184445,66.60144004381253],[-134.8596506573633,66.60198944590874],[-134.86080565765724,66.60242819391136],[-134.8622233232233,66.60272135685771],[-134.86379078874367,66.60284559354653],[-134.86410476186123,66.60284905138901]]]}"
269_269,5.001871019951399,269,5.000376405207853,-0.0014946147435459523,"{""type"":""Polygon"",""coordinates"":[[[-134.8516711425906,66.20365456333992],[-134.85322850075167,66.20356501680988],[-134.85466186224963,66.20330350694024],[-134.85585711021776,66.20289085479982],[-134.85671909793345,66.20235991392421],[-134.85717922405132,66.20175295316906],[-134.85720088924904,66.20111829024852],[-134.85678240119415,66.20050644451011],[-134.85595709919951,66.19996611553931],[-134.85479069178334,66.19954030771365],[-134.85337602175537,66.19926290886681],[-134.85182567693596,66.19915599483559],[-134.85026303437922,66.19922807381795],[-134.8488124490421,66.19947340979391],[-134.84758936492267,66.19987247865518],[-134.84669113276806,66.20039352087798],[-134.84618926306234,66.20099506759755],[-134.84612373029796,66.20162923962747],[-134.84649978299993,66.20224555741557],[-134.84728751592084,66.20279495904681],[-134.84842424158813,66.20323370651357],[-134.84981947520978,66.20352686902045],[-134.85136213770798,66.20365110550334],[-134.8516711425906,66.20365456333992]]]}"
270_270,-2.7776423866514994,270,-2.874914952751224,-0.09727256609972468,"{""type"":""Polygon"",""coordinates"":[[[-135.31666677391584,66.64668289573657],[-135.3182519747861,66.64659334903993],[-135.31971096148848,66.64633183872257],[-135.32092757654735,66.64591918599298],[-135.32180497222257,66.64538824457071],[-135.3222733212048,66.64478128348196],[-135.32229537068923,66.64414662054499],[-135.3218693990291,66.64353477511243],[-135.32102934232697,66.64299444667431],[-135.31984208414858,66.6425686394419],[-135.3184021268968,66.64229124106383],[-135.31682407046694,66.64218432723061],[-135.31523349655475,66.64225640607842],[-135.31375698221078,66.64250174162927],[-135.31251203448804,66.64290080990753],[-135.31159774420934,66.64342185157128],[-135.3110869005286,66.64402339793023],[-135.31102019328233,66.64465756991049],[-135.31140296575518,66.64527388797543],[-135.31220477893584,66.64582329012363],[-135.31336182519914,66.64626203818614],[-135.3147820021772,66.64655520118161],[-135.31635224456952,66.64667943789344],[-135.31666677391584,66.64668289573657]]]}"
272_272,0.03603127113841664,272,-0.9588673226859474,-0.9948985938243641,"{""type"":""Polygon"",""coordinates"":[[[-135.55514178878514,66.5642342596859],[-135.5567217257323,66.56414471302072],[-135.55817586775314,66.56388320278789],[-135.55938844316913,66.56347055016954],[-135.5602629258331,66.56293960885048],[-135.56072972021448,66.56233264782472],[-135.5607516970534,66.56169798489084],[-135.56032714024283,66.56108613940053],[-135.5594898730549,66.56054581086184],[-135.558306556901,66.56012000351744],[-135.5568713804231,66.55984260505086],[-135.55529856311696,66.55973569118026],[-135.55371326987307,66.55980777005347],[-135.55224165763724,66.56005310568459],[-135.55100084342493,66.56045217407292],[-135.55008958908243,66.56097321584221],[-135.54958044201868,66.56157476226923],[-135.54951395682613,66.56220893425889],[-135.54989545887202,66.56282525227157],[-135.55069461005587,66.56337465432216],[-135.55184781452633,66.56381340227219],[-135.553263275733,66.56410656517542],[-135.55482830389008,66.564230801844],[-135.55514178878514,66.5642342596859]]]}"
273_273,2.540827462551226,273,2.8099234607196655,0.26909599816843954,"{""type"":""Polygon"",""coordinates"":[[[-135.00571090550645,66.24045698415058],[-135.00727053572712,66.24036743760692],[-135.00870598832958,66.2401059277007],[-135.00990297992695,66.23969327551212],[-135.01076622498778,66.23916233459184],[-135.01122702212328,66.23855537380943],[-135.01124871868373,66.23792071088754],[-135.0108296199434,66.23730886517413],[-135.0100031139143,66.23676853624686],[-135.00883500500223,66.2363427284697],[-135.00741827144557,66.23606532966116],[-135.00586566525786,66.23595841564614],[-135.00430074340076,66.2360304946175],[-135.00284804216292,66.23627583055871],[-135.00162317389575,66.23667489937233],[-135.00072363134296,66.23719594154943],[-135.00022102933215,66.23779748823951],[-135.0001554007295,66.23843166026539],[-135.00053200179158,66.23904797807612],[-135.00132088371302,66.23959737974958],[-135.00245926761227,66.24003612726506],[-135.00385653669755,66.24032928981187],[-135.0054014498089,66.24045352631347],[-135.00571090550645,66.24045698415058]]]}"
274_274,-5.692062500134697,274,-5.365070534351657,0.3269919657830398,"{""type"":""Polygon"",""coordinates"":[[[-135.2847063862539,66.50509363319075],[-135.28628257086066,66.50500408654801],[-135.2877332593932,66.50474257637546],[-135.2889429551847,66.50432992383644],[-135.28981536133278,66.503798982591],[-135.29028104752862,66.50319202161016],[-135.2903029725807,66.50255735867849],[-135.28987942433167,66.50194551314699],[-135.2890441456241,66.50140518453658],[-135.28786363950874,66.50097937711229],[-135.28643187096577,66.50070197858258],[-135.28486278832602,66.50059506468531],[-135.2832812593632,66.50066714357663],[-135.28181314155464,66.500912479265],[-135.28057527388023,66.50131154773185],[-135.27966618367805,66.50183258957642],[-135.2791582460315,66.502434136052],[-135.279091919126,66.50306830804834],[-135.27947251555702,66.50368462602374],[-135.28026976915822,66.50423402800472],[-135.28142023503975,66.50467277587454],[-135.28283233465044,66.50496593871196],[-135.2843936458866,66.50509017534974],[-135.2847063862539,66.50509363319075]]]}"
275_275,-0.3301518701040327,275,-2.5877493265068514,-2.2575974564028187,"{""type"":""Polygon"",""coordinates"":[[[-135.20000723720992,66.54767595420944],[-135.20158612160043,66.54758640755055],[-135.20303929489467,66.54732489733462],[-135.20425106255672,66.54691224473852],[-135.20512496274424,66.5463813034401],[-135.20559144627236,66.54577434242695],[-135.2056134085849,66.54513967949369],[-135.2051891346827,66.54452783399182],[-135.20435242527685,66.54398750543302],[-135.20316989735744,66.54356169806621],[-135.20173567682795,66.54328429958193],[-135.20016390712044,66.54317738570384],[-135.1985796697823,66.54324946458215],[-135.19710903775652,66.54349480022933],[-135.1958690500677,66.54389386863967],[-135.19495840278103,66.54441491043006],[-135.194449594967,66.54501645687071],[-135.19438315417523,66.54565062886225],[-135.19476440219023,66.54626694686446],[-135.19556302108958,66.54681634889553],[-135.1967154573676,66.54725509682306],[-135.1981299756241,66.54754825970784],[-135.19969396115994,66.5476724963678],[-135.20000723720992,66.54767595420944]]]}"
276_276,1.3346229129617202,276,1.5583499248959467,0.2237270119342265,"{""type"":""Polygon"",""coordinates"":[[[-134.6134685859865,66.63034916387745],[-134.61505274098664,66.63025961718706],[-134.6165107651166,66.62999810688648],[-134.61772657755338,66.629585454179],[-134.61860339445303,66.62905451277722],[-134.61907143455747,66.628447551701],[-134.6190934696085,66.62781288876462],[-134.61866777905993,66.6272010433206],[-134.6178282765964,66.6266607148625],[-134.61664180164462,66.62623490760785],[-134.61520279426733,66.6259575092122],[-134.61362577877978,66.62585059537155],[-134.6120362540642,66.6259226742244],[-134.6105607137022,66.6261680097912],[-134.60931658725164,66.62656707809131],[-134.6084029001722,66.62708811977605],[-134.6078923935864,66.62768966614848],[-134.60782573045947,66.62832383813064],[-134.60820825051601,66.6289401561852],[-134.6090095347943,66.629489558314],[-134.61016581774564,66.62992830635417],[-134.61158505776396,66.63022146933132],[-134.61315426415848,66.63034570603456],[-134.6134685859865,66.63034916387745]]]}"
277_277,3.9298379541336717,277,4.07408585728807,0.1442479031543984,"{""type"":""Polygon"",""coordinates"":[[[-134.8490575253024,66.6000724472458],[-134.85063974563025,66.59998290056697],[-134.85209598917353,66.59972139029746],[-134.85331031690308,66.59930873763085],[-134.8541860631713,66.598777796267],[-134.8546535319068,66.59817083521392],[-134.85467554025826,66.5975361722787],[-134.85425036971554,66.59692432681344],[-134.85341189249417,66.59638399831839],[-134.85222686637144,66.59595819102258],[-134.85078961609238,66.5956807925944],[-134.84921452616223,66.59557387874],[-134.8476269422731,66.59564595760219],[-134.8461532036038,66.59589129319849],[-134.84491059635997,66.59629036153906],[-134.8439980250912,66.59681140326256],[-134.8434881420704,66.59741294966005],[-134.84342156055598,66.59804712164564],[-134.84380361368716,66.59866343968099],[-134.84460391959047,66.59921284177393],[-134.84575879055126,66.59965158977276],[-134.84717629736184,66.59994475271601],[-134.84874358734606,66.60006898940335],[-134.8490575253024,66.6000724472458]]]}"
