system:index,area_m2,control,count,label,mean,net_change,.geo
00000000000000000111_00000000000000000111,15682.0,-0.16377596937485625,2,-124820339556087,-0.17878157840623873,-0.015005609031382483,"{""type"":""Polygon"",""coordinates"":[[[-135.52444170004017,66.19030743028651],[-135.524406076748,66.18871555191029],[-135.52243491955105,66.18872445594857],[-135.5224707476858,66.19031633355307],[-135.52444170004017,66.19030743028651]]]}"
00000000000000000112_00000000000000000112,15682.0,-1.5657614269756157,2,-124820339556166,-2.222161113104654,-0.6563996861290382,"{""type"":""Polygon"",""coordinates"":[[[-135.37065178757058,66.18999974570204],[-135.37063833258958,66.18920162120439],[-135.3666965342617,66.18921050033998],[-135.36670543479386,66.19000863828285],[-135.37065178757058,66.18999974570204]]]}"
00000000000000000114_00000000000000000114,15682.0,-1.4790424486121374,2,-124846109360033,-1.637810301900681,-0.1587678532885437,"{""type"":""Polygon"",""coordinates"":[[[-135.18923757608883,66.18637006674716],[-135.1892242463319,66.18477814582958],[-135.18725339639835,66.1847826394423],[-135.18726677198063,66.1863745017461],[-135.18923757608883,66.18637006674716]]]}"
00000000000000000115_00000000000000000115,15682.0,-0.04593679995683246,2,-124854699294445,-1.052239667807932,-1.0063028678510995,"{""type"":""Polygon"",""coordinates"":[[[-135.54595679276107,66.18305692635927],[-135.5459389623084,66.18225872393751],[-135.5419972549662,66.18227659599737],[-135.54201488627885,66.1830703462227],[-135.54595679276107,66.18305692635927]]]}"
00000000000000000110_00000000000000000110,15683.0,-0.7092152999004947,2,-124798864719601,-0.4713215640251592,0.23789373587533552,"{""type"":""MultiPolygon"",""coordinates"":[[[[-135.53634295155206,66.19345112967841],[-135.5363608310679,66.19424925032125],[-135.53833174022296,66.19424036366674],[-135.538313961861,66.19344218402762],[-135.53634295155206,66.19345112967841]]],[[[-135.53634295155206,66.19345112967841],[-135.53632507090205,66.1926528943842],[-135.53435427493204,66.19266186657693],[-135.53437209697142,66.19345998496662],[-135.53634295155206,66.19345112967841]]]]}"
0000000000000000010f_0000000000000000010f,15684.0,-0.5924014996184171,2,-124751620079347,-0.3147125898904695,0.27768890972794763,"{""type"":""Polygon"",""coordinates"":[[[-135.53261974217568,66.20302923887803],[-135.53258402516806,66.20143288557814],[-135.53061292408233,66.20144179736911],[-135.53064876099148,66.20303369676722],[-135.53261974217568,66.20302923887803]]]}"
0000000000000000010e_0000000000000000010e,15685.0,4.289449599772351,2,-124704375439426,6.60613945552281,2.316689855750459,"{""type"":""Polygon"",""coordinates"":[[[-134.87370716300524,66.21114479860549],[-134.86976090409664,66.21114033983422],[-134.86975638235097,66.21193849486757],[-134.87370277438592,66.2119385003647],[-134.87370716300524,66.21114479860549]]]}"
00000000000000000109_00000000000000000109,15686.0,-0.36735072863474233,2,-124631360995041,-0.48874048490114935,-0.12138975626640702,"{""type"":""Polygon"",""coordinates"":[[[-135.56867602402187,66.2251999095526],[-135.56863576029855,66.22360800767393],[-135.566660402283,66.22361697276357],[-135.5667003931795,66.22520881738689],[-135.56867602402187,66.2251999095526]]]}"
0000000000000000010a_0000000000000000010a,15686.0,-1.0861088583727678,2,-124639950929726,-2.2185554226650277,-1.1324465642922599,"{""type"":""MultiPolygon"",""coordinates"":[[[[-135.38500551175935,66.22342959704828],[-135.38501901838484,66.22422337590699],[-135.38699421754072,66.22421892120538],[-135.3869809104762,66.22342068802656],[-135.38500551175935,66.22342959704828]]],[[[-135.38500551175935,66.22342959704828],[-135.38499226371113,66.22263148336994],[-135.38302130562167,66.22263589383279],[-135.38303020982116,66.2234340794417],[-135.38500551175935,66.22342959704828]]]]}"
0000000000000000010b_0000000000000000010b,15686.0,-5.121991965837966,2,-124648540864674,-4.500233524143667,0.6217584416942987,"{""type"":""MultiPolygon"",""coordinates"":[[[[-134.68214424033852,66.22199829613848],[-134.68213084968798,66.22279646705034],[-134.68410627567982,66.22280088581265],[-134.68411516289603,66.22200270346376],[-134.68214424033852,66.22199829613848]]],[[[-134.68214424033852,66.22199829613848],[-134.68215313264145,66.22120456997307],[-134.6801776622675,66.2212000613494],[-134.68016887185723,66.22199384638417],[-134.68214424033852,66.22199829613848]]]]}"
0000000000000000010c_0000000000000000010c,15686.0,3.8034608340107616,2,-124652835831913,1.3802060721310598,-2.4232547618797016,"{""type"":""Polygon"",""coordinates"":[[[-134.79468756181768,66.22061150205266],[-134.79271653050847,66.2206114738394],[-134.79269865673763,66.22220337917447],[-134.79467405639215,66.22220780966417],[-134.79468756181768,66.22061150205266]]]}"
0000000000000000010d_0000000000000000010d,15686.0,-38.112856068034695,2,-124657130799243,-3.9748100407043307,34.13804602733036,"{""type"":""Polygon"",""coordinates"":[[[-134.72955334977038,66.21970623920288],[-134.7256025627692,66.21970185243838],[-134.72559363776324,66.22049557358558],[-134.7295443346693,66.22050447240026],[-134.72955334977038,66.21970623920288]]]}"
00000000000000000107_00000000000000000107,15687.0,-1.6907649923964292,2,-124605591191439,-2.0543698140255415,-0.36360482162911234,"{""type"":""Polygon"",""coordinates"":[[[-135.22712212793974,66.230145025029],[-135.227113238977,66.22934681946496],[-135.22316250893655,66.22935129196226],[-135.22317128472864,66.2301494977923],[-135.22712212793974,66.230145025029]]]}"
000000000000000000fa_000000000000000000fa,15688.0,-0.3551694637035295,2,-124536871714505,-0.09585357208058837,0.2593158916229411,"{""type"":""MultiPolygon"",""coordinates"":[[[[-135.61650429093118,66.24173868737525],[-135.61652647083213,66.24253242718169],[-135.6185019844664,66.24252795519853],[-135.6184840990478,66.24172973999627],[-135.61650429093118,66.24173868737525]]],[[[-135.61650429093118,66.24173868737525],[-135.61648630576204,66.24094053379031],[-135.61451100204152,66.24094942773141],[-135.61452877298828,66.24174764097289],[-135.61650429093118,66.24173868737525]]]]}"
000000000000000000fb_000000000000000000fb,15688.0,-0.38504101344974023,2,-124545461649089,0.28821275155382575,0.6732537650035659,"{""type"":""Polygon"",""coordinates"":[[[-135.6322894818233,66.24086913501613],[-135.63224937220315,66.23927725175362],[-135.63026942412844,66.23928618408677],[-135.63031403036973,66.24087810335504],[-135.6322894818233,66.24086913501613]]]}"
000000000000000000fe_000000000000000000fe,15688.0,9.193092637856425,2,-124545461649487,4.401061243123853,-4.792031394732573,"{""type"":""Polygon"",""coordinates"":[[[-134.8478579123753,66.24060163276678],[-134.84390716597062,66.24059717815696],[-134.84390253398684,66.24139530874837],[-134.84785323435338,66.24139982190925],[-134.8478579123753,66.24060163276678]]]}"
00000000000000000100_00000000000000000100,15688.0,35.04141548804655,2,-124562641518666,129.02137140964038,93.97995592159383,"{""type"":""Polygon"",""coordinates"":[[[-134.8557814795424,66.23742230429633],[-134.8538060810693,66.23742229777204],[-134.85379740811908,66.23901420544061],[-134.8557725785914,66.23901866560482],[-134.8557814795424,66.23742230429633]]]}"
000000000000000000f8_000000000000000000f8,15689.0,0.823832461835476,2,-124506806943771,1.1436151615011039,0.3197826996656279,"{""type"":""Polygon"",""coordinates"":[[[-134.9486110460043,66.24784768431861],[-134.94663570330718,66.24784767838311],[-134.94663138049972,66.24943953766181],[-134.94860667704694,66.24943960219946],[-134.9486110460043,66.24784768431861]]]}"
000000000000000000f9_000000000000000000f9,15689.0,1.7915314332426016,2,-124519691845839,-1.339023067686483,-3.1305545009290845,"{""type"":""Polygon"",""coordinates"":[[[-134.59487510334247,66.24488680273083],[-134.59091987203874,66.2448779246174],[-134.59090655687567,66.24567610806672],[-134.59485729116517,66.24568503026374],[-134.59487510334247,66.24488680273083]]]}"
000000000000000000f2_000000000000000000f2,15690.0,0.6573208337145053,2,-124459562303471,1.3555160746754935,0.6981952409609882,"{""type"":""Polygon"",""coordinates"":[[[-135.03757033387865,66.25741691898448],[-135.0375657580374,66.25661867808242],[-135.0336106475512,66.25661874708358],[-135.03361495087185,66.25741692955883],[-135.03757033387865,66.25741691898448]]]}"
000000000000000000f3_000000000000000000f3,15690.0,-0.5565991828565013,2,-124463857270490,-0.644133043859992,-0.0875338610034907,"{""type"":""MultiPolygon"",""coordinates"":[[[[-135.58325707362286,66.25542813791937],[-135.58327943003576,66.25622186181985],[-135.5852548063032,66.25621739269148],[-135.58523706983806,66.25541919283383],[-135.58325707362286,66.25542813791937]]],[[[-135.58325707362286,66.25542813791937],[-135.58323939504425,66.25462994028805],[-135.5812594537384,66.25463885379602],[-135.58128184546962,66.25543702955724],[-135.58325707362286,66.25542813791937]]]]}"
000000000000000000f5_000000000000000000f5,15690.0,1.583982468571245,2,-124472447205400,2.7196148463657925,1.1356323777945476,"{""type"":""Polygon"",""coordinates"":[[[-134.9545284094387,66.25422421677382],[-134.95255293233757,66.25422418713133],[-134.95254862116607,66.25582054054352],[-134.9545238935304,66.25582057013226],[-134.9545284094387,66.25422421677382]]]}"
000000000000000000f6_000000000000000000f6,15690.0,-1.200143413367952,2,-124472447205114,-0.7297079080710311,0.4704355052969209,"{""type"":""Polygon"",""coordinates"":[[[-135.52193566085973,66.25407260535505],[-135.52191783362878,66.25327441272756],[-135.5179624766941,66.25328778950703],[-135.51798034843,66.25408592341218],[-135.52193566085973,66.25407260535505]]]}"
000000000000000000ec_000000000000000000ec,15696.0,0.9908901955608173,2,-124176094461906,0.5017306686465097,-0.48915952691430753,"{""type"":""Polygon"",""coordinates"":[[[-135.0931483543122,66.31079234563974],[-135.09313951090638,66.30920045969076],[-135.0911596460647,66.30920044820319],[-135.09116423345998,66.31079233728934],[-135.0931483543122,66.31079234563974]]]}"
000000000000000000ed_000000000000000000ed,15696.0,1.3649091657957246,2,-124188979363790,0.5722976067431593,-0.7926115590525653,"{""type"":""Polygon"",""coordinates"":[[[-135.10304325239775,66.3075996618611],[-135.10303885775647,66.30680144143633],[-135.09907469092852,66.30680146895719],[-135.09907913075966,66.30759963076156],[-135.10304325239775,66.3075996618611]]]}"
000000000000000000e8_000000000000000000e8,15697.0,1.0945794193384022,2,-124103080017901,1.074295548688971,-0.020283870649431268,"{""type"":""MultiPolygon"",""coordinates"":[[[[-135.03965713797297,66.32277398163298],[-135.04164131782147,66.32277392539062],[-135.04164139571438,66.32197571413259],[-135.03965695412836,66.32197577047963],[-135.03965713797297,66.32277398163298]]],[[[-135.03965713797297,66.32277398163298],[-135.03767279860176,66.32277394793951],[-135.03767722918226,66.32357210164474],[-135.0396571623495,66.32357213668011],[-135.03965713797297,66.32277398163298]]]]}"
000000000000000000e0_000000000000000000e0,15698.0,-0.19264517523864305,2,-124051540410100,-0.36464287509162885,-0.1719976998529858,"{""type"":""Polygon"",""coordinates"":[[[-135.53364078977103,66.33294074994397],[-135.53360507557582,66.33134880121932],[-135.53162076289382,66.33135768663644],[-135.5316563632738,66.3329496359152],[-135.53364078977103,66.33294074994397]]]}"
000000000000000000e1_000000000000000000e1,15698.0,-6.179228561165815,2,-124051540410503,-7.826769169276787,-1.6475406081109716,"{""type"":""Polygon"",""coordinates"":[[[-134.73418194640576,66.33209792730841],[-134.73219761953172,66.33209341825251],[-134.7321798211269,66.3336898272254],[-134.73416410325746,66.3336942775947],[-134.73418194640576,66.33209792730841]]]}"
000000000000000000e2_000000000000000000e2,15698.0,-10.566069319106095,2,-124051540410506,-4.593688504221511,5.972380814884584,"{""type"":""Polygon"",""coordinates"":[[[-134.73021771365998,66.33209346015927],[-134.72624922041857,66.33208457888668],[-134.726240230419,66.33288275260014],[-134.73020888111677,66.3328871786595],[-134.73021771365998,66.33209346015927]]]}"
000000000000000000e5_000000000000000000e5,15698.0,1.014856363642687,2,-124068720279487,0.5897863507270814,-0.42507001291560564,"{""type"":""Polygon"",""coordinates"":[[[-135.13091703818557,66.3306933103979],[-135.13090823279114,66.32909696391995],[-135.12892378049415,66.32910142070278],[-135.1289327699302,66.3306933115199],[-135.13091703818557,66.3306933103979]]]}"
000000000000000000db_000000000000000000db,15699.0,1.2895876585034716,2,-124025770606515,0.8266253232192582,-0.4629623352842134,"{""type"":""Polygon"",""coordinates"":[[[-135.1567530603502,66.33784129189017],[-135.15674424491172,66.33704310082982],[-135.15277992739246,66.33704751640124],[-135.15278448222475,66.33784571277675],[-135.1567530603502,66.33784129189017]]]}"
000000000000000000de_000000000000000000de,15699.0,2.1038514682117513,2,-124042950475768,2.4769613512128617,0.37310988300111037,"{""type"":""Polygon"",""coordinates"":[[[-135.01785651223983,66.33393953275056],[-135.01587217184965,66.33393956470573],[-135.01587228762642,66.33553588721207],[-135.01785658274318,66.33553591390469],[-135.01785651223983,66.33393953275056]]]}"
000000000000000000d8_000000000000000000d8,15700.0,-0.5251239301697868,2,-123961346096871,-0.4925834129433072,0.03254051722647955,"{""type"":""Polygon"",""coordinates"":[[[-135.55983793335852,66.34958650890113],[-135.55979789158326,66.34799019705095],[-135.55781351250505,66.34799908088455],[-135.55785366952122,66.34959093629196],[-135.55983793335852,66.34958650890113]]]}"
000000000000000000d9_000000000000000000d9,15700.0,-0.4482827669448457,2,-123987115900649,-0.45519881069791535,-0.006916043753069645,"{""type"":""Polygon"",""coordinates"":[[[-135.55771531738168,66.3440126448597],[-135.5576975143443,66.34321446567398],[-135.55372902954636,66.3432277988709],[-135.55374687907982,66.34402603651387],[-135.55771531738168,66.3440126448597]]]}"
000000000000000000cf_000000000000000000cf,15702.0,1.000383073049458,2,-123858266881994,0.9044769529984786,-0.09590612005097943,"{""type"":""Polygon"",""coordinates"":[[[-135.11126579220468,66.36897471163864],[-135.11126132775894,66.36818093428207],[-135.10728838146525,66.36818098598232],[-135.10729274890406,66.36897910234127],[-135.11126579220468,66.36897471163864]]]}"
000000000000000000d4_000000000000000000d4,15702.0,1.135068039003077,2,-123884036685772,1.16227252894891,0.02720448994583302,"{""type"":""Polygon"",""coordinates"":[[[-135.10727039546217,66.36419454183051],[-135.10726588692432,66.36340083767142],[-135.10329282746963,66.36340082251579],[-135.10329739869138,66.36419904136586],[-135.10727039546217,66.36419454183051]]]}"
000000000000000000cc_000000000000000000cc,15703.0,-3.880253667098461,2,-123811022241899,-9.636052454050175,-5.755798786951713,"{""type"":""Polygon"",""coordinates"":[[[-134.78931884718165,66.37683609655141],[-134.787329995487,66.37683609198885],[-134.78731665551655,66.37842797600837],[-134.78930526817996,66.37843243650657],[-134.78931884718165,66.37683609655141]]]}"
000000000000000000cd_000000000000000000cd,15703.0,-0.3884492090024312,2,-123832497077983,-0.09585986613846802,0.29258934286396315,"{""type"":""Polygon"",""coordinates"":[[[-135.57631888413397,66.3734382550011],[-135.5762786518594,66.37184185663338],[-135.5742898566938,66.3718508370171],[-135.57433013285385,66.37344717664426],[-135.57631888413397,66.3734382550011]]]}"
000000000000000000c6_000000000000000000c6,15704.0,1.3819282650341134,2,-123759482633999,0.14216567661892168,-1.2397625884151917,"{""type"":""Polygon"",""coordinates"":[[[-135.48318609410873,66.38653909725487],[-135.48316825019717,66.38574536122574],[-135.47919507825875,66.38575873741982],[-135.4792084939077,66.38655243178457],[-135.48318609410873,66.38653909725487]]]}"
000000000000000000c7_000000000000000000c7,15704.0,0.9584919869990743,2,-123763777601495,0.6813114884970846,-0.2771804985019898,"{""type"":""Polygon"",""coordinates"":[[[-135.08351688802816,66.38733280861926],[-135.08350793319713,66.3857409223249],[-135.08152355530189,66.38574087494824],[-135.08152808246763,66.38733282280519],[-135.08351688802816,66.38733280861926]]]}"
000000000000000000c8_000000000000000000c8,15704.0,0.350057417908433,2,-123776662503184,7.024769209746303,6.67471179183787,"{""type"":""MultiPolygon"",""coordinates"":[[[[-135.47914166345493,66.38336417332546],[-135.47915946727704,66.38416235892457],[-135.48114829492877,66.38415793565504],[-135.48113043379178,66.38335975032231],[-135.47914166345493,66.38336417332546]]],[[[-135.47914166345493,66.38336417332546],[-135.47912817451365,66.38256603237002],[-135.47713953916494,66.38257499726588],[-135.4771574434195,66.38337312147021],[-135.47914166345493,66.38336417332546]]]]}"
000000000000000000ca_000000000000000000ca,15704.0,1.8718614264829738,2,-123802432307147,0.9162670998104419,-0.955594326672532,"{""type"":""Polygon"",""coordinates"":[[[-135.10734189265187,66.3801402738178],[-135.10733732108756,66.37854842807177],[-135.1053486668343,66.37854840873831],[-135.10535745391348,66.38014476590091],[-135.10734189265187,66.3801402738178]]]}"
000000000000000000cb_000000000000000000cb,15704.0,0.9278464834666659,2,-123802432307142,0.6757918466450485,-0.25205463682161733,"{""type"":""MultiPolygon"",""coordinates"":[[[[-135.11727672113383,66.37853949595821],[-135.11926090243676,66.37853944824059],[-135.1192565078442,66.37774130274241],[-135.11727222375066,66.37774129191163],[-135.11727672113383,66.37853949595821]]],[[[-135.11727672113383,66.37853949595821],[-135.115287907649,66.37853945798923],[-135.1152923480003,66.37933766453698],[-135.11727658660067,66.37933764812482],[-135.11727672113383,66.37853949595821]]]]}"
000000000000000000c0_000000000000000000c0,15705.0,4.176406266380047,2,-123729417862902,9.99478192217651,5.818375655796464,"{""type"":""Polygon"",""coordinates"":[[[-135.53105439101208,66.39275063789695],[-135.53101881625895,66.39115427631477],[-135.52903005736997,66.39116317977724],[-135.5290658370387,66.39275954056751],[-135.53105439101208,66.39275063789695]]]}"
000000000000000000c2_000000000000000000c2,15705.0,0.8521879241139156,2,-123729417863218,0.6762152182462529,-0.17597270586766278,"{""type"":""Polygon"",""coordinates"":[[[-134.90254418455856,66.39210854940565],[-134.90055535549348,66.39210851832759],[-134.90055091529905,66.39370044650352],[-134.90253968344442,66.39370487544186],[-134.90254418455856,66.39210854940565]]]}"
000000000000000000c3_000000000000000000c3,15705.0,-0.12332527381489845,2,-123746597732114,-0.4083365465817222,-0.28501127276682375,"{""type"":""Polygon"",""coordinates"":[[[-135.4752978360398,66.38975857035379],[-135.47526675837275,66.38816220882916],[-135.4732778796914,66.3881711707147],[-135.4733092448375,66.38976301590816],[-135.4752978360398,66.38975857035379]]]}"
000000000000000000c5_000000000000000000c5,15705.0,-0.4632572499886237,2,-123750892699363,-2.5249083733996818,-2.061651123411058,"{""type"":""Polygon"",""coordinates"":[[[-135.5707137020728,66.38781442704854],[-135.5706914980255,66.38701619210364],[-135.5667138670133,66.38702959533073],[-135.56673611497035,66.3878277715929],[-135.5707137020728,66.38781442704854]]]}"
000000000000000000b5_000000000000000000b5,15707.0,0.24250972135334772,2,-123630633615049,0.04445988831133798,-0.19804983304200974,"{""type"":""Polygon"",""coordinates"":[[[-135.6210480454711,66.4107297696726],[-135.62100341333064,66.40913334186453],[-135.6190146670374,66.40914225340951],[-135.61905486615765,66.41073864448052],[-135.6210480454711,66.4107297696726]]]}"
000000000000000000b6_000000000000000000b6,15707.0,0.039292467390223816,2,-123639223549660,0.3033863790070973,0.2640939116168735,"{""type"":""Polygon"",""coordinates"":[[[-135.5831903001822,66.40929389559612],[-135.58315025436912,66.4076975123325],[-135.58115696524828,66.40770649259558],[-135.5811970547137,66.40930281709821],[-135.5831903001822,66.40929389559612]]]}"
000000000000000000b7_000000000000000000b7,15707.0,-3.99284529428706,2,-123647813484406,-4.905252142623447,-0.9124068483363872,"{""type"":""Polygon"",""coordinates"":[[[-135.27863358014034,66.4078179332982],[-135.2786247426535,66.407019764457],[-135.27464726267098,66.40702861928322],[-135.27465614588266,66.40782684668821],[-135.27863358014034,66.4078179332982]]]}"
000000000000000000ad_000000000000000000ad,15708.0,0.5604861813576131,2,-123566209106090,0.06031667048008596,-0.5001695108775271,"{""type"":""MultiPolygon"",""coordinates"":[[[[-134.6634250084152,66.42284510438088],[-134.66341593241347,66.42364326246503],[-134.66540473916106,66.4236477381421],[-134.6654180776403,66.4228495327461],[-134.6634250084152,66.42284510438088]]],[[[-134.6634250084152,66.42284510438088],[-134.66343824291516,66.42204695982025],[-134.66144507295022,66.42204244105858],[-134.6614360993722,66.42284065566642],[-134.6634250084152,66.42284510438088]]]]}"
000000000000000000ae_000000000000000000ae,15708.0,0.6660117037359448,2,-123570504072923,-2.291082311459555,-2.9570940151954996,"{""type"":""Polygon"",""coordinates"":[[[-135.58747536386653,66.42123536595416],[-135.58745322306257,66.42044166270213],[-135.58347110986776,66.4204550065703],[-135.58349355033943,66.42125316585722],[-135.58747536386653,66.42123536595416]]]}"
000000000000000000af_000000000000000000af,15708.0,0.549265757752025,2,-123587683942572,2.566337073145546,2.0170713153935207,"{""type"":""Polygon"",""coordinates"":[[[-134.65951426673226,66.41805159281581],[-134.65752554307014,66.41804714054307],[-134.65749889561783,66.41964346581818],[-134.65949189278987,66.41964792973627],[-134.65951426673226,66.41805159281581]]]}"
000000000000000000b0_000000000000000000b0,15708.0,1.9340512050381249,2,-123591978909871,0.44771316082093227,-1.4863380442171925,"{""type"":""Polygon"",""coordinates"":[[[-134.65554564243462,66.41724445628162],[-134.651563674488,66.41723555813807],[-134.65155025917426,66.41803374608118],[-134.65553234203864,66.41804264463204],[-134.65554564243462,66.41724445628162]]]}"
000000000000000000b1_000000000000000000b1,15708.0,2.4445694180652695,2,-123604863811770,2.5068804069739112,0.06231098890864173,"{""type"":""Polygon"",""coordinates"":[[[-134.63368278207435,66.41479644239536],[-134.6297006934454,66.41478749683104],[-134.62968728830387,66.41558567709409],[-134.63366933269182,66.41559456395487],[-134.63368278207435,66.41479644239536]]]}"
000000000000000000a5_000000000000000000a5,15709.0,0.139605697674455,2,-123523259432690,-0.026646373975606596,-0.1662520716500616,"{""type"":""Polygon"",""coordinates"":[[[-135.53991025572424,66.43099630929552],[-135.53987027570437,66.429399968976],[-135.5378813283983,66.42940888382238],[-135.5379169466042,66.43100078547462],[-135.53991025572424,66.43099630929552]]]}"
000000000000000000a6_000000000000000000a6,15709.0,2.3841298850698394,2,-123518964465815,-0.7370586486130617,-3.121188533682901,"{""type"":""Polygon"",""coordinates"":[[[-134.70315547117895,66.43090716350619],[-134.6991689616406,66.43089823949954],[-134.69916011508656,66.4316963634486],[-134.70314209847132,66.4317053354415],[-134.70315547117895,66.43090716350619]]]}"
000000000000000000aa_000000000000000000aa,15709.0,-2.654711428572412,2,-123536144334679,-5.156344454538615,-2.5016330259662025,"{""type"":""Polygon"",""coordinates"":[[[-135.34063742432696,66.42841899481915],[-135.3406285493603,66.42762082168377],[-135.33664220328342,66.42762971509963],[-135.3366554432031,66.42842787653254],[-135.34063742432696,66.42841899481915]]]}"
0000000000000000009d_0000000000000000009d,15711.0,-0.13334982544921145,2,-123424475184834,-1.7237322129264119,-1.5903823874772005,"{""type"":""Polygon"",""coordinates"":[[[-135.63603949742736,66.4489442478922],[-135.6359950537865,66.44734788153512],[-135.63400179818038,66.44735674488764],[-135.63404628810093,66.44895316976624],[-135.63603949742736,66.4489442478922]]]}"
0000000000000000009b_0000000000000000009b,15712.0,-1.6933670697767917,2,-123390115446686,-0.4683878908149755,1.2249791789618163,"{""type"":""MultiPolygon"",""coordinates"":[[[[-135.1974422706917,66.4550041194463],[-135.19943559807203,66.45499969362349],[-135.19942682284014,66.45420595644048],[-135.19743352088193,66.45420592455284],[-135.1974422706917,66.4550041194463]]],[[[-135.1974422706917,66.4550041194463],[-135.1954446185996,66.45500857912545],[-135.19545363153662,66.45580677605979],[-135.1974468567926,66.45580232325473],[-135.1974422706917,66.4550041194463]]]]}"
00000000000000000097_00000000000000000097,15713.0,-3.2683792918546724,2,-123329985904479,-3.785913252323232,-0.5175339604685596,"{""type"":""MultiPolygon"",""coordinates"":[[[[-135.32325136719493,66.46674048170009],[-135.32326039470522,66.46753865462267],[-135.32525813437056,66.46753422600996],[-135.32524472235298,66.46673600571825],[-135.32325136719493,66.46674048170009]]],[[[-135.32325136719493,66.46674048170009],[-135.32323817455887,66.46594232183813],[-135.32124487606623,66.46594676613567],[-135.3212538452368,66.46674493680318],[-135.32325136719493,66.46674048170009]]]]}"
00000000000000000098_00000000000000000098,15713.0,-9.331345512725177,2,-123342870806333,-3.9598864450744458,5.371459067650731,"{""type"":""Polygon"",""coordinates"":[[[-135.39304530367943,66.46417205665881],[-135.39303185596245,66.46337384744923],[-135.38904106554813,66.46338721101263],[-135.38905439787828,66.46418542063837],[-135.39304530367943,66.46417205665881]]]}"
00000000000000000096_00000000000000000096,15714.0,2.099864431559043,2,-123287036231806,-0.7157155157047231,-2.815579947263766,"{""type"":""Polygon"",""coordinates"":[[[-134.75249537831692,66.4740667593863],[-134.74850450196354,66.47406233290272],[-134.74849562397256,66.47486052783323],[-134.75248661577038,66.47486495457868],[-134.75249537831692,66.4740667593863]]]}"
00000000000000000093_00000000000000000093,15715.0,1.5464105528475838,2,-123235496624051,1.5132495466150335,-0.03316100623255025,"{""type"":""Polygon"",""coordinates"":[[[-135.1577562974713,66.48456353403435],[-135.15775189272617,66.48376536155675],[-135.15375655386833,66.48376981972656],[-135.15376100300043,66.48456793348186],[-135.1577562974713,66.48456353403435]]]}"
00000000000000000091_00000000000000000091,15716.0,0.5384430180252473,2,-123205431853280,-0.4150148380718071,-0.9534578560970544,"{""type"":""MultiPolygon"",""coordinates"":[[[[-134.55458717405432,66.48954437161117],[-134.5545693103658,66.49034252635464],[-134.55656708209915,66.49034697407016],[-134.55658488797067,66.48954881905834],[-134.55458717405432,66.48954437161117]]],[[[-134.55458717405432,66.48954437161117],[-134.55460054688757,66.4887462034137],[-134.55260280481588,66.48873720728605],[-134.55258953356736,66.48953543449863],[-134.55458717405432,66.48954437161117]]]]}"
00000000000000000092_00000000000000000092,15716.0,2.88196651346267,2,-123222611722207,2.08390674500001,-0.79805976846266,"{""type"":""Polygon"",""coordinates"":[[[-135.06790550634955,66.48782761587822],[-135.06790109470435,66.48623119179102],[-135.06590339537746,66.486231252753],[-135.06590785159267,66.48782761815772],[-135.06790550634955,66.48782761587822]]]}"
0000000000000000008c_0000000000000000008c,15717.0,-4.676746252566654,2,-123136712375938,-0.7208261851893879,3.9559200673772663,"{""type"":""Polygon"",""coordinates"":[[[-135.76541579509646,66.50175335097583],[-135.76536232211856,66.50015701458697],[-135.7633647669454,66.50017038900899],[-135.76341832160634,66.50176226622786],[-135.76541579509646,66.50175335097583]]]}"
0000000000000000008d_0000000000000000008d,15717.0,-0.3387191772987956,2,-123141007343327,-1.730889866093877,-1.3921706887950813,"{""type"":""Polygon"",""coordinates"":[[[-135.58153153859578,66.5010220539997],[-135.58150924358756,66.50022383025374],[-135.57751393474533,66.50024174255843],[-135.57753617984653,66.50103544940758],[-135.58153153859578,66.5010220539997]]]}"
00000000000000000089_00000000000000000089,15718.0,2.1196462228707675,2,-123098057670708,0.06679585087406745,-2.0528503719967,"{""type"":""MultiPolygon"",""coordinates"":[[[[-134.898044971366,66.5101408671539],[-134.8980405731531,66.51093911822684],[-134.90003813830975,66.51093912955943],[-134.90004263891876,66.51014093721516],[-134.898044971366,66.5101408671539]]],[[[-134.898044971366,66.5101408671539],[-134.8980448755463,66.50934273215589],[-134.8960472655314,66.50934274784892],[-134.8960428268534,66.51013642063957],[-134.898044971366,66.5101408671539]]]]}"
0000000000000000008a_0000000000000000008a,15718.0,5.970700529040341,2,-123115237539896,6.542323423658483,0.5716228946181419,"{""type"":""Polygon"",""coordinates"":[[[-134.89206537186874,66.5061455448193],[-134.88806548056417,66.50614558572245],[-134.8880609547076,66.50694376608176],[-134.8920608011761,66.50694378383356],[-134.89206537186874,66.5061455448193]]]}"
00000000000000000085_00000000000000000085,15720.0,1.7356430383115538,2,-122990683488216,3.389644486443594,1.6540014481320402,"{""type"":""Polygon"",""coordinates"":[[[-135.08403864860182,66.53009538947359],[-135.0840341244976,66.52929719887894],[-135.0800342430163,66.52929726987148],[-135.0800343148648,66.53009540467174],[-135.08403864860182,66.53009538947359]]]}"
00000000000000000087_00000000000000000087,15720.0,-3.3351018648582347,2,-123020748259178,-4.866232297902603,-1.5311304330443685,"{""type"":""Polygon"",""coordinates"":[[[-135.30405944889407,66.52421382452346],[-135.30405047555706,66.52341565881282],[-135.30004640186397,66.52342457588693],[-135.30005975480591,66.52422273120422],[-135.30405944889407,66.52421382452346]]]}"
00000000000000000083_00000000000000000083,15721.0,4.222606040639221,2,-122947733815333,6.314591012267927,2.0919849716287064,"{""type"":""Polygon"",""coordinates"":[[[-134.92994522024696,66.53728346914207],[-134.92594547513306,66.53727902085468],[-134.925941078511,66.53807717657959],[-134.92994544899125,66.5380771685138],[-134.92994522024696,66.53728346914207]]]}"
00000000000000000084_00000000000000000084,15721.0,1.729111627909008,2,-122956323750029,1.81709043779754,0.08797880988853213,"{""type"":""Polygon"",""coordinates"":[[[-134.7218079466164,66.53543295499642],[-134.71780806371248,66.53542398045423],[-134.71779473939964,66.53622223052555],[-134.7217989158587,66.53623109732186],[-134.7218079466164,66.53543295499642]]]}"
00000000000000000075_00000000000000000075,15722.0,-0.5648068744613055,2,-122891899240154,-0.08559417656018213,0.47921269790112336,"{""type"":""Polygon"",""coordinates"":[[[-135.5907395981068,66.54805218056653],[-135.5906993762945,66.54645584740005],[-135.58869716249828,66.546464764341],[-135.58873743009656,66.54806115604678],[-135.5907395981068,66.54805218056653]]]}"
0000000000000000007c_0000000000000000007c,15722.0,-0.8204102795848278,2,-122926258978694,-1.030213867977954,-0.20980358839312618,"{""type"":""Polygon"",""coordinates"":[[[-135.24624720704466,66.54267006703435],[-135.24622942794898,66.54107820506009],[-135.24422726360902,66.54107821215516],[-135.24424512660755,66.54267447442865],[-135.24624720704466,66.54267006703435]]]}"
00000000000000000080_00000000000000000080,15722.0,6.09937677366143,2,-122921964011584,3.0967538305323745,-3.002622943129056,"{""type"":""MultiPolygon"",""coordinates"":[[[[-134.87387675575462,66.54202794476058],[-134.87587880681082,66.54203244685908],[-134.8758832104701,66.54123422125514],[-134.87388103611943,66.54123423677443],[-134.87387675575462,66.54202794476058]]],[[[-134.87387675575462,66.54202794476058],[-134.8718745237831,66.54202792854578],[-134.87187000368846,66.54282615636365],[-134.87387213333966,66.54282611380991],[-134.87387675575462,66.54202794476058]]]]}"
00000000000000000081_00000000000000000081,15722.0,3.9425384389569023,2,-122930553946159,3.117561614261624,-0.8249768246952782,"{""type"":""Polygon"",""coordinates"":[[[-134.90991964351247,66.54046280166142],[-134.90591526239675,66.54045830400193],[-134.90591076603565,66.54125652744357],[-134.90991510283348,66.54126096645966],[-134.90991964351247,66.54046280166142]]]}"
00000000000000000071_00000000000000000071,15723.0,2.79404883407639,2,-122848949567453,1.1545458703277893,-1.6395029637486005,"{""type"":""Polygon"",""coordinates"":[[[-135.07411711170008,66.55562818425611],[-135.07010826831404,66.5556326381396],[-135.0701128637774,66.55642638857407],[-135.0741170123583,66.55642639664786],[-135.07411711170008,66.55562818425611]]]}"
00000000000000000072_00000000000000000072,15723.0,2.364140720674291,2,-122853244534742,1.8786924697706695,-0.4854482509036213,"{""type"":""Polygon"",""coordinates"":[[[-135.08813643505493,66.55482110980445],[-135.0841277113503,66.55482553810836],[-135.08413208193278,66.55562374538472],[-135.08813642109266,66.5556193200708],[-135.08813643505493,66.55482110980445]]]}"
0000000000000000006c_0000000000000000006c,15724.0,2.613671704069921,2,-122823179763672,1.7472942929114763,-0.8663774111584448,"{""type"":""MultiPolygon"",""coordinates"":[[[[-135.08214796043464,66.56121100047157],[-135.08215242196457,66.56200470841007],[-135.08415450044777,66.56200468491596],[-135.0841544692824,66.56120651468855],[-135.08214796043464,66.56121100047157]]],[[[-135.08214796043464,66.56121100047157],[-135.08214798752957,66.56041283257899],[-135.08014120164367,66.56041282741995],[-135.0801456181009,66.56121099245814],[-135.08214796043464,66.56121100047157]]]]}"
0000000000000000006d_0000000000000000006d,15724.0,3.166873378962485,2,-122823179763693,2.4346026475021296,-0.7322707314603556,"{""type"":""Polygon"",""coordinates"":[[[-135.04207846657224,66.56122437231873],[-135.04207387571722,66.56043066593183],[-135.0380696265912,66.56043064196034],[-135.03806960622154,66.56122880920616],[-135.04207846657224,66.56122437231873]]]}"
00000000000000000064_00000000000000000064,15726.0,6.515262565778768,2,-122694330744643,5.468097047961959,-1.0471655178168087,"{""type"":""Polygon"",""coordinates"":[[[-135.38109482291102,66.5854640382177],[-135.38106817224298,66.58386772431348],[-135.37906600496984,66.58387214291535],[-135.37909270101974,66.58546851541809],[-135.38109482291102,66.5854640382177]]]}"
00000000000000000067_00000000000000000067,15726.0,2.3843792329239504,2,-122698625711937,-1.8290973594642066,-4.213476592388157,"{""type"":""Polygon"",""coordinates"":[[[-135.38509473327457,66.5846525197535],[-135.38506801119638,66.58305615217245],[-135.38306129974447,66.58306504902441],[-135.3830881648478,66.58465695639035],[-135.38509473327457,66.5846525197535]]]}"
00000000000000000069_00000000000000000069,15726.0,-0.008604602225035545,2,-122732985450224,0.3466464633224803,0.35525106554751584,"{""type"":""Polygon"",""coordinates"":[[[-135.54739715215933,66.5777453753476],[-135.54735682555653,66.57614898451178],[-135.54535034403827,66.57615787001109],[-135.5453905540921,66.57775426146995],[-135.54739715215933,66.5777453753476]]]}"
00000000000000000061_00000000000000000061,15727.0,0.11725905699109773,2,-122642791136964,0.1995465922278659,0.08228753523676816,"{""type"":""Polygon"",""coordinates"":[[[-135.63607975580365,66.59413697567891],[-135.63603521415243,66.59254062846881],[-135.63402836613284,66.59254956411444],[-135.6340731130513,66.59414591039362],[-135.63607975580365,66.59413697567891]]]}"
00000000000000000063_00000000000000000063,15728.0,1.6937665954824912,2,-122642791137207,2.7505011699528366,1.0567345744703454,"{""type"":""MultiPolygon"",""coordinates"":[[[[-135.1484860172778,66.5946676238396],[-135.14849033373483,66.59546583014958],[-135.15049708157878,66.59546135202226],[-135.15049254613652,66.5946632046589],[-135.1484860172778,66.5946676238396]]],[[[-135.1484860172778,66.5946676238396],[-135.14848154044682,66.59386947872656],[-135.14647488466736,66.59386946506427],[-135.14647930317184,66.5946676102387],[-135.1484860172778,66.5946676238396]]]]}"
0000000000000000005c_0000000000000000005c,15729.0,2.530086761495849,2,-122595546497002,1.3089775918567614,-1.2211091696390874,"{""type"":""MultiPolygon"",""coordinates"":[[[[-135.0461675104052,66.6035144869221],[-135.04617191251046,66.60431266116524],[-135.04817852587956,66.60431267789342],[-135.0481785741732,66.60351450200518],[-135.0461675104052,66.6035144869221]]],[[[-135.0461675104052,66.6035144869221],[-135.04616729513694,66.60271631347631],[-135.04416079841914,66.60271626494284],[-135.04416079441006,66.60351449712971],[-135.0461675104052,66.6035144869221]]]]}"
00000000000000000053_00000000000000000053,15730.0,3.595168503782556,2,-122518237085717,3.9144507442644505,0.3192822404818947,"{""type"":""Polygon"",""coordinates"":[[[-134.96183679039544,66.61707905606552],[-134.95781911853197,66.61707907558547],[-134.9578191801917,66.617877232101],[-134.96183680775442,66.61787727121188],[-134.96183679039544,66.61707905606552]]]}"
00000000000000000054_00000000000000000054,15730.0,1.8193379361973658,2,-122526827020209,0.9776332529857307,-0.8417046832116352,"{""type"":""Polygon"",""coordinates"":[[[-135.16068161190714,66.61699881259403],[-135.1606727459263,66.6154024533089],[-135.15866145445335,66.6154024600602],[-135.15867503654604,66.61699881342331],[-135.16068161190714,66.61699881259403]]]}"
00000000000000000046_00000000000000000046,15731.0,-0.20048666166773885,2,-122470992445148,-0.003951528329788673,0.19653513333795017,"{""type"":""Polygon"",""coordinates"":[[[-135.59073943582288,66.62545326039728],[-135.59071724731308,66.62465508144882],[-135.58669963023684,66.62467294900107],[-135.58672186172618,66.62547106919791],[-135.59073943582288,66.62545326039728]]]}"
00000000000000000047_00000000000000000047,15731.0,-0.145200761752446,2,-122475287412439,-0.4296609352520474,-0.2844601734996014,"{""type"":""Polygon"",""coordinates"":[[[-135.59877489097204,66.6254176120158],[-135.59873465676753,66.62382569807528],[-135.59672363821218,66.6238301192373],[-135.59676820480954,66.62542653221865],[-135.59877489097204,66.6254176120158]]]}"
00000000000000000048_00000000000000000048,15731.0,4.149557971203242,2,-122475287412759,5.0049489621661625,0.8553909909629205,"{""type"":""Polygon"",""coordinates"":[[[-134.95579468230403,66.62506087752854],[-134.9537883236623,66.62506086738152],[-134.95378370718612,66.62665276689394],[-134.9557946876561,66.62665723911114],[-134.95579468230403,66.62506087752854]]]}"
0000000000000000004b_0000000000000000004b,15731.0,4.067660913079834,2,-122475287412757,5.019969139644413,0.952308226564579,"{""type"":""Polygon"",""coordinates"":[[[-134.96182342749876,66.62506083801978],[-134.95780587558667,66.62506085757624],[-134.95780593680195,66.62585903720957],[-134.96182344440416,66.62585907628565],[-134.96182342749876,66.62506083801978]]]}"
0000000000000000004e_0000000000000000004e,15731.0,1.7761774347381232,2,-122483877347489,1.6410559451029396,-0.13512148963518356,"{""type"":""Polygon"",""coordinates"":[[[-134.68055667155198,66.62311668775324],[-134.67653466816412,66.62310779473441],[-134.67652573741967,66.62390601797829],[-134.68054334587998,66.62391489991128],[-134.68055667155198,66.62311668775324]]]}"
0000000000000000002e_0000000000000000002e,15732.0,-0.5091397299860232,2,-122415157870523,0.1512074823221366,0.6603472123081597,"{""type"":""Polygon"",""coordinates"":[[[-135.14273373759534,66.63696665118157],[-135.14272474491978,66.63616844715719],[-135.13870703772352,66.63617295694752],[-135.1387115601069,66.6369711073122],[-135.14273373759534,66.63696665118157]]]}"
00000000000000000032_00000000000000000032,15732.0,-2.2466927790871027,2,-122432337739620,-2.6135630718497334,-0.3668702927626306,"{""type"":""MultiPolygon"",""coordinates"":[[[[-135.31557289051878,66.63349745808841],[-135.315581756139,66.63429565275773],[-135.3175929340931,66.6342912263538],[-135.31757949636375,66.63349304310556],[-135.31557289051878,66.63349745808841]]],[[[-135.31557289051878,66.63349745808841],[-135.31555951204433,66.63269927693916],[-135.3135484515602,66.63270378853834],[-135.3135617714887,66.6335019698928],[-135.31557289051878,66.63349745808841]]]]}"
00000000000000000033_00000000000000000033,15732.0,4.646847474876088,2,-122432337739806,4.1661037043665,-0.48074377050958805,"{""type"":""Polygon"",""coordinates"":[[[-134.94171292126043,66.63303369149823],[-134.939701948968,66.63303375038731],[-134.93969730936243,66.634630097609],[-134.94170855983774,66.63463009755047],[-134.94171292126043,66.63303369149823]]]}"
00000000000000000035_00000000000000000035,15732.0,-0.22494633269517425,2,-122432337739531,-0.49552218035669765,-0.2705758476615234,"{""type"":""MultiPolygon"",""coordinates"":[[[[-135.494436358144,66.63219989505406],[-135.49644743751347,66.63219093387225],[-135.49642960147327,66.63139283261155],[-135.49441841839592,66.63140173545413],[-135.494436358144,66.63219989505406]]],[[[-135.494436358144,66.63219989505406],[-135.4924251968442,66.63220436400078],[-135.4924430791829,66.63300252617104],[-135.49445429902687,66.63299805695787],[-135.494436358144,66.63219989505406]]]]}"
0000000000000000003a_0000000000000000003a,15732.0,2.3555538739014144,2,-122440927674296,5.144316892834121,2.788763018932707,"{""type"":""Polygon"",""coordinates"":[[[-135.14873119498466,66.63217315976803],[-135.1487267036185,66.63137490582521],[-135.14470470291667,66.63137943512612],[-135.14471359000228,66.6321775666796],[-135.14873119498466,66.63217315976803]]]}"
0000000000000000003b_0000000000000000003b,15732.0,1.9669458566069797,2,-122445222641653,1.764873582516921,-0.20207227409005868,"{""type"":""Polygon"",""coordinates"":[[[-135.02612827318976,66.63064814210588],[-135.02210603779366,66.63065254481917],[-135.02210603657986,66.63145074043582],[-135.02612822782424,66.63144627905318],[-135.02612827318976,66.63064814210588]]]}"
0000000000000000003d_0000000000000000003d,15732.0,-1.0602553168787767,2,-122449517608852,-1.394713771630923,-0.3344584547521463,"{""type"":""Polygon"",""coordinates"":[[[-135.2210711611114,66.63048310934757],[-135.2210623085873,66.62968498435092],[-135.21704459446306,66.62968939143083],[-135.21704897856117,66.63048758282068],[-135.2210711611114,66.63048310934757]]]}"
0000000000000000003e_0000000000000000003e,15732.0,0.1844329160259414,2,-122445222641458,0.0295054180554485,-0.15492749797049288,"{""type"":""MultiPolygon"",""coordinates"":[[[[-135.41600970094535,66.63005056831562],[-135.41802071490724,66.63004613567627],[-135.41800290493424,66.62924792144163],[-135.41599630199866,66.62925239824499],[-135.41600970094535,66.63005056831562]]],[[[-135.41600970094535,66.63005056831562],[-135.4139985929665,66.63005948871594],[-135.41401660933496,66.63085770475503],[-135.41602310074805,66.63084874069233],[-135.41600970094535,66.63005056831562]]]]}"
00000000000000000021_00000000000000000021,15733.0,-0.6471476180980312,2,-122350733361023,-1.1241058164686843,-0.4769581983706531,"{""type"":""MultiPolygon"",""coordinates"":[[[[-135.2614662489108,66.64797171796366],[-135.26347730913966,66.6479672705149],[-135.26346818249098,66.64716909592107],[-135.26145718084177,66.64717354322906],[-135.2614662489108,66.64797171796366]]],[[[-135.2614662489108,66.64797171796366],[-135.2594550270343,66.64797619260835],[-135.25946403709128,66.64877436978048],[-135.26147499497642,66.6487698956595],[-135.2614662489108,66.64797171796366]]]]}"
00000000000000000027_00000000000000000027,15733.0,2.0763981919154926,2,-122367913230278,1.6583759866378731,-0.41802220527761946,"{""type"":""MultiPolygon"",""coordinates"":[[[[-135.11864999732137,66.6449662964409],[-135.1206610390852,66.6449662807551],[-135.1206567183425,66.64416810710514],[-135.1186457351527,66.64416812273028],[-135.11864999732137,66.6449662964409]]],[[[-135.11864999732137,66.6449662964409],[-135.11663897442276,66.64497074101773],[-135.11664350083382,66.64576891680436],[-135.11865458230884,66.6457644721498],[-135.11864999732137,66.6449662964409]]]]}"
00000000000000000012_00000000000000000012,15734.0,-0.08788464896173384,2,-122307783688067,-1.995813514675466,-1.9079288657137323,"{""type"":""Polygon"",""coordinates"":[[[-135.2535289765804,66.65756324399838],[-135.2535111353312,66.65596689966853],[-135.25149997048993,66.65597136448515],[-135.2515180172085,66.65756770845275],[-135.2535289765804,66.65756324399838]]]}"
00000000000000000013_00000000000000000013,15734.0,-0.1869139161292054,2,-122312078655294,-0.5182121058015718,-0.33129818967236646,"{""type"":""Polygon"",""coordinates"":[[[-135.39234970510452,66.65645735489295],[-135.39231845025063,66.65486099583838],[-135.39030738736017,66.65486554385447],[-135.39033416823068,66.65646185806246],[-135.39234970510452,66.65645735489295]]]}"
00000000000000000015_00000000000000000015,15734.0,1.4468882630711941,2,-122307783688353,0.7564288760147561,-0.6904593870564381,"{""type"":""Polygon"",""coordinates"":[[[-134.68009297236557,66.65583762010716],[-134.67607084417355,66.65582866610742],[-134.6760575328702,66.65662679652561],[-134.6800839729569,66.65663576148854],[-134.68009297236557,66.65583762010716]]]}"
00000000000000000018_00000000000000000018,15734.0,-3.1078284915054852,2,-122324963557243,-5.206305749025538,-2.0984772575200528,"{""type"":""MultiPolygon"",""coordinates"":[[[[-135.26956829179716,66.65274740453208],[-135.271579378714,66.65274294695588],[-135.2715704986326,66.65194481680268],[-135.2695594703044,66.6519492742425],[-135.26956829179716,66.65274740453208]]],[[[-135.26956829179716,66.65274740453208],[-135.2675573658384,66.65275188864118],[-135.26756629119777,66.65355007971667],[-135.2695772757485,66.65354559546938],[-135.26956829179716,66.65274740453208]]]]}"
0000000000000000001a_0000000000000000001a,15734.0,1.9098274609581996,2,-122337848459445,2.195721097803381,0.28589363684518165,"{""type"":""MultiPolygon"",""coordinates"":[[[[-134.63791892454122,66.65094596970492],[-134.63790998887168,66.65174409794506],[-134.63992098938132,66.6517485790462],[-134.63993448630936,66.65095486598678],[-134.63791892454122,66.65094596970492]]],[[[-134.63791892454122,66.65094596970492],[-134.63793221536844,66.65014779747452],[-134.6359211709799,66.65014334311873],[-134.63590782156632,66.65094151514768],[-134.63791892454122,66.65094596970492]]]]}"
0000000000000000001d_0000000000000000001d,15734.0,3.6205925570877433,2,-122346438393879,3.9678167662687214,0.34722420918097807,"{""type"":""Polygon"",""coordinates"":[[[-134.9577612658753,66.64900183426522],[-134.95373907461186,66.64900178366025],[-134.95373917855818,66.64979997375963],[-134.9577613257939,66.64979996560578],[-134.9577612658753,66.64900183426522]]]}"
0000000000000000001e_0000000000000000001e,15734.0,4.265618620092111,2,-122350733361179,4.406805224268348,0.1411866041762373,"{""type"":""MultiPolygon"",""coordinates"":[[[[-134.94770603799068,66.64899733117589],[-134.94770144981092,66.64979551941363],[-134.9497125231369,66.64979550940815],[-134.94971705272897,66.64899732110142],[-134.94770603799068,66.64899733117589]]],[[[-134.94770603799068,66.64899733117589],[-134.94770610979413,66.64819914337716],[-134.94569483111584,66.64819912148745],[-134.9456950233068,66.64899730942561],[-134.94770603799068,66.64899733117589]]]]}"
0000000000000000001f_0000000000000000001f,15734.0,-1.7155188453070795,2,-122346438393723,-1.397196178472889,0.3183226668341905,"{""type"":""MultiPolygon"",""coordinates"":[[[[-135.2695193489712,66.6487565515265],[-135.27153030367538,66.64875203566997],[-135.27152142656516,66.6479539169972],[-135.26951036857324,66.64795837436537],[-135.2695193489712,66.6487565515265]]],[[[-135.2695193489712,66.6487565515265],[-135.2675082314678,66.64876097720546],[-135.26751715385103,66.6495591568017],[-135.26953268430756,66.64955466305372],[-135.2695193489712,66.6487565515265]]]]}"
0000000000000000000c_0000000000000000000c,15735.0,1.8153934985003133,2,-122286308851931,1.9528260514740745,0.13743255297376122,"{""type"":""MultiPolygon"",""coordinates"":[[[[-134.56129808242326,66.66031452056606],[-134.56128481120354,66.66111272205585],[-134.56329568278377,66.6611171801017],[-134.56331373597092,66.66031899504404],[-134.56129808242326,66.66031452056606]]],[[[-134.56129808242326,66.66031452056606],[-134.56131587052312,66.659516336957],[-134.55930486634173,66.65950738559668],[-134.55928701963867,66.66030556892501],[-134.56129808242326,66.66031452056606]]]]}"
0000000000000000000d_0000000000000000000d,15735.0,1.282407115514393,2,-122290603819182,1.365924895075885,0.08351777956149209,"{""type"":""MultiPolygon"",""coordinates"":[[[[-134.65186696694687,66.65976157876632],[-134.65185343137128,66.660559778148],[-134.65386911566765,66.66056422558499],[-134.65387791254048,66.65976607195378],[-134.65186696694687,66.65976157876632]]],[[[-134.65186696694687,66.65976157876632],[-134.65188033957625,66.65896343992944],[-134.6498647737764,66.65895896094449],[-134.64985586026933,66.65975711202104],[-134.65186696694687,66.65976157876632]]]]}"
00000000000000000011_00000000000000000011,15735.0,1.185740749104173,2,-122294898786465,-1.3026594504421305,-2.4884001995463034,"{""type"":""Polygon"",""coordinates"":[[[-134.68006177607506,66.65823215796308],[-134.67603526195904,66.65822325142749],[-134.67602630538207,66.65902134112808],[-134.68004841769405,66.65903035395328],[-134.68006177607506,66.65823215796308]]]}"
00000000000000000000_00000000000000000000,15736.0,0.33094833561439274,2,-122226179309357,2.4843701799629643,2.1534218443485713,"{""type"":""Polygon"",""coordinates"":[[[-135.42884743654795,66.67151581824082],[-135.42883412414733,66.67071758711873],[-135.42480748487867,66.67073098357224],[-135.42482084037755,66.67152915586291],[-135.42884743654795,66.67151581824082]]]}"
00000000000000000004_00000000000000000004,15736.0,0.1542107608047785,2,-122230474277079,0.8334406587141975,0.679229897909419,"{""type"":""MultiPolygon"",""coordinates"":[[[[-134.56916847420217,66.66991496911018],[-134.57117934788832,66.66991941752396],[-134.5711973383894,66.66912126545336],[-134.56918168118915,66.66911680090718],[-134.56916847420217,66.66991496911018]]],[[[-134.56916847420217,66.66991496911018],[-134.56715299035685,66.66990607064227],[-134.5671395632749,66.67070418167458],[-134.5691505844381,66.67071318243832],[-134.56916847420217,66.66991496911018]]]]}"
00000000000000000005_00000000000000000005,15736.0,1.1197048931769729,2,-122234769244379,2.4541766247610584,1.3344717315840855,"{""type"":""Polygon"",""coordinates"":[[[-134.56314430745863,66.66909896338097],[-134.55911759108432,66.66908553651766],[-134.55909973170853,66.66988374729607],[-134.56312640500764,66.66989711545573],[-134.56314430745863,66.66909896338097]]]}"
00000000000000000006_00000000000000000006,15736.0,1.3923935138168846,2,-122239064211690,-1.0721375914272067,-2.4645311052440912,"{""type"":""MultiPolygon"",""coordinates"":[[[[-134.53093624653133,66.66899639310034],[-134.53091821117457,66.66979460234509],[-134.5329293173794,66.66980353076673],[-134.53294713370624,66.66900526195013],[-134.53093624653133,66.66899639310034]]],[[[-134.53093624653133,66.66899639310034],[-134.5309494388223,66.66819816828108],[-134.52893837289128,66.66819378691861],[-134.52892044231245,66.66899193550874],[-134.53093624653133,66.66899639310034]]]]}"
00000000000000000008_00000000000000000008,15736.0,-0.6145087061708498,2,-122256244080734,-3.100128332204961,-2.4856196260341115,"{""type"":""Polygon"",""coordinates"":[[[-134.81280490141006,66.66564761854883],[-134.81079382312473,66.66564317453049],[-134.81078037039768,66.66723946518754],[-134.81279140413452,66.66724396788089],[-134.81280490141006,66.66564761854883]]]}"
00000000000000000108_00000000000000000108,23530.0,-0.7290670753495869,3,-124614181126278,-0.7613591794700627,-0.032292104120475784,"{""type"":""Polygon"",""coordinates"":[[[-134.73932318432102,66.22849072586443],[-134.7373479832249,66.22848624292102],[-134.7373567347733,66.22769255491684],[-134.73538143142474,66.22768809918995],[-134.73536361354914,66.2292799893654],[-134.73931428741218,66.229288928452],[-134.73932318432102,66.22849072586443]]]}"
00000000000000000105_00000000000000000105,23531.0,1.438219482839773,3,-124592706289858,0.19427274289878763,-1.2439467399409854,"{""type"":""Polygon"",""coordinates"":[[[-134.61881149124085,66.23140696883827],[-134.61683625889418,66.23140251755954],[-134.61679607876076,66.23379261111045],[-134.618771480548,66.2337970629955],[-134.61881149124085,66.23140696883827]]]}"
000000000000000000fd_000000000000000000fd,23532.0,1.2481319888294609,3,-124541166682058,-0.2308317551494643,-1.4789637439789252,"{""type"":""Polygon"",""coordinates"":[[[-135.11263032912,66.24223366221705],[-135.11262582982778,66.24143547017255],[-135.10669959308387,66.24143995923751],[-135.1067040812459,66.24223809274531],[-135.11263032912,66.24223366221705]]]}"
00000000000000000102_00000000000000000102,23532.0,24.557059715146796,3,-124562641518664,10.917353927848172,-13.639705787298624,"{""type"":""Polygon"",""coordinates"":[[[-134.86368318868318,66.23743121949164],[-134.85775701402434,66.2374267922832],[-134.8577524844271,66.23822045909957],[-134.8636786469395,66.23822939881285],[-134.86368318868318,66.23743121949164]]]}"
000000000000000000f7_000000000000000000f7,23533.0,1.8748540335600088,3,-124506806943955,0.9564805611745579,-0.9183734723854509,"{""type"":""MultiPolygon"",""coordinates"":[[[[-134.58493576146984,66.2480483372588],[-134.5849224327986,66.24884647201768],[-134.58887313822575,66.24885540559842],[-134.58888667158587,66.24805727148627],[-134.58493576146984,66.2480483372588]]],[[[-134.58493576146984,66.2480483372588],[-134.58494924913416,66.24725014692598],[-134.5829736924402,66.24724569133366],[-134.5829604660726,66.24804388252323],[-134.58493576146984,66.2480483372588]]]]}"
000000000000000000ea_000000000000000000ea,23545.0,0.8844211353840187,3,-124146029690866,0.40278811240378426,-0.4816330229802344,"{""type"":""Polygon"",""coordinates"":[[[-135.03171534463857,66.31400736624258],[-135.02973115371736,66.31400738302384],[-135.02973121143708,66.31480551086413],[-135.02775126601455,66.314805553943],[-135.02775126683696,66.31560368425248],[-135.03171541485293,66.31560368305611],[-135.03171534463857,66.31400736624258]]]}"
000000000000000000e7_000000000000000000e7,23546.0,1.1006739485941202,3,-124090195115987,1.1643171162419421,0.06364316764782196,"{""type"":""Polygon"",""coordinates"":[[[-135.09321098062583,66.3259399211953],[-135.09320195400372,66.32434354515475],[-135.09121766183657,66.3243435955938],[-135.0912220381513,66.3251417531931],[-135.08923786237818,66.32514616898901],[-135.08924232718826,66.32593993223425],[-135.09321098062583,66.3259399211953]]]}"
000000000000000000e3_000000000000000000e3,23547.0,1.283877793363319,3,-124055835377639,1.294409910084512,0.010532116721192919,"{""type"":""MultiPolygon"",""coordinates"":[[[[-135.05356060159696,66.3315405722558],[-135.0555403059376,66.33154053304384],[-135.0555404624494,66.33074235312318],[-135.05355619108218,66.33074233568843],[-135.05356060159696,66.3315405722558]]],[[[-135.05356060159696,66.3315405722558],[-135.04959194478283,66.33154056070477],[-135.04959193608812,66.33233874294055],[-135.05356054748444,66.33233869593909],[-135.05356060159696,66.3315405722558]]]]}"
000000000000000000df_000000000000000000df,23548.0,1.5263517293149649,3,-124051540410353,1.596992595280511,0.0706408659655462,"{""type"":""Polygon"",""coordinates"":[[[-135.03372659789775,66.33314136967525],[-135.03174215507065,66.33314135929336],[-135.03173773420292,66.33234323451669],[-135.02975781308817,66.33234319165265],[-135.02975793039096,66.33393956309311],[-135.03372644637267,66.33393510116393],[-135.03372659789775,66.33314136967525]]]}"
000000000000000000da_000000000000000000da,23549.0,-0.20934587409314526,3,-124008590737154,-0.1366631874168433,0.07268268667630196,"{""type"":""Polygon"",""coordinates"":[[[-135.50803208862595,66.3410072263656],[-135.50799655787537,66.3394153441497],[-135.50402779877427,66.33942869362505],[-135.5040456497067,66.3402268611699],[-135.50602996616027,66.34021794508465],[-135.50604787529352,66.34101611480511],[-135.50803208862595,66.3410072263656]]]}"
000000000000000000d7_000000000000000000d7,23551.0,-0.5913949862339937,3,-123952756162265,-0.09787114042157628,0.49352384581241737,"{""type"":""Polygon"",""coordinates"":[[[-135.58965590409798,66.35105800549168],[-135.58963366644082,66.3502598252028],[-135.5876492942632,66.35026876904354],[-135.5876271150939,66.34947059086069],[-135.58564279814973,66.34947950302528],[-135.58568289548424,66.351075881857],[-135.58965590409798,66.35105800549168]]]}"
000000000000000000d0_000000000000000000d0,23553.0,0.09025267134747865,3,-123871151783681,0.22638713174546474,0.1361344603979861,"{""type"":""Polygon"",""coordinates"":[[[-135.51057828252885,66.36651322409372],[-135.51056054495933,66.36571509263118],[-135.50857616048168,66.36572401443422],[-135.50855832045806,66.36492582715222],[-135.50657407058856,66.36493031941025],[-135.50660532616828,66.3665266556801],[-135.51057828252885,66.36651322409372]]]}"
000000000000000000d3_000000000000000000d3,23553.0,-0.6120546071847164,3,-123884036685510,-0.33844853587269597,0.2736060713120204,"{""type"":""Polygon"",""coordinates"":[[[-135.6277011317942,66.36285681199676],[-135.62765652094285,66.36126044211748],[-135.62567216905316,66.36126933734026],[-135.62569002813308,66.36206757255982],[-135.62370561720604,66.36207643673276],[-135.62372788940115,66.36287465249468],[-135.6277011317942,66.36285681199676]]]}"
000000000000000000c4_000000000000000000c4,23557.0,-3.6832725571279763,3,-123746597732495,-3.7861952048754097,-0.10292264774743343,"{""type"":""Polygon"",""coordinates"":[[[-134.71961862326987,66.38788129628196],[-134.717629821327,66.38787684936061],[-134.71762072282135,66.38867501802922],[-134.71563218402278,66.38867054025826],[-134.71562302761905,66.3894687112178],[-134.71960058547546,66.3894731798755],[-134.71961862326987,66.38788129628196]]]}"
0000000000000000009e_0000000000000000009e,23566.0,-1.5166396359197112,3,-123450244988757,-1.5706351659573003,-0.05399553003758917,"{""type"":""Polygon"",""coordinates"":[[[-135.34487357985202,66.4451539893707],[-135.34485130634675,66.44356207287301],[-135.3408649027872,66.44357097617885],[-135.34087827356257,66.44436918529983],[-135.3428713976911,66.4443602627258],[-135.3428805034996,66.44515842713473],[-135.34487357985202,66.4451539893707]]]}"
0000000000000000009a_0000000000000000009a,23568.0,-0.38090021308272465,3,-123394410413698,-1.1256516580363267,-0.7447514449536021,"{""type"":""Polygon"",""coordinates"":[[[-135.7657859489594,66.45309564550878],[-135.7657325559161,66.45149924833883],[-135.76373935825518,66.45150816598373],[-135.7637660772158,66.45230639261254],[-135.76177294285037,66.4523197364039],[-135.7617996414565,66.45311344897571],[-135.7657859489594,66.45309564550878]]]}"
0000000000000000008e_0000000000000000008e,23576.0,7.209934188389997,3,-123153892245563,7.683490619392832,0.4735564310028355,"{""type"":""MultiPolygon"",""coordinates"":[[[[-134.88410142962485,66.49976014245065],[-134.88409247133177,66.50135646761026],[-134.88609014405213,66.50135652415311],[-134.88609914731933,66.49976014034854],[-134.88410142962485,66.49976014245065]]],[[[-134.88410142962485,66.49976014245065],[-134.88410574793554,66.49896198328538],[-134.88210808820395,66.49896195386756],[-134.88210373111858,66.49975565462553],[-134.88410142962485,66.49976014245065]]]]}"
00000000000000000086_00000000000000000086,23580.0,-2.901592905433679,3,-123016453291878,-6.658694302224361,-3.7571013967906817,"{""type"":""Polygon"",""coordinates"":[[[-135.31009261300176,66.52659498625923],[-135.31006147377894,66.52420042658689],[-135.30805930166812,66.5242049669733],[-135.3080904266994,66.52659946806236],[-135.31009261300176,66.52659498625923]]]}"
00000000000000000078_00000000000000000078,23583.0,-0.912177176291417,3,-122909079109334,-0.6683493390447706,0.24382783724664647,"{""type"":""Polygon"",""coordinates"":[[[-135.6006653874836,66.54481935717878],[-135.60062539748105,66.5432229833922],[-135.59662112452813,66.54324086651852],[-135.59664341270673,66.5440390414875],[-135.598645606928,66.54403005674652],[-135.59866345588145,66.54482825499868],[-135.6006653874836,66.54481935717878]]]}"
0000000000000000007b_0000000000000000007b,23583.0,-0.9438134004214483,3,-122921964011402,-1.225504483218425,-0.28169108279697663,"{""type"":""Polygon"",""coordinates"":[[[-135.2422430463158,66.54267896749705],[-135.24223409201142,66.54188080586303],[-135.23622766138052,66.54188975356172],[-135.23623660163227,66.54268785662798],[-135.2422430463158,66.54267896749705]]]}"
00000000000000000074_00000000000000000074,23584.0,-0.7815015438960378,3,-122879014338466,-1.4292941137150215,-0.6477925698189837,"{""type"":""MultiPolygon"",""coordinates"":[[[[-135.19225198764337,66.54993397316966],[-135.19425415293344,66.54993396801407],[-135.1942496412435,66.54913571884],[-135.19224753404978,66.54913572393643],[-135.19225198764337,66.54993397316966]]],[[[-135.19225198764337,66.54993397316966],[-135.1882478481152,66.54993840608945],[-135.1882566850609,66.55073653376282],[-135.19226094076325,66.55073210057176],[-135.19225198764337,66.54993397316966]]]]}"
00000000000000000070_00000000000000000070,23585.0,3.365920991595725,3,-122844654600154,-0.2919431578191292,-3.6578641494148543,"{""type"":""Polygon"",""coordinates"":[[[-135.08213443165786,66.55722013463411],[-135.08213011877083,66.55642192260264],[-135.07612350726137,66.5564263798863],[-135.07612362675889,66.55722453585777],[-135.08213443165786,66.55722013463411]]]}"
00000000000000000062_00000000000000000062,23591.0,1.6767081807895114,3,-122638496169915,1.5477469328466402,-0.12896124794287123,"{""type"":""Polygon"",""coordinates"":[[[-135.14247068364875,66.59547027081905],[-135.14246159642596,66.59387391973752],[-135.14045496330843,66.59387838807369],[-135.14045952878465,66.59467653309693],[-135.13845297533052,66.59467656836044],[-135.13845748277214,66.5954747157724],[-135.14247068364875,66.59547027081905]]]}"
0000000000000000005d_0000000000000000005d,23592.0,-2.039123679362446,3,-122608431398743,-1.6726171691887295,0.3665065101737164,"{""type"":""MultiPolygon"",""coordinates"":[[[[-135.3412083593581,66.60072309608175],[-135.34122166128225,66.60152124285857],[-135.3452348585002,66.60151232041194],[-135.34522143990444,66.60071417404197],[-135.3412083593581,66.60072309608175]]],[[[-135.3412083593581,66.60072309608175],[-135.34119924428708,66.59992494036565],[-135.3391928417141,66.59992938276494],[-135.33920157644218,66.60072753947807],[-135.3412083593581,66.60072309608175]]]]}"
0000000000000000005f_0000000000000000005f,23592.0,-2.6021423185513552,3,-122604136431452,-3.1964643072721954,-0.5943219887208402,"{""type"":""MultiPolygon"",""coordinates"":[[[[-135.33318186863062,66.60074091221894],[-135.3351884928023,66.60073650579969],[-135.33517520499993,66.59993830248165],[-135.33316847887835,66.59994276780498],[-135.33318186863062,66.60074091221894]]],[[[-135.33318186863062,66.60074091221894],[-135.32916862016242,66.60074986456156],[-135.32917770780318,66.60154802256785],[-135.33319091265435,66.60153912905682],[-135.33318186863062,66.60074091221894]]]]}"
00000000000000000059_00000000000000000059,23593.0,-0.22785700515551938,3,-122565481725728,-0.24577708482782176,-0.017920079672302386,"{""type"":""MultiPolygon"",""coordinates"":[[[[-135.45174049616827,66.60759903988236],[-135.45374712183053,66.60759457899485],[-135.45371573794725,66.60599821121185],[-135.45170922898683,66.60600267163312],[-135.45174049616827,66.60759903988236]]],[[[-135.45174049616827,66.60759903988236],[-135.44972943330512,66.60760794503096],[-135.44974718355024,66.60840609582853],[-135.4517537955885,66.60839720645535],[-135.45174049616827,66.60759903988236]]]]}"
00000000000000000052_00000000000000000052,23595.0,-0.1220406306860423,3,-122518237085473,0.15644350910628022,0.2784841397923225,"{""type"":""MultiPolygon"",""coordinates"":[[[[-135.4499211736391,66.61718163997098],[-135.44993442576063,66.61797983451737],[-135.45395218219304,66.6179664086769],[-135.453938813185,66.61716821453567],[-135.4499211736391,66.61718163997098]]],[[[-135.4499211736391,66.61718163997098],[-135.4499034117524,66.6163834637271],[-135.44789669881212,66.61639238079717],[-135.44791005171072,66.61719051398379],[-135.4499211736391,66.61718163997098]]]]}"
00000000000000000051_00000000000000000051,23596.0,3.9470467107996368,3,-122509647151138,3.764398107620786,-0.1826486031788508,"{""type"":""Polygon"",""coordinates"":[[[-134.9357198776014,66.6194646954767],[-134.93370877227403,66.61946471751085],[-134.933713278907,66.61866655842886],[-134.93170674339572,66.61866655109503],[-134.9316979353358,66.62026287160973],[-134.93571542921197,66.62026285693817],[-134.9357198776014,66.6194646954767]]]}"
0000000000000000003c_0000000000000000003c,23597.0,1.420863662526466,3,-122445222641581,0.8558476975610549,-0.565015964965411,"{""type"":""Polygon"",""coordinates"":[[[-135.17083494004842,66.63134820438468],[-135.17082144810323,66.62975182675329],[-135.16881058198607,66.6297562766174],[-135.1688193646073,66.63055446160291],[-135.16680825116822,66.63055447818626],[-135.1668127848698,66.63135267111196],[-135.17083494004842,66.63134820438468]]]}"
00000000000000000049_00000000000000000049,23597.0,2.3812659754291117,3,-122475287412740,2.7994508606624606,0.41818488523334896,"{""type"":""Polygon"",""coordinates"":[[[-134.99598019142124,66.62506534030251],[-134.99196247783786,66.62506532559415],[-134.991962566224,66.62586350500298],[-134.99397349596094,66.62586349899827],[-134.99397364288038,66.62666168071434],[-134.99598027974824,66.62666170140885],[-134.99598019142124,66.62506534030251]]]}"
0000000000000000002b_0000000000000000002b,23598.0,1.2486107260825703,3,-122415157870768,0.5543791935011094,-0.6942315325814609,"{""type"":""Polygon"",""coordinates"":[[[-134.64821503367668,66.63581177086706],[-134.64620396887216,66.63580283934931],[-134.6461637100006,66.63819741415222],[-134.6481748472521,66.63820182662955],[-134.64821503367668,66.63581177086706]]]}"
00000000000000000034_00000000000000000034,23598.0,4.338794322255277,3,-122432337739804,4.881486157428475,0.5426918351731986,"{""type"":""Polygon"",""coordinates"":[[[-134.94774163780497,66.63303825211628],[-134.9437195408395,66.63303377491165],[-134.94371948795163,66.6346300654996],[-134.94572622443877,66.63463011720165],[-134.94573070631492,66.63383191399573],[-134.94773721484026,66.63383633571418],[-134.94774163780497,66.63303825211628]]]}"
00000000000000000039_00000000000000000039,23598.0,2.15316249916846,3,-122440927674362,1.7849919907638967,-0.3681705084045632,"{""type"":""Polygon"",""coordinates"":[[[-135.01607733731268,66.6314507664084],[-135.01205981636323,66.63145074195258],[-135.0120597125529,66.6330470813348],[-135.01407084679866,66.6330471092024],[-135.01407075954307,66.63224890902033],[-135.01607732175066,66.63224890561268],[-135.01607733731268,66.6314507664084]]]}"
00000000000000000024_00000000000000000024,23600.0,1.4501020623579033,3,-122372208197633,1.387854098212961,-0.06224796414494227,"{""type"":""MultiPolygon"",""coordinates"":[[[[-135.00200894842504,66.64501534112792],[-135.00200884566704,66.64581351943465],[-135.00401994918215,66.64581347172333],[-135.00401983209974,66.6450153521143],[-135.00200894842504,66.64501534112792]]],[[[-135.00200894842504,66.64501534112792],[-135.00200905117745,66.64421716512076],[-134.99799127135446,66.64421716512587],[-134.99798685853818,66.64501534106154],[-135.00200894842504,66.64501534112792]]]]}"
00000000000000000026_00000000000000000026,23600.0,1.3947516583050192,3,-122372208197628,1.8521820325117844,0.45743037420676513,"{""type"":""Polygon"",""coordinates"":[[[-135.01206411545942,66.64341902145622],[-135.0100531876332,66.6434189617171],[-135.0100531579348,66.6442171941311],[-135.0080420102855,66.6442171612654],[-135.00804208325698,66.64501533727416],[-135.0120641731651,66.64501537119867],[-135.01206411545942,66.64341902145622]]]}"
00000000000000000014_00000000000000000014,23601.0,0.17625425633720868,3,-122316373622586,0.36988346445014136,0.1936292081129327,"{""type"":""Polygon"",""coordinates"":[[[-135.4003938766268,66.65643514646953],[-135.4003538745943,66.65404059033453],[-135.39834287148682,66.65404503071994],[-135.3983828581996,66.65643952825097],[-135.4003938766268,66.65643514646953]]]}"
0000000000000000000b_0000000000000000000b,23602.0,-0.2657231603118198,3,-122277718916822,1.5413904264053009,1.8071135867171206,"{""type"":""Polygon"",""coordinates"":[[[-135.6037689976389,66.6621115292796],[-135.60372444368753,66.66051519818463],[-135.59970238015282,66.6605330616577],[-135.59972469928573,66.66133116728636],[-135.6017356305534,66.66132231057115],[-135.60175800969373,66.66212041814474],[-135.6037689976389,66.6621115292796]]]}"
0000000000000000000e_0000000000000000000e,23602.0,1.4246688563866543,3,-122290603819200,2.8625534159465893,1.437884559559935,"{""type"":""MultiPolygon"",""coordinates"":[[[[-134.617656735956,66.65967690882341],[-134.61764339593634,66.66047058836861],[-134.61965884546171,66.66047951035313],[-134.61967218902916,66.65968136970949],[-134.617656735956,66.65967690882341]]],[[[-134.617656735956,66.65967690882341],[-134.61766997688105,66.65887871149087],[-134.6136478047936,66.65886531807877],[-134.61363460882916,66.65966345679351],[-134.617656735956,66.65967690882341]]]]}"
0000000000000000000a_0000000000000000000a,23603.0,0.4477778962979036,3,-122256244080868,1.49255837721862,1.0447804809207164,"{""type"":""MultiPolygon"",""coordinates"":[[[[-134.54510717386023,66.665050079627],[-134.5471182583358,66.66505901962778],[-134.54713614058468,66.66426082306819],[-134.54512043387746,66.66425192530224],[-134.54510717386023,66.665050079627]]],[[[-134.54510717386023,66.665050079627],[-134.54108057529643,66.66503672550061],[-134.54106267829823,66.66583486539933],[-134.545089231866,66.66584827819241],[-134.54510717386023,66.665050079627]]]]}"
00000000000000000104_00000000000000000104,31375.0,1.5915162146334423,4,-124579821387966,2.2359133365918007,0.6443971219583584,"{""type"":""Polygon"",""coordinates"":[[[-134.6325990917797,66.23383268528907],[-134.6246976287917,66.23381491967417],[-134.62468423619606,66.23460855572047],[-134.63258586397697,66.23463089309206],[-134.6325990917797,66.23383268528907]]]}"
000000000000000000f4_000000000000000000f4,31380.0,0.752615664794477,4,-124463857270696,0.743872783962871,-0.008742880831605904,"{""type"":""Polygon"",""coordinates"":[[[-135.17795611493,66.25730989293336],[-135.17794272906417,66.25571353994597],[-135.17398764189727,66.25572243811024],[-135.1740007730917,66.25731433732757],[-135.17795611493,66.25730989293336]]]}"
000000000000000000f1_000000000000000000f1,31381.0,-0.8460614894052727,4,-124433792499443,-2.870884530644053,-2.02482304123878,"{""type"":""Polygon"",""coordinates"":[[[-135.53595946393347,66.26198745587195],[-135.53591942345918,66.26039555548685],[-135.53196417407761,66.26040895936019],[-135.5320043915597,66.2620053137555],[-135.53595946393347,66.26198745587195]]]}"
000000000000000000d5_000000000000000000d5,31403.0,-0.1237491529024751,4,-123896921587443,0.11578126991912582,0.23953042282160092,"{""type"":""MultiPolygon"",""coordinates"":[[[[-135.53625829997742,66.3600386212884],[-135.53824267578977,66.36003418609907],[-135.53818900238298,66.35763962653246],[-135.53620025729074,66.35764859509972],[-135.53625829997742,66.3600386212884]]],[[[-135.53625829997742,66.3600386212884],[-135.5342695423508,66.36004761724499],[-135.5342917887537,66.3608457120313],[-135.53627613698805,66.3608368520507],[-135.53625829997742,66.3600386212884]]]]}"
000000000000000000b9_000000000000000000b9,31412.0,-0.33632663738619245,4,-123686468189959,-1.3614971231432202,-1.0251704857570278,"{""type"":""Polygon"",""coordinates"":[[[-135.49940374701197,66.4008394732033],[-135.4993725427264,66.39924304452764],[-135.49539056707826,66.3992564313367],[-135.49542633678396,66.40085284208749],[-135.49940374701197,66.4008394732033]]]}"
000000000000000000b3_000000000000000000b3,31415.0,-1.595332933399231,4,-123626338647950,-4.906828488997284,-3.3114955555980536,"{""type"":""MultiPolygon"",""coordinates"":[[[[-135.22892794226792,66.41269172258372],[-135.2269349501474,66.41269620876778],[-135.22694386086124,66.41348993799365],[-135.2289369470561,66.41348990854554],[-135.22892794226792,66.41269172258372]]],[[[-135.22892794226792,66.41269172258372],[-135.23091693616757,66.41268727083742],[-135.23090348840543,66.41109541343423],[-135.2269215345728,66.41109983575235],[-135.22693048086808,66.41189801701654],[-135.2289192578579,66.41189353846002],[-135.22892794226792,66.41269172258372]]]]}"
000000000000000000a8_000000000000000000a8,31418.0,1.5929691664141703,4,-123540439302306,1.0566889669179358,-0.5362801994962345,"{""type"":""MultiPolygon"",""coordinates"":[[[[-134.6832634558298,66.42847253171077],[-134.683254471014,66.4292706481415],[-134.6852476858289,66.42927511387951],[-134.68525677377104,66.42847693906624],[-134.6832634558298,66.42847253171077]]],[[[-134.6832634558298,66.42847253171077],[-134.68327692135324,66.42767431165788],[-134.68128366192153,66.42766987298383],[-134.68127477959246,66.42846804591773],[-134.6832634558298,66.42847253171077]]],[[[-134.68128366192153,66.42766987298383],[-134.68129686417132,66.42687165474045],[-134.67731062261262,66.42686274227957],[-134.67730162589268,66.42766091253112],[-134.68128366192153,66.42766987298383]]]]}"
000000000000000000a7_000000000000000000a7,31419.0,0.9516975907249746,4,-123531849367483,-1.1521702241080978,-2.1038678148330723,"{""type"":""MultiPolygon"",""coordinates"":[[[[-135.14144508581674,66.43034977484085],[-135.14144949032712,66.43114796280874],[-135.1434427055399,66.43114348159936],[-135.1434382434748,66.4303452937065],[-135.14144508581674,66.43034977484085]]],[[[-135.14144508581674,66.43034977484085],[-135.14143595762036,66.42875340649665],[-135.13745416848278,66.42875787068438],[-135.13745845745262,66.42955605396445],[-135.1394472381831,66.42955158201185],[-135.13945190488548,66.43034976727564],[-135.14144508581674,66.43034977484085]]]]}"
0000000000000000008f_0000000000000000008f,31433.0,-0.9663309341143784,4,-123175367081604,-0.5680333553578295,0.3982975787565489,"{""type"":""Polygon"",""coordinates"":[[[-135.76320421403665,66.49538577874651],[-135.7631239763893,66.49299118814312],[-135.75913314738358,66.49301353259403],[-135.75915977392785,66.49381164969707],[-135.7611530233917,66.49379836488457],[-135.76120655887118,66.49539466307044],[-135.76320421403665,66.49538577874651]]]}"
00000000000000000088_00000000000000000088,31438.0,-3.464990576463213,4,-123063697932136,-3.8487078681324554,-0.3837172916692424,"{""type"":""Polygon"",""coordinates"":[[[-135.30796568824908,66.51702581596703],[-135.30794334696222,66.51542942281044],[-135.30394364543878,66.51543833819981],[-135.303965914808,66.51703467298653],[-135.30796568824908,66.51702581596703]]]}"
0000000000000000007e_0000000000000000007e,31443.0,3.4577757878683335,4,-122930553946131,2.5204369953183914,-0.9373387925499421,"{""type"":""MultiPolygon"",""coordinates"":[[[[-134.96796808936313,66.54208145162328],[-134.96796812425865,66.54287962351441],[-134.96997025714163,66.54287958632149],[-134.96997032477594,66.54208147314321],[-134.96796808936313,66.54208145162328]]],[[[-134.96796808936313,66.54208145162328],[-134.96796805446382,66.54128328208499],[-134.96396835889084,66.54128332135983],[-134.963963779095,66.54208148962084],[-134.96796808936313,66.54208145162328]]],[[[-134.96396835889084,66.54128332135983],[-134.9639682794126,66.54048509545417],[-134.96196616010775,66.54048509632433],[-134.9619661815112,66.54128332223304],[-134.96396835889084,66.54128332135983]]]]}"
0000000000000000007f_0000000000000000007f,31443.0,-3.3192654915329323,4,-122939143880566,-3.1379665190110715,0.18129897252186078,"{""type"":""Polygon"",""coordinates"":[[[-135.27826812870674,66.54181392672271],[-135.27822785975897,66.53862565647475],[-135.27623025521254,66.53863009127002],[-135.2762657941806,66.5418183719565],[-135.27826812870674,66.54181392672271]]]}"
00000000000000000082_00000000000000000082,31443.0,3.9961744201884195,4,-122939143880728,2.8933426637897273,-1.1028317563986922,"{""type"":""MultiPolygon"",""coordinates"":[[[[-134.95396207809245,66.53968245405378],[-134.95395769023528,66.5404806760801],[-134.95996404084383,66.54048506552178],[-134.95996407733512,66.53968695930737],[-134.95396207809245,66.53968245405378]]],[[[-134.95396207809245,66.53968245405378],[-134.95396212061996,66.53888875047458],[-134.95195996452208,66.53888431000004],[-134.95195985646782,66.53968247258055],[-134.95396207809245,66.53968245405378]]]]}"
0000000000000000006f_0000000000000000006f,31447.0,2.7950898113947322,4,-122844654600173,0.9003762649325884,-1.8947135464621438,"{""type"":""Polygon"",""coordinates"":[[[-135.04607384944546,66.55643976338558],[-135.03806072630292,66.55643972624563],[-135.0380608664802,66.5572379403971],[-135.04607373983816,66.5572379190316],[-135.04607384944546,66.55643976338558]]]}"
00000000000000000066_00000000000000000066,31453.0,-3.5647881854980046,4,-122694330744963,-3.9720460910527757,-0.40725790555477115,"{""type"":""MultiPolygon"",""coordinates"":[[[[-134.73925646616735,66.58493342867175],[-134.73926532942883,66.58413526029938],[-134.73725878256016,66.58413076520505],[-134.73724986099884,66.58492893343947],[-134.73925646616735,66.58493342867175]]],[[[-134.73925646616735,66.58493342867175],[-134.73923841610807,66.58652977174442],[-134.7412451808198,66.5865297757494],[-134.7412539448968,66.58573606232494],[-134.7432606518866,66.58573603444255],[-134.7432695594764,66.58493792248628],[-134.73925646616735,66.58493342867175]]]]}"
0000000000000000005e_0000000000000000005e,31456.0,-9.642861806046437,4,-122617021333485,-23.479527957060107,-13.83666615101367,"{""type"":""MultiPolygon"",""coordinates"":[[[[-135.04014317636128,66.60032180242905],[-135.0401387491951,66.59872541913262],[-135.03813206748924,66.5987299114376],[-135.03813202447475,66.6003217774414],[-135.04014317636128,66.60032180242905]]],[[[-135.04014317636128,66.60032180242905],[-135.040143256517,66.60191813770797],[-135.04214969479526,66.60191813241607],[-135.04214981998416,66.60032179702738],[-135.04014317636128,66.60032180242905]]]]}"
00000000000000000058_00000000000000000058,31458.0,-0.2870429870387796,4,-122569776692933,0.09750686956496854,0.3845498566037482,"{""type"":""Polygon"",""coordinates"":[[[-135.6364809355109,66.60849976408294],[-135.63643650543233,66.60690339128367],[-135.6344298956757,66.60691232660157],[-135.63440758006732,66.60611414414267],[-135.63240102670196,66.60612304738561],[-135.63244554264222,66.60771941529885],[-135.6344522126978,66.60771051137633],[-135.6344745311337,66.60850869846651],[-135.6364809355109,66.60849976408294]]]}"
0000000000000000004f_0000000000000000004f,31461.0,1.588559877394832,4,-122501057216670,-2.6920556072219894,-4.280615484616821,"{""type"":""Polygon"",""coordinates"":[[[-134.68461909554944,66.61993288880942],[-134.6826080039058,66.61992846306015],[-134.6825633226401,66.62312119297786],[-134.68457432609907,66.6231256186065],[-134.68461909554944,66.61993288880942]]]}"
00000000000000000050_00000000000000000050,31461.0,2.123290042630896,4,-122509647151025,2.5736158946708083,0.45032585203991227,"{""type"":""Polygon"",""coordinates"":[[[-135.16271940423138,66.62098527620002],[-135.16271483027407,66.62018705466728],[-135.16070383264545,66.62018709290312],[-135.16069496410682,66.61859071513533],[-135.15868378690868,66.61859518208426],[-135.1587016676942,66.62098971713708],[-135.16271940423138,66.62098527620002]]]}"
0000000000000000003f_0000000000000000003f,31463.0,1.2857029646359959,4,-122445222641838,1.179974187723841,-0.10572877691215488,"{""type"":""MultiPolygon"",""coordinates"":[[[[-134.6523171715821,66.63023343479851],[-134.65432836998824,66.63023786907698],[-134.6543640343665,66.62784335042205],[-134.65235736375215,66.62783886990957],[-134.6523171715821,66.63023343479851]]],[[[-134.6523171715821,66.63023343479851],[-134.6503108095355,66.63022898198287],[-134.65029740603165,66.63102715527268],[-134.65230833960837,66.63103162064824],[-134.6523171715821,66.63023343479851]]]]}"
00000000000000000038_00000000000000000038,31464.0,2.1911674065237574,4,-122440927674352,1.7729244369459185,-0.4182429695778389,"{""type"":""Polygon"",""coordinates"":[[[-135.03818562456385,66.6314462778204],[-135.03215676501378,66.63144630419546],[-135.03216137776533,66.63304264260479],[-135.03416783690176,66.63304264686312],[-135.03416797061018,66.6322445052136],[-135.03818560797384,66.63224453455263],[-135.03818562456385,66.6314462778204]]]}"
0000000000000000002d_0000000000000000002d,31465.0,5.641139170420609,4,-122410862903375,4.138346281434333,-1.502792888986276,"{""type"":""Polygon"",""coordinates"":[[[-134.84520473520135,66.63695328768061],[-134.84118691550285,66.63694885591508],[-134.84117363548103,66.63854521694529],[-134.8451955587291,66.63854965383038],[-134.84520473520135,66.63695328768061]]]}"
00000000000000000023_00000000000000000023,31467.0,1.1586360526522907,4,-122363618263054,1.0090002960990867,-0.14963575655320405,"{""type"":""Polygon"",""coordinates"":[[[-134.97988719070082,66.64581352820285],[-134.97184309908343,66.6458135262998],[-134.97184308529066,66.64661170700347],[-134.97988741122745,66.6466117088941],[-134.97988719070082,66.64581352820285]]]}"
00000000000000000016_00000000000000000016,31468.0,4.224091092240391,4,-122324963557416,4.0885120392183545,-0.13557905302203643,"{""type"":""Polygon"",""coordinates"":[[[-134.92355103734485,66.65457564656359],[-134.92153559257233,66.65457119007795],[-134.92154452053896,66.65297484796334],[-134.91953337509403,66.65297482318765],[-134.91952440477866,66.65536937186168],[-134.92354655109426,66.65537379174474],[-134.92355103734485,66.65457564656359]]]}"
00000000000000000017_00000000000000000017,31468.0,-0.057814032736568544,4,-122333553491760,-2.2651500086192815,-2.207335975882713,"{""type"":""Polygon"",""coordinates"":[[[-135.42246638248372,66.6531799445509],[-135.42243982917844,66.65158358976458],[-135.42042868674864,66.65158802853387],[-135.4204107923504,66.65078986986079],[-135.41839986962037,66.65079433469761],[-135.41843102578946,66.65239066974806],[-135.42044206568923,66.6523862044428],[-135.42045544548634,66.65318438264626],[-135.42246638248372,66.6531799445509]]]}"
0000000000000000001b_0000000000000000001b,31468.0,0.08618924614399569,4,-122333553491773,0.1088091909768888,0.02261994483289312,"{""type"":""MultiPolygon"",""coordinates"":[[[[-135.3942626510112,66.65086123899673],[-135.39627374279345,66.65085674473052],[-135.39624694493583,66.64926046287326],[-135.39423587236953,66.64926935925727],[-135.3942626510112,66.65086123899673]]],[[[-135.3942626510112,66.65086123899673],[-135.3922516220353,66.65087016217664],[-135.3922783511059,66.6524665122362],[-135.39428949725576,66.65245758862906],[-135.3942626510112,66.65086123899673]]]]}"
0000000000000000000f_0000000000000000000f,31469.0,-0.6301812396203093,4,-122290603818710,-2.115709961221982,-1.4855287216016726,"{""type"":""Polygon"",""coordinates"":[[[-135.60567299370283,66.65811171875113],[-135.60565518150608,66.65731354232068],[-135.60162874819002,66.65733137249171],[-135.60165096036175,66.65812952808079],[-135.5996399433794,66.65813850241351],[-135.59965774097796,66.65893662248716],[-135.60368425016688,66.65891879686026],[-135.6036619779952,66.65812063932262],[-135.60567299370283,66.65811171875113]]]}"
00000000000000000010_00000000000000000010,31469.0,1.7636878954912294,4,-122294898786231,1.5215966517135033,-0.24209124377772606,"{""type"":""Polygon"",""coordinates"":[[[-135.1509206242664,66.65930231410098],[-135.15091166640283,66.65770594560205],[-135.14889616370579,66.65771043546658],[-135.1489050206968,66.65850858409846],[-135.1468894345284,66.65850858121557],[-135.14690299900693,66.6601049489748],[-135.14891386190905,66.66010495733012],[-135.14890952199696,66.65930679882206],[-135.1509206242664,66.65930231410098]]]}"
00000000000000000003_00000000000000000003,31472.0,-0.048755042852769645,4,-122217589375064,0.286274191140863,0.33502923399363266,"{""type"":""MultiPolygon"",""coordinates"":[[[[-134.82685092877404,66.67125273576269],[-134.82886648556038,66.67125264622578],[-134.82887099087822,66.67045451450193],[-134.826859851547,66.6704545513344],[-134.82685092877404,66.67125273576269]]],[[[-134.82685092877404,66.67125273576269],[-134.82483992132077,66.67124822105073],[-134.82482647696924,66.67284460270115],[-134.82684196077577,66.67284906486394],[-134.82685092877404,66.67125273576269]]],[[[-134.82482647696924,66.67284460270115],[-134.82281551413206,66.67284011489774],[-134.82280647254723,66.67363830589318],[-134.82482201428886,66.67364280006676],[-134.82482647696924,66.67284460270115]]]]}"
000000000000000000d2_000000000000000000d2,39254.0,-0.07466662914019001,5,-123888331652850,0.188889793097133,0.263556422237323,"{""type"":""Polygon"",""coordinates"":[[[-135.54229150063503,66.3632046355729],[-135.54227357576292,66.36241085418628],[-135.5383004227389,66.36242429402436],[-135.5382782179354,66.36162613573259],[-135.53629381437938,66.36163502730892],[-135.5363297247515,66.36322692654197],[-135.53831847886184,66.36322247252846],[-135.5383362168771,66.36402065484275],[-135.54032494020035,66.36401171320675],[-135.54030267563607,66.3632135503758],[-135.54229150063503,66.3632046355729]]]}"
000000000000000000c9_000000000000000000c9,39259.0,0.7334606959299288,5,-123793842372369,0.6299934488961625,-0.10346724703376631,"{""type"":""Polygon"",""coordinates"":[[[-135.4791104498804,66.38177230787781],[-135.47907916315808,66.38017599589888],[-135.47709053865594,66.38018490199724],[-135.4770726367128,66.37938667024599],[-135.47508383261194,66.37939114766482],[-135.4751330541987,66.38178569140806],[-135.4791104498804,66.38177230787781]]]}"
000000000000000000bd_000000000000000000bd,39265.0,4.403452649100011,5,-123690763157549,4.429488281658828,0.026035632558817134,"{""type"":""Polygon"",""coordinates"":[[[-134.91644318703072,66.39849840595892],[-134.91246558363787,66.3984939438873],[-134.91246130106785,66.39929209432654],[-134.91047243504755,66.39929216170425],[-134.9104681092747,66.40008585783276],[-134.91643886038835,66.40009031415485],[-134.91644318703072,66.39849840595892]]]}"
000000000000000000a0_000000000000000000a0,39277.0,1.3082181317864536,5,-123437360086968,2.9349965564655576,1.626778424679104,"{""type"":""MultiPolygon"",""coordinates"":[[[[-135.14950707986642,66.44469464986753],[-135.15150017522078,66.44469467586651],[-135.15149142153012,66.44309833779302],[-135.14949812115546,66.44309831205453],[-135.14950707986642,66.44469464986753]]],[[[-135.14950707986642,66.44469464986753],[-135.1475138483812,66.44469910862655],[-135.1475184071915,66.44549288224178],[-135.14951139986363,66.44549288121921],[-135.14950707986642,66.44469464986753]]],[[[-135.1475184071915,66.44549288224178],[-135.14552511764427,66.44549730957227],[-135.1455339655877,66.44629547944864],[-135.14752731272617,66.4462910519734],[-135.1475184071915,66.44549288224178]]],[[[-135.1455339655877,66.44629547944864],[-135.14353627186122,66.44629548154005],[-135.14354522303864,66.44709371241785],[-135.14553849130633,66.44709371536658],[-135.1455339655877,66.44629547944864]]]]}"
00000000000000000060_00000000000000000060,39319.0,-2.6111711754919815,5,-122629906235227,-5.132109055356578,-2.5209378798645963,"{""type"":""Polygon"",""coordinates"":[[[-135.33713708812942,66.59674116954177],[-135.33711491178948,66.59514477688175],[-135.33310173096822,66.59515813970168],[-135.3331104484435,66.59595634113634],[-135.3311040126628,66.59596077383281],[-135.33111734016043,66.59675890685095],[-135.33713708812942,66.59674116954177]]]}"
0000000000000000005a_0000000000000000005a,39322.0,-2.6360328596594806,5,-122591251529570,-2.6570017115026325,-0.020968851843151892,"{""type"":""Polygon"",""coordinates"":[[[-135.32119589412662,66.60475859100222],[-135.32117351072998,66.60316221080156],[-135.31715571801493,66.60317114574055],[-135.31719143936257,66.60556568495744],[-135.3191980952623,66.60556118023925],[-135.31918913584332,66.6047630690464],[-135.32119589412662,66.60475859100222]]]}"
0000000000000000005b_0000000000000000005b,39322.0,-0.056786188628862755,5,-122578366627824,0.4035993508987931,0.4603855395276559,"{""type"":""Polygon"",""coordinates"":[[[-135.03814111139988,66.60431268896625],[-135.0341278847403,66.60431265835473],[-135.03412777623245,66.60590907547058],[-135.03212120718496,66.60590901250858],[-135.03212117513513,66.60670725386571],[-135.03613893904028,66.60670722940202],[-135.03613442155273,66.60511080892526],[-135.03814109329505,66.60511086704986],[-135.03814111139988,66.60431268896625]]]}"
00000000000000000044_00000000000000000044,39328.0,3.84313162321944,5,-122466697478176,3.6638444849235134,-0.17928713829592668,"{""type"":""MultiPolygon"",""coordinates"":[[[[-134.94172624752545,66.62744651815532],[-134.94373277168708,66.62745094459143],[-134.9437373103219,66.62665276220405],[-134.94172633201148,66.62664833377846],[-134.94172624752545,66.62744651815532]]],[[[-134.94172633201148,66.62664833377846],[-134.94173076786703,66.62585009501805],[-134.93771326131647,66.6258501244377],[-134.93770854749116,66.62664830429438],[-134.94172633201148,66.62664833377846]]],[[[-134.94172624752545,66.62744651815532],[-134.93971520158786,66.62744651831255],[-134.93971521984997,66.62824464638628],[-134.94172181150827,66.62824464415355],[-134.94172624752545,66.62744651815532]]],[[[-134.93770854749116,66.62664830429438],[-134.93569772124644,66.6266482995863],[-134.93569762231638,66.62744654273777],[-134.93770866839458,66.62744648883212],[-134.93770854749116,66.62664830429438]]]]}"
00000000000000000040_00000000000000000040,39329.0,2.1442453324317516,5,-122458107543558,1.8638753030758834,-0.2803700293558682,"{""type"":""MultiPolygon"",""coordinates"":[[[[-134.99196252468266,66.62985437796112],[-134.98995146343378,66.62985441081878],[-134.98995149328408,66.63065260408031],[-134.99196261307682,66.63065257122105],[-134.99196252468266,66.62985437796112]]],[[[-134.99196252468266,66.62985437796112],[-134.99396907282568,66.6298544304212],[-134.99397361439748,66.62825805105821],[-134.98794497238643,66.62825803265443],[-134.9879404308823,66.62905622087261],[-134.9919625974518,66.62905624570936],[-134.99196252468266,66.62985437796112]]]]}"
00000000000000000037_00000000000000000037,39330.0,4.028805927581397,5,-122436632707161,1.5603082394725796,-2.468497688108817,"{""type"":""Polygon"",""coordinates"":[[[-134.82514758015745,66.63134379277439],[-134.82313657036522,66.63134370772086],[-134.82313206615714,66.63214190305824],[-134.82112102635097,66.63213744297511],[-134.821103144907,66.63453203669785],[-134.82311422831827,66.63453197760958],[-134.82312304810344,66.63294009441574],[-134.825134175739,66.63294006227947],[-134.82514758015745,66.63134379277439]]]}"
00000000000000000029_00000000000000000029,39332.0,1.8284586399396292,5,-122389388066750,1.4424073556638024,-0.3860512842758268,"{""type"":""MultiPolygon"",""coordinates"":[[[[-135.13873385445723,66.64096201141757],[-135.13873837856391,66.64176017559747],[-135.1407494850018,66.64175573306254],[-135.14074490232835,66.640957568959],[-135.13873385445723,66.64096201141757]]],[[[-135.13873385445723,66.64096201141757],[-135.1387293306394,66.64016384953915],[-135.13470730638517,66.64016383490217],[-135.13471622796206,66.64096199211754],[-135.1327051789517,66.64096645652621],[-135.1327096890214,66.64176467942919],[-135.13672724966628,66.64176024301511],[-135.13672294508106,66.64096201990591],[-135.13873385445723,66.64096201141757]]]]}"
0000000000000000002a_0000000000000000002a,39332.0,1.4973558828821367,5,-122397978001494,3.9382463457898003,2.4408904629076638,"{""type"":""MultiPolygon"",""coordinates"":[[[[-134.82909824282646,66.64012816269798],[-134.82908941689993,66.64172454783694],[-134.83311148233935,66.6417290147174],[-134.8331203964862,66.64013262974177],[-134.82909824282646,66.64012816269798]]],[[[-134.82909824282646,66.64012816269798],[-134.82910725039812,66.63933000910961],[-134.8270963273891,66.6393255271161],[-134.82709177599583,66.64012368670417],[-134.82909824282646,66.64012816269798]]]]}"
00000000000000000025_00000000000000000025,39333.0,0.9619090743189449,5,-122376503164919,0.9756499170865833,0.013740842767638428,"{""type"":""MultiPolygon"",""coordinates"":[[[[-135.02211939874618,66.64421719245846],[-135.02211939789487,66.64501530983337],[-135.02614148787208,66.64501536768174],[-135.02614153279265,66.64421719157873],[-135.02211939874618,66.64421719245846]]],[[[-135.02211939874618,66.64421719245846],[-135.02211940036602,66.64262084722145],[-135.02010836980514,66.64262077058304],[-135.02010831046454,66.64341900074282],[-135.01809738262057,66.64341895093914],[-135.018097264705,66.64421718339695],[-135.02211939874618,66.64421719245846]]]]}"
00000000000000000031_00000000000000000031,47196.0,1.8485224874327455,6,-122428042772408,-2.388159434869077,-4.236681922301822,"{""type"":""Polygon"",""coordinates"":[[[-135.1507601194373,66.63536136248068],[-135.15075556900734,66.63456321677329],[-135.14874902184516,66.63456763687945],[-135.14874001642434,66.63376949868797],[-135.15075117975064,66.63376501448796],[-135.15074662990096,66.6329668733905],[-135.14672455654903,66.63297129039195],[-135.14673350363418,66.63376954379397],[-135.14472233902305,66.6337739643722],[-135.14472685161536,66.63456770594343],[-135.146737936808,66.63456768733354],[-135.14674237026674,66.63536583317781],[-135.1507601194373,66.63536136248068]]]}"
00000000000000000036_00000000000000000036,47196.0,1.9746524461302986,6,-122432337739697,1.948247219329619,-0.026405226800679582,"{""type"":""MultiPolygon"",""coordinates"":[[[[-135.16079738740964,66.63295794966247],[-135.16481510426644,66.63295350346249],[-135.16481062839728,66.63215530585002],[-135.16279955874126,66.63215531741017],[-135.16279514170878,66.63135712204347],[-135.16078415658953,66.63136156219262],[-135.16079738740964,66.63295794966247]]],[[[-135.16079738740964,66.63295794966247],[-135.15878642009037,66.63295795614941],[-135.158795504928,66.63455429937858],[-135.16281748624172,66.63454985266158],[-135.16281306821224,66.63375165037769],[-135.16080190745458,66.6337560908182],[-135.16079738740964,66.63295794966247]]]]}"
0000000000000000002c_0000000000000000002c,47197.0,0.9689074215765895,6,-122410862903513,0.5539579314926274,-0.4149494900839621,"{""type"":""Polygon"",""coordinates"":[[[-134.57179928487741,66.63719854500019],[-134.56978823205023,66.6371940971214],[-134.56980172626666,66.63639590666268],[-134.56377284851496,66.63637810202185],[-134.5637551492893,66.63717621933036],[-134.5657660382039,66.63718070348543],[-134.5657527484511,66.6379788969338],[-134.57178133415542,66.6379967227427],[-134.57179928487741,66.63719854500019]]]}"
00000000000000000030_00000000000000000030,47197.0,1.1472016009811814,6,-122415157870685,-0.4642841992387279,-1.6114858002199093,"{""type"":""MultiPolygon"",""coordinates"":[[[[-134.81505676857395,66.6361194485731],[-134.81706777729926,66.6361238868461],[-134.81707665041324,66.6353256862299],[-134.81506553863187,66.63532130655622],[-134.81505676857395,66.6361194485731]]],[[[-134.81505676857395,66.6361194485731],[-134.8130499219072,66.63611944519673],[-134.81301434621582,66.64010591721184],[-134.8150254860665,66.6401103289003],[-134.81505676857395,66.6361194485731]]]]}"
00000000000000000020_00000000000000000020,47201.0,4.430216658800792,6,-122355028328489,3.9402349327111965,-0.4899817260895958,"{""type"":""Polygon"",""coordinates"":[[[-134.92557980957324,66.64819022445168],[-134.92356885404274,66.6481902047129],[-134.92357333834173,66.6473920801967],[-134.91754017704665,66.64738754524534],[-134.91753567812012,66.64818572834507],[-134.9195467945311,66.64818578496788],[-134.91954670901868,66.64898391449402],[-134.9255798998046,66.64898835397632],[-134.92557980957324,66.64819022445168]]]}"
0000000000000000001c_0000000000000000001c,47202.0,4.274545293779468,6,-122333553491997,4.434395779932993,0.15985048615352504,"{""type"":""MultiPolygon"",""coordinates"":[[[[-134.94568592140405,66.65139188288819],[-134.9476969506665,66.65139184601],[-134.94770153926382,66.65059365317857],[-134.94569056859189,66.65059369012647],[-134.94568592140405,66.65139188288819]]],[[[-134.94569056859189,66.65059369012647],[-134.9456903765394,66.64979549759349],[-134.94367946450703,66.649795502714],[-134.94367927536584,66.65059369510999],[-134.94569056859189,66.65059369012647]]],[[[-134.94568592140405,66.65139188288819],[-134.94166386304352,66.65139186117763],[-134.94165934390657,66.65298373604924],[-134.9456816271436,66.65298821874185],[-134.94568592140405,66.65139188288819]]]]}"
00000000000000000113_00000000000000000113,54888.0,-0.03149991396295056,7,-124828929490675,-0.160998803001322,-0.12949888903837142,"{""type"":""MultiPolygon"",""coordinates"":[[[[-135.53424276914876,66.18788166671736],[-135.53426058662194,66.18867988712178],[-135.53623157844493,66.18867097293888],[-135.5362137046129,66.18787275281234],[-135.53424276914876,66.18788166671736]]],[[[-135.53424276914876,66.18788166671736],[-135.53422479530084,66.18708350811542],[-135.5302830339402,66.18710135925684],[-135.53033653610882,66.18949139146936],[-135.53230742781076,66.18948248128747],[-135.5323253486555,66.19028064775546],[-135.5342961374171,66.19027176546942],[-135.53426058662194,66.18867988712178],[-135.53228966782228,66.18868437526687],[-135.53227183189546,66.18789054952566],[-135.53424276914876,66.18788166671736]]]]}"
00000000000000000106_00000000000000000106,54904.0,0.9777359933859243,7,-124609886158954,1.6685862839160894,0.6908502905301651,"{""type"":""Polygon"",""coordinates"":[[[-134.7985623958804,66.22938698594011],[-134.79461169080926,66.22937804256037],[-134.79462055867944,66.22858441000358],[-134.79066981019963,66.2285754004883],[-134.79065638773875,66.23017175846937],[-134.79657811775797,66.2301807651245],[-134.7965735941382,66.23097446838449],[-134.7985491395956,66.23097889552203],[-134.7985623958804,66.22938698594011]]]}"
000000000000000000ac_000000000000000000ac,54981.0,1.0154623421929716,7,-123544734269369,-4.248042879082431,-5.263505221275402,"{""type"":""MultiPolygon"",""coordinates"":[[[[-135.1473978832006,66.42635437035501],[-135.1493910960981,66.42635436913623],[-135.14938214384773,66.42555625966928],[-135.14739346818058,66.4255562555164],[-135.1473978832006,66.42635437035501]]],[[[-135.14740687502606,66.42795078302137],[-135.14741129089532,66.4287489050963],[-135.14940449266535,66.42874450537565],[-135.14940001861822,66.4279462660822],[-135.14740687502606,66.42795078302137]]],[[[-135.1473978832006,66.42635437035501],[-135.1414227474747,66.4263588715288],[-135.14142715057685,66.42715704743927],[-135.14342042117224,66.42715702337178],[-135.14342488210485,66.42795520163298],[-135.14740687502606,66.42795078302137],[-135.1473978832006,66.42635437035501]]]]}"
00000000000000000007_00000000000000000007,55075.0,0.7921946038141647,7,-122243359178845,0.9419164555770074,0.1497218517628427,"{""type"":""MultiPolygon"",""coordinates"":[[[[-134.8168136509882,66.66804660485425],[-134.8188246132906,66.66804660952268],[-134.81883344608633,66.66724843434858],[-134.81681802320668,66.66724842329927],[-134.8168136509882,66.66804660485425]]],[[[-134.81681802320668,66.66724842329927],[-134.81682691420886,66.66645025054203],[-134.8148114186577,66.66644580508874],[-134.81480698810105,66.66724398428467],[-134.81681802320668,66.66724842329927]]],[[[-134.8168136509882,66.66804660485425],[-134.8127869145216,66.66804214930544],[-134.8127735766266,66.66963845390201],[-134.81881114282595,66.66964297271113],[-134.81882013839385,66.66884473449427],[-134.81680459721147,66.66884484065253],[-134.8168136509882,66.66804660485425]]]]}"
00000000000000000001_00000000000000000001,55076.0,3.7357925008670025,7,-122234769244201,4.6684267339793735,0.9326342331123709,"{""type"":""MultiPolygon"",""coordinates"":[[[[-134.92148208888543,66.67053478541838],[-134.92148647649586,66.66973665539825],[-134.9174599472021,66.66973662989483],[-134.9174554421946,66.67053475978396],[-134.92148208888543,66.67053478541838]]],[[[-134.92148208888543,66.67053478541838],[-134.92147753941092,66.6713329763242],[-134.9234929393188,66.67133297196376],[-134.92348863884763,66.67292930488308],[-134.92549963619354,66.67292926599617],[-134.9255041422408,66.67133293320832],[-134.9275195301697,66.67133744358898],[-134.92752406504746,66.67053919386511],[-134.92148208888543,66.67053478541838]]]]}"
00000000000000000002_00000000000000000002,55076.0,4.165894274497492,7,-122239064211501,-0.049037238112570096,-4.214931512610062,"{""type"":""Polygon"",""coordinates"":[[[-134.91544891951864,66.66893394978534],[-134.90941133480783,66.6689294988503],[-134.90940217793678,66.67052587337575],[-134.91342897084076,66.67053032173395],[-134.91342450939646,66.67132851257139],[-134.9154399089907,66.67132851842345],[-134.91544891951864,66.66893394978534]]]}"
000000000000000000ff_000000000000000000ff,62752.0,31.758318973614532,8,-124558346551372,16.2774908541187,-15.480828119495833,"{""type"":""Polygon"",""coordinates"":[[[-134.85972342073995,66.23902309766596],[-134.85774809041865,66.23901864107002],[-134.85774369613304,66.23981682555024],[-134.8518174914018,66.2398124106868],[-134.8518263014956,66.23821604425953],[-134.84985100563202,66.23821603410579],[-134.8498376445821,66.24060607480916],[-134.8597144496854,66.24061501501217],[-134.85972342073995,66.23902309766596]]]}"
000000000000000000dc_000000000000000000dc,62795.0,-0.6579349335918507,8,-124034360540923,0.04799550840304729,0.7059304419948981,"{""type"":""Polygon"",""coordinates"":[[[-135.52577934698294,66.33616013011066],[-135.52574376219397,66.33456827820335],[-135.52177506547784,66.334581604926],[-135.52175734668572,66.33378345440256],[-135.51977285738354,66.33379238709111],[-135.51979075454997,66.3345860811604],[-135.51780652560348,66.33459498145537],[-135.51782429192164,66.33539319294005],[-135.52179294594336,66.33537981586888],[-135.52182846587473,66.33697173171622],[-135.5238127881922,66.33696728262835],[-135.52379500898257,66.33616912500831],[-135.52577934698294,66.33616013011066]]]}"
000000000000000000b4_000000000000000000b4,62829.0,0.2178998785229281,8,-123630633615357,-0.7590640536171669,-0.976963932140095,"{""type"":""Polygon"",""coordinates"":[[[-135.01393240624793,66.40968629139796],[-135.01194375285914,66.4096863197628],[-135.01194377571278,66.41047999069627],[-135.0099505879801,66.41047998801325],[-135.00995062230817,66.40968631708053],[-135.00796180901688,66.40968634122561],[-135.00796171763093,66.41048001215685],[-135.005973167078,66.41048000487845],[-135.00597317951826,66.41127819370546],[-135.0119438005448,66.41127823817835],[-135.011943690227,66.41287456449042],[-135.0139325728247,66.41287453612755],[-135.01393240624793,66.40968629139796]]]}"
000000000000000000a9_000000000000000000a9,62837.0,2.7228225434477205,8,-123540439302228,4.711587299585015,1.9887647561372948,"{""type"":""MultiPolygon"",""coordinates"":[[[[-134.83863637510512,66.42952924010214],[-134.84062963125936,66.42953371166554],[-134.84063407254297,66.42873558719467],[-134.83864535413744,66.42873112144169],[-134.83863637510512,66.42952924010214]]],[[[-134.83863637510512,66.42952924010214],[-134.83664757305826,66.42952931727882],[-134.8366341651074,66.43112116903852],[-134.8386273758913,66.43112561342122],[-134.83863637510512,66.42952924010214]]],[[[-134.83664757305826,66.42952931727882],[-134.83665652630484,66.42793289487307],[-134.8346633858492,66.42792847777686],[-134.8346722926983,66.42713476248369],[-134.83267905062792,66.42713025515205],[-134.83266119613057,66.42952484999196],[-134.83664757305826,66.42952931727882]]]]}"
00000000000000000045_00000000000000000045,62925.0,1.0382384376517808,8,-122475287412823,-0.5948065087897151,-1.6330449464414958,"{""type"":""Polygon"",""coordinates"":[[[-134.8292098569998,66.62576091980678],[-134.827198772393,66.62576095704398],[-134.82720315693913,66.62496278003803],[-134.8251966717047,66.62495833130328],[-134.82516098363595,66.62974741511304],[-134.82716749694512,66.629751863984],[-134.8271854898065,66.62735731184202],[-134.8291965299524,66.62735733326616],[-134.8292098569998,66.62576091980678]]]}"
00000000000000000019_00000000000000000019,62936.0,4.478095021315719,8,-122337848459299,4.22598323504813,-0.252111786267589,"{""type"":""MultiPolygon"",""coordinates"":[[[[-134.93361524354458,66.65298372160854],[-134.93159958042833,66.65298376801658],[-134.93159969565917,66.65377750905168],[-134.93361072788844,66.65378197975744],[-134.93361524354458,66.65298372160854]]],[[[-134.93361524354458,66.65298372160854],[-134.93562638955763,66.65298375833653],[-134.9356351814953,66.64979109602857],[-134.93362410868735,66.64979100064699],[-134.9336195938643,66.65058924961083],[-134.92959750332898,66.65058479598113],[-134.92959319395516,66.65138292988124],[-134.93160421146317,66.65138737370178],[-134.93160415425004,66.65218562962188],[-134.93361524188643,66.65218558078685],[-134.93361524354458,66.65298372160854]]]]}"
00000000000000000101_00000000000000000101,70594.0,-0.6438864427361246,9,-124558346551029,-0.7797725458226514,-0.13588610308652682,"{""type"":""MultiPolygon"",""coordinates"":[[[[-135.52945810025807,66.23730634874356],[-135.52748271230936,66.23731527701965],[-135.52750052911898,66.23811347809861],[-135.5294759736634,66.23810454954447],[-135.52945810025807,66.23730634874356]]],[[[-135.52945810025807,66.23730634874356],[-135.531433646423,66.23729744721336],[-135.5314514164099,66.23809558980864],[-135.53342662708462,66.2380911711742],[-135.53340895828325,66.23729296956306],[-135.53933503668387,66.23727067516386],[-135.53931719921258,66.23647247687562],[-135.53339113282007,66.23649482973909],[-135.53335541050453,66.23490295336293],[-135.53138010808917,66.23490737229659],[-135.5314156447277,66.23650376217428],[-135.52944022797126,66.23650815045124],[-135.52945810025807,66.23730634874356]]]]}"
000000000000000000dd_000000000000000000dd,70644.0,-0.20526056519088648,9,-124042950475506,-0.04168055284358342,0.16358001234730307,"{""type"":""Polygon"",""coordinates"":[[[-135.54163152373891,66.33530403390934],[-135.54161371049148,66.33450582299857],[-135.53962933511485,66.33451477563152],[-135.53957584333642,66.33212473079497],[-135.5375915507048,66.33212919588891],[-135.53760940475766,66.33292734066917],[-135.53562513988015,66.33293623004555],[-135.5356608118012,66.33452813007926],[-135.53764495791708,66.33452369691173],[-135.53766735439282,66.33531743248221],[-135.5356829186282,66.33532632275814],[-135.53570088081722,66.33612453557762],[-135.53966938516362,66.33610666654415],[-135.53964724960431,66.33531292750935],[-135.54163152373891,66.33530403390934]]]}"
000000000000000000d1_000000000000000000d1,70659.0,0.9957770700416264,9,-123875446751330,0.7660495054137837,-0.22972756462784272,"{""type"":""MultiPolygon"",""coordinates"":[[[[-134.80929107641253,66.36490796784076],[-134.81127971035144,66.36490797812681],[-134.8112931033564,66.36331611799224],[-134.80930429503164,66.36331165137952],[-134.80929107641253,66.36490796784076]]],[[[-134.80929107641253,66.36490796784076],[-134.8053180215012,66.3648990644855],[-134.80531353214633,66.36569722962858],[-134.8072978813984,66.36570169364633],[-134.8072799835772,66.36809179937897],[-134.8092641854925,66.36809623188341],[-134.80927319105746,66.36729812493462],[-134.81126180691143,66.36730253269643],[-134.81127076264977,66.36570619515493],[-134.8092865720982,66.36570173544506],[-134.80929107641253,66.36490796784076]]]]}"
0000000000000000007a_0000000000000000007a,70749.0,3.452807159149547,9,-122921964011464,2.3970078404749535,-1.0557993186745933,"{""type"":""Polygon"",""coordinates"":[[[-135.120125946494,66.54362877882355],[-135.12012151748144,66.54283506627367],[-135.11811938721968,66.54283501438312],[-135.11811499709296,66.54203684505208],[-135.11210847815795,66.54204131053702],[-135.11211301540044,66.5428394797798],[-135.11411514583693,66.54283950933721],[-135.11411974143957,66.54363768086705],[-135.11211755292652,66.54363765137491],[-135.11212193029485,66.54443588413646],[-135.1141239974738,66.54443139595358],[-135.11412859364043,66.54522957217375],[-135.11613057650897,66.54522957016259],[-135.11612175059227,66.54363327843586],[-135.120125946494,66.54362877882355]]]}"
00000000000000000042_00000000000000000042,70790.0,2.4936429204541066,9,-122475287412748,2.677073031086467,0.1834301106323606,"{""type"":""MultiPolygon"",""coordinates"":[[[[-134.9778984671695,66.62586353774833],[-134.97789846579659,66.62506535828975],[-134.97588759458014,66.6250653444506],[-134.97588753742716,66.62586352391013],[-134.9778984671695,66.62586353774833]]],[[[-134.9778986297484,66.62666166085461],[-134.97588748026646,66.62666170567918],[-134.97588742309802,66.62745988975738],[-134.97789411843152,66.62745984414614],[-134.9778986297484,66.62666166085461]]],[[[-134.9778984671695,66.62586353774833],[-134.9778986297484,66.62666166085461],[-134.9799051054831,66.62666164212453],[-134.9799050638113,66.62825807124858],[-134.9839227616941,66.62825805660911],[-134.98392273060705,66.62666168620225],[-134.98191609371122,66.62666170970915],[-134.98191617941828,66.62506534853708],[-134.979909659342,66.62506534033098],[-134.97990520682615,66.62586351907365],[-134.9778984671695,66.62586353774833]]]]}"
00000000000000000022_00000000000000000022,70799.0,1.7976364014452613,9,-122372208197860,1.3392473466224972,-0.45838905482276404,"{""type"":""MultiPolygon"",""coordinates"":[[[[-134.5455351554422,66.64350366855092],[-134.5475461828331,66.64350820511713],[-134.54756403825957,66.64270995308414],[-134.54555306749248,66.64270553417005],[-134.5455351554422,66.64350366855092]]],[[[-134.5455351554422,66.64350366855092],[-134.54151301253341,66.64349033221391],[-134.54146843195784,66.64588484051716],[-134.5454906018215,66.6458982944393],[-134.54547268553242,66.64669643801105],[-134.5474837869245,66.6467009162388],[-134.5475149878308,66.64510449738997],[-134.54550384135527,66.64510007774288],[-134.5455351554422,66.64350366855092]]]]}"
000000000000000000ce_000000000000000000ce,78511.0,-0.21085783464946828,10,-123871151783655,-0.18524444616092858,0.025613388488539696,"{""type"":""MultiPolygon"",""coordinates"":[[[[-135.56229050229123,66.36871163824877],[-135.56030183555646,66.36871605875749],[-135.56034178069325,66.3703124396581],[-135.56233063002134,66.37030350321534],[-135.56229050229123,66.36871163824877]]],[[[-135.56229050229123,66.36871163824877],[-135.56427476539568,66.3687026910354],[-135.56423906631997,66.36710630104795],[-135.5622504476151,66.36711526769956],[-135.56219238089844,66.36472517751803],[-135.5582192221283,66.36473854176852],[-135.5582372151672,66.36553672762233],[-135.56022604230003,66.3655278230033],[-135.5602659776713,66.36712418440794],[-135.55827735527234,66.36713308822713],[-135.55829510124195,66.36792676752457],[-135.56226823931794,66.3679134617481],[-135.56229050229123,66.36871163824877]]]]}"
00000000000000000028_00000000000000000028,78664.0,1.4439448727674624,10,-122393683034346,1.7111736250317786,0.2672287522643162,"{""type"":""Polygon"",""coordinates"":[[[-134.5375399910272,66.6410823975573],[-134.53553333387484,66.6410779526595],[-134.53551561400974,66.64187614152429],[-134.53350462092268,66.6418672468124],[-134.53353566211624,66.64027085536112],[-134.53152471168704,66.64026638983489],[-134.53154254655516,66.63946820611449],[-134.529531493583,66.63946376711647],[-134.52946466686058,66.64265201278688],[-134.53750885949339,66.64267879337649],[-134.5375399910272,66.6410823975573]]]}"
00000000000000000079_00000000000000000079,86472.0,2.0536178754476984,11,-122904784142272,-0.47424371473410126,-2.5278615901817996,"{""type"":""Polygon"",""coordinates"":[[[-135.13615651734813,66.54600990910008],[-135.13614306177718,66.54361538049295],[-135.13414105736348,66.54361986491027],[-135.13414978244322,66.54521175613318],[-135.13214766141522,66.54521620903228],[-135.13214318526497,66.54441803280464],[-135.13014126140166,66.54441805338554],[-135.1301456794773,66.54521622967559],[-135.128143396804,66.5452206780775],[-135.12814807845248,66.54601885646807],[-135.13015009783288,66.5460144083168],[-135.13015893538417,66.54761077265107],[-135.13416338685204,66.54760629869246],[-135.13415431695867,66.54600993463566],[-135.13615651734813,66.54600990910008]]]}"
00000000000000000090_00000000000000000090,102158.0,5.72251022567399,13,-123171072114754,0.7847437894635049,-4.937766436210485,"{""type"":""Polygon"",""coordinates"":[[[-134.8781305921736,66.49496663694468],[-134.8701400088776,66.49496213769784],[-134.87013544710533,66.49576034333529],[-134.868137719731,66.49575586906998],[-134.86813326051245,66.49655401851207],[-134.87013104572296,66.49655849285284],[-134.87012650438348,66.4973522449396],[-134.87212418775928,66.49735662894528],[-134.87211968297328,66.4981548417758],[-134.87411744477825,66.49815485328035],[-134.87412189171962,66.49735664038673],[-134.87611941510323,66.49736113705364],[-134.87612396406712,66.49656298527948],[-134.87812610200237,66.49656293782394],[-134.8781305921736,66.49496663694468]]]}"
000000000000000000a1_000000000000000000a1,109971.0,-0.5225309108260912,14,-123476014792445,-0.21443933204667118,0.30809157877941995,"{""type"":""Polygon"",""coordinates"":[[[-135.52614495308313,66.43902272260438],[-135.52607376393695,66.43582997553102],[-135.52408050930097,66.43583892316644],[-135.52406265152095,66.43504069864949],[-135.5220692937021,66.43504967380147],[-135.52212293137507,66.43743977962305],[-135.51814082588677,66.43745755799347],[-135.51815875098623,66.43825133205083],[-135.51616547820151,66.43826021251816],[-135.51618326928403,66.43905838843001],[-135.52016985092556,66.43904499462768],[-135.52018767436041,66.43983871520051],[-135.5221809839371,66.43983428766157],[-135.522140732744,66.43823789432616],[-135.52413400263143,66.43822903668581],[-135.52415186268578,66.43902715351601],[-135.52614495308313,66.43902272260438]]]}"
000000000000000000b2_000000000000000000b2,117807.0,1.7213597460631394,15,-123613453746360,3.1251923276938296,1.4038325816306902,"{""type"":""MultiPolygon"",""coordinates"":[[[[-134.6436488809522,66.41402499643438],[-134.65360138826597,66.41405176244109],[-134.65361490279813,66.41325352816386],[-134.6436622021731,66.4132268204966],[-134.6436488809522,66.41402499643438]]],[[[-134.64758170903548,66.41722665141931],[-134.64756839628956,66.41802032384169],[-134.6495570596587,66.41802927292164],[-134.64957053249344,66.41723108518363],[-134.64758170903548,66.41722665141931]]],[[[-134.64758170903548,66.41722665141931],[-134.6475907603331,66.41642845377558],[-134.64560199526545,66.4164239887495],[-134.64558840835684,66.41722217365913],[-134.64758170903548,66.41722665141931]]],[[[-134.64560199526545,66.4164239887495],[-134.6456152614719,66.41562580535674],[-134.6436219161574,66.41562135465846],[-134.643608592428,66.41641953784885],[-134.64560199526545,66.4164239887495]]],[[[-134.6356849222281,66.4140071403497],[-134.63569815341197,66.41320896430345],[-134.6337049841572,66.41320447394185],[-134.6336960714741,66.41399826414535],[-134.6356849222281,66.4140071403497]]],[[[-134.6436488809522,66.41402499643438],[-134.64165565167696,66.41402051460551],[-134.64166903040964,66.41322233887097],[-134.6396801765429,66.41321789669978],[-134.639666740423,66.41401607223084],[-134.6356849222281,66.4140071403497],[-134.6356714290769,66.41480086103394],[-134.64164674993094,66.41481870549688],[-134.64163336965402,66.41561688606738],[-134.6436219161574,66.41562135465846],[-134.6436488809522,66.41402499643438]]]]}"
000000000000000000a4_000000000000000000a4,117822.0,-2.9522026424509633,15,-123510374530910,-5.653745384641584,-2.701542742190621,"{""type"":""MultiPolygon"",""coordinates"":[[[[-135.3307696196811,66.43482225715172],[-135.3267875131994,66.43483111812887],[-135.32679647210585,66.43562937125132],[-135.33078285332877,66.43562038178857],[-135.3307696196811,66.43482225715172]]],[[[-135.3307696196811,66.43482225715172],[-135.33674917503242,66.43480883002647],[-135.3367357695443,66.43401070840825],[-135.33474253532995,66.43401513751341],[-135.33473366905483,66.43321700619899],[-135.33274049142165,66.43322140365426],[-135.33272704184415,66.4324232282187],[-135.33472032123717,66.43241877189779],[-135.33471129550594,66.43162058717887],[-135.3307250115806,66.43162952625698],[-135.3307384028997,66.43242769948937],[-135.32874496222925,66.43243215190718],[-135.32873162847056,66.43163397846997],[-135.32673840510154,66.4316384573903],[-135.3267518406363,66.43243657196984],[-135.32276543658838,66.43244549389965],[-135.32277875922185,66.43324372859223],[-135.33074731422332,66.4332258868875],[-135.3307696196811,66.43482225715172]]]]}"
0000000000000000006e_0000000000000000006e,125789.0,2.487363839874211,16,-122836064665552,-2.6767913809550614,-5.164155220829272,"{""type"":""Polygon"",""coordinates"":[[[-135.10417588906853,66.55800489636425],[-135.1041714187789,66.5572067410493],[-135.10016265511874,66.55720674803267],[-135.1001670090593,66.5580049034749],[-135.09616280690344,66.55800941547983],[-135.09617166309454,66.56040389921283],[-135.10418462249385,66.5603949795365],[-135.10418016840012,66.55960127653768],[-135.10818894207253,66.55959680070228],[-135.10818467653684,66.55879864056749],[-135.1061823489276,66.55879863359543],[-135.10617798078812,66.5580004172039],[-135.10417588906853,66.55800489636425]],[[-135.1021692787495,66.55800488819555],[-135.10217369107633,66.55880304591899],[-135.1041758582311,66.55880305772644],[-135.10417588906853,66.55800489636425],[-135.1021692787495,66.55800488819555]]]}"
00000000000000000056_00000000000000000056,133701.0,2.103651852819253,17,-122535416954804,-1.7245893678031683,-3.8282412206224214,"{""type"":""MultiPolygon"",""coordinates"":[[[[-135.15463505422002,66.61381054076783],[-135.15262841484895,66.61381502401971],[-135.15263285483533,66.61461316850182],[-135.15463939181868,66.61460874405907],[-135.15463505422002,66.61381054076783]]],[[[-135.15463505422002,66.61381054076783],[-135.1626703577902,66.61380166924408],[-135.1626612764471,66.61300347431892],[-135.16065485811785,66.61300790821166],[-135.1606503458432,66.61220970974645],[-135.16265702796136,66.6122052755156],[-135.16265245760854,66.61140707944182],[-135.1646591073036,66.61140707372655],[-135.16465464029784,66.61060893850978],[-135.1626480489664,66.61060894416484],[-135.1626391301622,66.60981069961306],[-135.16063246242211,66.6098151924432],[-135.16063697369495,66.61061338395783],[-135.15662381570905,66.61061781400537],[-135.15662821053942,66.61141600797174],[-135.1546215602218,66.61141600406565],[-135.15463505422002,66.61381054076783]]]]}"
00000000000000000073_00000000000000000073,141507.0,2.761762344315307,18,-122866129436628,3.2357625290730048,0.4740001847576978,"{""type"":""Polygon"",""coordinates"":[[[-135.0961449957507,66.5540184824493],[-135.10014927607472,66.55401842975907],[-135.10014474984527,66.55242214134744],[-135.09813822514553,66.55242206960274],[-135.09813810986955,66.55162392726905],[-135.0961316592975,66.55162840028407],[-135.09613160226286,66.5508302602895],[-135.0941295330855,66.55083018040794],[-135.0941293715068,66.55162837919019],[-135.0921272445448,66.55162838498829],[-135.0921318466938,66.55242658260147],[-135.0881274909643,66.55243107591825],[-135.08813194840542,66.55402290501718],[-135.09013408892528,66.5540229038524],[-135.09013863368037,66.55482110857368],[-135.09614505325044,66.55481663181969],[-135.0961449957507,66.5540184824493]],[[-135.09614059830483,66.55322028004656],[-135.09413837082653,66.55322477686788],[-135.094142870703,66.55402292055335],[-135.0961449957507,66.5540184824493],[-135.09614059830483,66.55322028004656]]]}"
000000000000000000a3_000000000000000000a3,345614.0,1.5666288111495386,44,-123506079563945,-2.9598988506349015,-4.52652766178444,"{""type"":""MultiPolygon"",""coordinates"":[[[[-134.6712328487253,66.43402851769335],[-134.66923961298914,66.4340240657766],[-134.66926191715024,66.43242770032916],[-134.67125503777075,66.43243215190718],[-134.67126837152946,66.43163397846997],[-134.6692753084601,66.43162952709673],[-134.6692842184965,66.430831344517],[-134.66530221007946,66.43082241676734],[-134.66528870449406,66.43162058717887],[-134.66728208564348,66.43162510243339],[-134.66725982863738,66.43322140449914],[-134.66327331503118,66.43321251900795],[-134.6632643912042,66.43401065018851],[-134.66525746467008,66.43401513751341],[-134.6652442760681,66.43481331840864],[-134.66325098429158,66.4348088891014],[-134.66323763228678,66.43560255590982],[-134.6652308205497,66.43560704364342],[-134.66522195230147,66.43640518216705],[-134.66721503835703,66.43640969674519],[-134.6672240097965,66.43561149986324],[-134.67121049753342,66.43562483404664],[-134.6712328487253,66.43402851769335]]],[[[-134.6712328487253,66.43402851769335],[-134.6752193217306,66.4340374442701],[-134.67522806106615,66.43323925406393],[-134.67722124077815,66.43324372859223],[-134.67718575187692,66.43563822400323],[-134.67519688070374,66.43563376047666],[-134.6752057806592,66.43483562451445],[-134.6732126461461,66.43483117719121],[-134.67319030051272,66.43642309969724],[-134.68116314149728,66.43644087679974],[-134.68114977074757,66.43723906487152],[-134.68314308013737,66.43724350397886],[-134.68315639331826,66.43644531570197],[-134.68514516339786,66.43644982919292],[-134.6851586876266,66.43565610114337],[-134.6831653327126,66.43565163484364],[-134.68318763358997,66.43405531808484],[-134.67920131627693,66.43404635066933],[-134.67922352451302,66.43245004341317],[-134.6812166486051,66.43245445477143],[-134.68120776245863,66.43325264215187],[-134.68319662357803,66.43325706991658],[-134.6832321771975,66.43086705331544],[-134.6752638242884,66.4308491797775],[-134.6752503386652,66.43164289324709],[-134.67724372331014,66.43164736825572],[-134.67723472275208,66.43244555295638],[-134.67324831869553,66.4324366310316],[-134.6732350416669,66.43323480708132],[-134.6712461840135,66.43323033943928],[-134.6712328487253,66.43402851769335]]]]}"
