system:index,area_m2,control,count,label,mean,net_change,.geo
00000000000000000001_00000000000000000001,10889.0,-0.5957697997896237,12,-258389527511962,-0.8964859395919659,-0.30071613980234213,"{""type"":""Polygon"",""coordinates"":[[[-118.95415007371473,72.78906357070248],[-118.95327179271648,72.78898772013144],[-118.95352579636914,72.78872462215168],[-118.95264749596399,72.7886532697612],[-118.95239327900039,72.7889119028635],[-118.95151477456487,72.78883608105632],[-118.95100650314423,72.78935780738118],[-118.95188502736211,72.78943363147347],[-118.95112693211331,72.79021399489588],[-118.95288811218349,72.79036560328248],[-118.95313794666153,72.79010246288284],[-118.95225953399415,72.79002672209236],[-118.9525137689643,72.78976808961062],[-118.9533919298312,72.78984386709827],[-118.95415007371473,72.78906357070248]]]}"
00000000000000000017_00000000000000000017,10885.0,-0.1324237013892456,12,-260463996714999,-0.2173207537271978,-0.0848970523379522,"{""type"":""Polygon"",""coordinates"":[[[-119.89384317149015,72.73087673261261],[-119.89296034147439,72.7308053362452],[-119.893196616282,72.73054230795736],[-119.89231839420457,72.73047096534067],[-119.89255454445502,72.73021228603848],[-119.89167610088201,72.73014097906649],[-119.89143535173194,72.73039959999637],[-119.89055693175885,72.73033271133906],[-119.89032060168651,72.7305913124623],[-119.88943771989072,72.73052001250753],[-119.88896498252117,72.73104617411897],[-119.88984342435148,72.73111307055814],[-119.89007976743457,72.7308544702286],[-119.89096266815092,72.73092576667591],[-119.89072633506076,72.73118436807938],[-119.89248766019018,72.73132708245672],[-119.89272394807159,72.73106405496024],[-119.89360243905925,72.7311353560222],[-119.89384317149015,72.73087673261261]]]}"
0000000000000000001b_0000000000000000001b,10883.0,1.738502269008814,12,-260760349458734,1.389255947373147,-0.34924632163566716,"{""type"":""MultiPolygon"",""coordinates"":[[[[-119.63657980532533,72.69010274821571],[-119.6374582038201,72.69017404415662],[-119.6376990342142,72.68991543490914],[-119.6368207646409,72.68983960054202],[-119.63657980532533,72.69010274821571]]],[[[-119.63506828512831,72.68969690961478],[-119.63530913849539,72.68943830323433],[-119.63443063415635,72.68936691991806],[-119.63418992288274,72.68962560109568],[-119.63506828512831,72.68969690961478]]],[[[-119.63657980532533,72.69010274821571],[-119.63570150352805,72.69003133304548],[-119.63594223297426,72.68976822523975],[-119.63506828512831,72.68969690961478],[-119.63458667913021,72.69021862190954],[-119.63370829692553,72.6901473112085],[-119.63346753409304,72.69041041603026],[-119.6325889985692,72.69033902378514],[-119.63234825109035,72.69059770225587],[-119.63322664452213,72.69066901970245],[-119.63298586840503,72.69093212371314],[-119.63385985726916,72.691003449304],[-119.63434150310755,72.69048173945033],[-119.63697664430556,72.69069576217437],[-119.63721748786004,72.69043715373458],[-119.63633892729638,72.69036578081669],[-119.63657980532533,72.69010274821571]]]]}"
00000000000000000022_00000000000000000022,10878.0,-0.8672998537163953,12,-261821206381216,-2.6207077588221823,-1.753407905105787,"{""type"":""MultiPolygon"",""coordinates"":[[[[-119.36929258403676,72.59967660303798],[-119.36978297479168,72.59915485026764],[-119.36890891636762,72.59907903615556],[-119.36842290544058,72.59960078211506],[-119.36929258403676,72.59967660303798]]],[[[-119.36929258403676,72.59967660303798],[-119.36856112173498,72.60045695451024],[-119.37117873448375,72.60067542479278],[-119.37190986965858,72.59989510179616],[-119.37103600397926,72.5998192606557],[-119.37128116980283,72.59956069065824],[-119.3704117844707,72.59948934369494],[-119.3701663698146,72.59974795099129],[-119.36929258403676,72.59967660303798]]]]}"
00000000000000000024_00000000000000000024,10881.0,1.9461306620828676,12,-261842681217010,1.9152637010251499,-0.03086696105771769,"{""type"":""Polygon"",""coordinates"":[[[-119.97287184138246,72.64659080031987],[-119.97199793902539,72.64651943366886],[-119.97222970690866,72.6462563623745],[-119.97135578236788,72.64618953153337],[-119.97064697761448,72.6469743016872],[-119.96977283345304,72.64690296305093],[-119.96930017869659,72.64742463903858],[-119.97017852166263,72.64749599885772],[-119.969705860986,72.64801767542902],[-119.9705842325794,72.64808903282051],[-119.97105711230493,72.64756731486277],[-119.97193100945579,72.64763426130553],[-119.97216725615445,72.6473755947248],[-119.97128890596565,72.64730424511048],[-119.97152511108418,72.6470411547508],[-119.97240384331786,72.64711253963888],[-119.97287184138246,72.64659080031987]]]}"
0000000000000000002a_0000000000000000002a,10879.0,0.5943131621633848,12,-262070314483787,0.788629713310434,0.19431655114704915,"{""type"":""Polygon"",""coordinates"":[[[-119.90645801803386,72.62751027457404],[-119.90558400060478,72.62743898134909],[-119.90582021820211,72.62717585389154],[-119.90494645824036,72.62710451805319],[-119.90518286273034,72.6268458917116],[-119.90430431716646,72.62677453435093],[-119.90359983359573,72.62755939142117],[-119.90447384381162,72.62763069478709],[-119.90376476652416,72.62841549434161],[-119.90551716848961,72.6285537654247],[-119.90645801803386,72.62751027457404]]]}"
00000000000000000033_00000000000000000033,10872.0,0.5191268361399609,12,-263921445388571,0.2629337838159869,-0.256193052323974,"{""type"":""MultiPolygon"",""coordinates"":[[[[-119.82720193135107,72.4996010243468],[-119.8245979006274,72.4993914570084],[-119.82388881544006,72.5001762505452],[-119.825627961585,72.50031446093402],[-119.8258641121845,72.5000558127402],[-119.82672931281503,72.50012713924244],[-119.82720193135107,72.4996010243468]]],[[[-119.82720193135107,72.4996010243468],[-119.82807150422602,72.49967232802567],[-119.82830776777412,72.49941375228507],[-119.82917295613434,72.49948506660714],[-119.82964558249327,72.49895883032802],[-119.8287760305394,72.49888753436962],[-119.82854409401187,72.49915063540655],[-119.82767477806432,72.49907929484338],[-119.82720193135107,72.4996010243468]]]]}"
00000000000000000037_00000000000000000037,10869.0,1.3649291577298532,12,-264492676039252,1.9810680268036056,0.6161388690737524,"{""type"":""MultiPolygon"",""coordinates"":[[[[-119.58833241481435,72.44258689640243],[-119.58919749683116,72.4426582417432],[-119.58943819065568,72.44239967882164],[-119.58857323991639,72.44232379297856],[-119.58833241481435,72.44258689640243]]],[[[-119.58550076206762,72.4426314964558],[-119.58574173749864,72.4423728996049],[-119.58487672506786,72.44229710941944],[-119.58463585450077,72.4425602080823],[-119.58550076206762,72.4426314964558]]],[[[-119.58833241481435,72.44258689640243],[-119.58746734130777,72.44251554657465],[-119.5877079391891,72.44225248294273],[-119.58684288394512,72.44218112971978],[-119.58636582814219,72.4427028563303],[-119.58550076206762,72.4426314964558],[-119.5850236611027,72.44315321934606],[-119.58848401903214,72.44344306748542],[-119.58872024905394,72.44318001276348],[-119.58785538467662,72.44310862655776],[-119.58833241481435,72.44258689640243]]]]}"
0000000000000000003f_0000000000000000003f,10867.0,1.1236051046444733,12,-264999482180246,0.8208085775913445,-0.30279652705312876,"{""type"":""Polygon"",""coordinates"":[[[-119.5605521466752,72.40685167948084],[-119.55882643924217,72.40670456452352],[-119.55858573073571,72.4069676409763],[-119.55599948314689,72.4067491214997],[-119.55552238911066,72.4072708304539],[-119.55897365421234,72.40756072056173],[-119.55873729565941,72.40782378786358],[-119.55959791407933,72.40789515768091],[-119.56007516155451,72.40737340002637],[-119.5592143257379,72.40730207102636],[-119.55945090798404,72.40703896429572],[-119.56031149751402,72.40711033088677],[-119.5605521466752,72.40685167948084]]]}"
00000000000000000041_00000000000000000041,10869.0,1.6925650783346875,12,-265317309759383,2.0237915344148543,0.33122645608016676,"{""type"":""Polygon"",""coordinates"":[[[-120.24155497566093,72.44133841076766],[-120.23982043169175,72.44120013085477],[-120.2395930391601,72.44145872525054],[-120.23872355311916,72.44139191849406],[-120.23849601758889,72.4416549764506],[-120.23676163643815,72.44151674067888],[-120.23607483776624,72.44230154322166],[-120.2369442636843,72.44236847817278],[-120.23717178366769,72.4421097723213],[-120.23804120789768,72.44217670169982],[-120.23826860303751,72.44191356908709],[-120.24000318930175,72.44205186425899],[-120.24023082061842,72.44179322995213],[-120.24110009673942,72.44186006829791],[-120.24155497566093,72.44133841076766]]]}"
00000000000000000043_00000000000000000043,10868.0,1.8491721244495445,12,-265433273876389,1.478852273075544,-0.3703198513740005,"{""type"":""MultiPolygon"",""coordinates"":[[[[-120.23425995486042,72.43375788437908],[-120.23403235399252,72.43401651392824],[-120.23489761820935,72.43408783666497],[-120.23512947499717,72.4338247540637],[-120.23425995486042,72.43375788437908]]],[[[-120.23166021138877,72.43354830464679],[-120.23079525041724,72.4334814657732],[-120.23056334431358,72.43374454308996],[-120.23143284179392,72.43381143191388],[-120.23166021138877,72.43354830464679]]],[[[-120.23425995486042,72.43375788437908],[-120.23494648905836,72.4329730803277],[-120.23234683377515,72.43276350996805],[-120.23166021138877,72.43354830464679],[-120.2325252048502,72.43361967944396],[-120.2322980811746,72.43388276815443],[-120.23316759495846,72.43394964792687],[-120.23339470868574,72.4336865581803],[-120.23425995486042,72.43375788437908]]]]}"
00000000000000000003_00000000000000000003,11796.0,-0.4243387431558636,13,-258793254437444,-1.2455270786833446,-0.8211883355274809,"{""type"":""MultiPolygon"",""coordinates"":[[[[-119.2759143114253,72.7919396375248],[-119.27566481933405,72.79219827819873],[-119.27654768797909,72.79227411449045],[-119.27679284417162,72.79201105073284],[-119.2759143114253,72.7919396375248]]],[[[-119.2759143114253,72.7919396375248],[-119.27615971254914,72.79167653615883],[-119.27528110824878,72.79160523399713],[-119.27503161309805,72.79186387397215],[-119.2759143114253,72.7919396375248]]],[[[-119.27615971254914,72.79167653615883],[-119.27792538303336,72.79182369888052],[-119.27817079320795,72.7915650956901],[-119.27729214494673,72.79148930294014],[-119.27753755825815,72.7912307004331],[-119.2766591707216,72.79115486595558],[-119.27789865047518,72.78985276713433],[-119.27613735553851,72.78970563745195],[-119.27588765671392,72.78996431758719],[-119.27677051759981,72.79004003958451],[-119.27602582591078,72.7908203883064],[-119.2751430611543,72.7907490492875],[-119.27489333495497,72.79100772770434],[-119.27577599414188,72.79108349247923],[-119.27552651264517,72.79134213330998],[-119.2764093421414,72.79141797082443],[-119.27615971254914,72.79167653615883]]]]}"
00000000000000000010_00000000000000000010,11794.0,0.9663544691593752,13,-259330125349371,1.1592636337610607,0.1929091646016855,"{""type"":""Polygon"",""coordinates"":[[[-119.37658759615891,72.76287523511003],[-119.3757047647224,72.7628039019026],[-119.3754594028607,72.76306249107829],[-119.3728195040851,72.76284398805228],[-119.37331022166514,72.76232231510211],[-119.3724316306943,72.76225099805933],[-119.3721862360154,72.76250958322142],[-119.37130344918013,72.76243822713138],[-119.37081307057774,72.76295993250928],[-119.37257431582842,72.76310715042558],[-119.37207936256681,72.76362878748438],[-119.37296220747095,72.76370013888263],[-119.37320760934632,72.76344155318165],[-119.37408601693579,72.7635129039739],[-119.37433125083435,72.76325424063582],[-119.37609250883646,72.76339692123146],[-119.37658759615891,72.76287523511003]]]}"
0000000000000000001e_0000000000000000001e,11789.0,0.9640737653390669,13,-261146896515276,0.8297721588715484,-0.13430160646751843,"{""type"":""Polygon"",""coordinates"":[[[-119.7428090182491,72.67404549745596],[-119.74193046166396,72.67397858832904],[-119.74168972423959,72.67423726422204],[-119.74081583398767,72.67416587140858],[-119.74105216027988,72.67390721094597],[-119.74017820122766,72.67383592939194],[-119.73969652056302,72.67435762538275],[-119.74057507282859,72.67442897057676],[-119.74009780687048,72.67495065281926],[-119.73921938695511,72.67487938125667],[-119.73897883549407,72.67514243920446],[-119.73985702584076,72.67521375077787],[-119.7396162457696,72.67547242357168],[-119.74049484666925,72.67554376854663],[-119.7407356168634,72.67528509465828],[-119.7416139769622,72.67535647289084],[-119.7428090182491,72.67404549745596]]]}"
00000000000000000023_00000000000000000023,11783.0,-1.035051130903545,13,-261821206381434,-0.14610503659038973,0.8889460943131553,"{""type"":""MultiPolygon"",""coordinates"":[[[[-119.17982080373942,72.58426589308064],[-119.17957537545989,72.58452902599086],[-119.18044510143756,72.58460040377676],[-119.1806901508223,72.58434173442431],[-119.17982080373942,72.58426589308064]]],[[[-119.18230001554493,72.58363278098375],[-119.18316959074299,72.58370857184474],[-119.18292419221095,72.58396720646958],[-119.18379378607963,72.58404299393757],[-119.18428429786404,72.58352125736535],[-119.18254541705416,72.58337414705541],[-119.18230001554493,72.58363278098375]]],[[[-119.17982080373942,72.58426589308064],[-119.18006600536098,72.5840073007527],[-119.17919643776635,72.58393149416004],[-119.17944164237024,72.58367290252808],[-119.18205471705707,72.58389580287547],[-119.18230001554493,72.58363278098375],[-119.18056100166113,72.58348557414274],[-119.18080618328084,72.58322698057589],[-119.17906713422387,72.58307987243363],[-119.17808167722043,72.58411877603855],[-119.17982080373942,72.58426589308064]]]]}"
00000000000000000026_00000000000000000026,11787.0,0.343439689330156,13,-261937170497618,-0.2822667498762963,-0.6257064392064523,"{""type"":""Polygon"",""coordinates"":[[[-119.89563589505754,72.63533156722627],[-119.89300929113125,72.63512196035445],[-119.89324577061919,72.63485885146358],[-119.89149342570482,72.6347206878404],[-119.89172967985955,72.63445761982915],[-119.89085569029871,72.63438621559132],[-119.8903828892712,72.63490796345498],[-119.89125698493851,72.6349792550418],[-119.89102063151705,72.63524243706011],[-119.89189474582336,72.63531372517991],[-119.89142194559638,72.6358354749749],[-119.89317432893536,72.63597817762685],[-119.89364706145248,72.63545199879779],[-119.89539943920465,72.63559467893828],[-119.89563589505754,72.63533156722627]]]}"
0000000000000000002f_0000000000000000002f,11781.0,1.9309481003088902,13,-262985142518195,1.527919182121245,-0.4030289181876452,"{""type"":""Polygon"",""coordinates"":[[[-119.64643442885026,72.54540930532778],[-119.64469561046117,72.54526666164415],[-119.64445457588941,72.54552529920888],[-119.64184603808796,72.5453112021174],[-119.64160533121304,72.54557429915128],[-119.64073574652132,72.54550293627373],[-119.64049504932133,72.54576160580201],[-119.64571648329594,72.54619413803665],[-119.64643442885026,72.54540930532778]]]}"
00000000000000000034_00000000000000000034,11777.0,1.0627625767592788,13,-263977279963599,0.8535818995619593,-0.20918067719731948,"{""type"":""MultiPolygon"",""coordinates"":[[[[-119.67517771684376,72.48319595123607],[-119.67604286594327,72.48326729164889],[-119.67627930085325,72.48300864034698],[-119.67541416136991,72.48293730100463],[-119.67517771684376,72.48319595123607]]],[[[-119.67517771684376,72.48319595123607],[-119.67430819848185,72.48312461855573],[-119.6747854949596,72.4826028812066],[-119.67391600466017,72.48253154617497],[-119.67367953023307,72.48279462107831],[-119.6728144162953,72.4827232682778],[-119.67233745600007,72.48324503759652],[-119.67146795343047,72.48317369029634],[-119.67123169488173,72.48343229664403],[-119.67210120712008,72.4835036450192],[-119.67162380257011,72.48402980134907],[-119.6724889651054,72.48410115953726],[-119.67296596203538,72.48357496396928],[-119.67470078519437,72.4837221526936],[-119.67517771684376,72.48319595123607]]]]}"
00000000000000000045_00000000000000000045,11772.0,1.885834512178464,13,-265673792045195,2.042741915395303,0.15690740321683894,"{""type"":""MultiPolygon"",""coordinates"":[[[[-120.04737000998944,72.40280284859296],[-120.05082596843513,72.40308375759612],[-120.05128946460593,72.4025620209778],[-120.04955960278511,72.40241937590291],[-120.04932756070522,72.4026824569148],[-120.04760190966795,72.40254423554725],[-120.04737000998944,72.40280284859296]]],[[[-120.04737000998944,72.40280284859296],[-120.0465051564069,72.40273593438023],[-120.04627324087609,72.40299454599896],[-120.04454299961883,72.4028563544666],[-120.04408369508427,72.40337805250994],[-120.04667892550691,72.40358759173618],[-120.04737000998944,72.40280284859296]]]]}"
0000000000000000000a_0000000000000000000a,12704.0,0.4095331900292514,14,-258887743717645,-0.7396438690280961,-1.1491770590573476,"{""type"":""Polygon"",""coordinates"":[[[-119.56102918334474,72.80618200524394],[-119.56014633787484,72.8061106493962],[-119.5603871885349,72.80584757462476],[-119.55862130303677,72.80570489003684],[-119.55813539946314,72.80622658207044],[-119.55725232902586,72.80615525004806],[-119.55676192989321,72.80667694811387],[-119.55587900060858,72.8066056852275],[-119.55563377547094,72.80686422524772],[-119.55740393338637,72.80700696797437],[-119.55764477899885,72.806748321029],[-119.55941074523145,72.80689101444308],[-119.5596557712324,72.80663239363132],[-119.5605388783695,72.80670371301834],[-119.56102918334474,72.80618200524394]]]}"
00000000000000000015_00000000000000000015,12703.0,1.420182946411302,14,-260137579200116,1.6772968329881364,0.2571138865768343,"{""type"":""MultiPolygon"",""coordinates"":[[[[-120.21882247979434,72.77735843396461],[-120.21858613999078,72.77762152403787],[-120.21947371421032,72.77768838397941],[-120.21970543828164,72.777425244405],[-120.21882247979434,72.77735843396461]]],[[[-120.21752046169196,72.77669402338908],[-120.216633184113,72.7766271131925],[-120.21616926559852,72.77714881169888],[-120.21705221073852,72.7772201735876],[-120.21752046169196,72.77669402338908]]],[[[-120.21616926559852,72.77714881169888],[-120.21528197585918,72.77708189475564],[-120.21505010347863,72.77734060632986],[-120.21593289500488,72.77741189855244],[-120.21616926559852,72.77714881169888]]],[[[-120.21505010347863,72.77734060632986],[-120.21416726208525,72.77727365693568],[-120.21393086440733,72.77753674124742],[-120.21481816631051,72.7776036649366],[-120.21505010347863,72.77734060632986]]],[[[-120.21882247979434,72.77735843396461],[-120.21975436595436,72.77631049781445],[-120.21887144434,72.7762391493496],[-120.21863512038809,72.77650223992696],[-120.21775219726347,72.77643088579767],[-120.21752046169196,72.77669402338908],[-120.2184033950717,72.77676537856537],[-120.21793530750631,72.77728706855848],[-120.21882247979434,72.77735843396461]]],[[[-120.21393086440733,72.77753674124742],[-120.21304807988159,72.77746543877228],[-120.2123478725121,72.77825470800639],[-120.21323083177923,72.77832155132613],[-120.21346724901677,72.77805846819682],[-120.21435021768305,72.778129843508],[-120.21458201270934,72.77786671035018],[-120.21369905429859,72.77779533608624],[-120.21393086440733,72.77753674124742]]]]}"
00000000000000000020_00000000000000000020,12697.0,1.8262309560269265,14,-261529148604007,1.3551928923610566,-0.47103806366587,"{""type"":""MultiPolygon"",""coordinates"":[[[[-120.30257790165584,72.69453061830052],[-120.30235027848711,72.69478922532376],[-120.30322898758531,72.69486057717889],[-120.30346076009633,72.69459744176051],[-120.30257790165584,72.69453061830052]]],[[[-120.30257790165584,72.69453061830052],[-120.30280967800122,72.69426748355501],[-120.30193139168983,72.69419616478149],[-120.302390546904,72.69367446328027],[-120.30327352117594,72.69374136344578],[-120.30350515747445,72.69348269046039],[-120.30438369763587,72.69354961387194],[-120.30461559301865,72.69328655180796],[-120.30285423000818,72.69314826848385],[-120.30262231423161,72.69341132844045],[-120.30174394562523,72.69334447114169],[-120.3015121344467,72.69360306674986],[-120.29975081478221,72.69346928988095],[-120.29928692735002,72.69399105360428],[-120.30017001457225,72.69406239289344],[-120.29993793518432,72.69432102599565],[-120.30257790165584,72.69453061830052]]]]}"
00000000000000000025_00000000000000000025,12694.0,2.0127315539013977,14,-261924285595640,1.9923541933253504,-0.020377360576047332,"{""type"":""MultiPolygon"",""coordinates"":[[[[-119.97026767057393,72.6421718110698],[-119.9707359815613,72.64165010978581],[-119.96898355555511,72.64151190685709],[-119.96851520458885,72.64203360389278],[-119.97026767057393,72.6421718110698]]],[[[-119.97026767057393,72.6421718110698],[-119.97003151547597,72.64243490165147],[-119.96915757373682,72.64236355731984],[-119.96868483189067,72.64288969881494],[-119.96956316589177,72.64295660061416],[-119.96932699132928,72.64321969002518],[-119.96844836376806,72.64314840188086],[-119.96821217259783,72.64341148982606],[-119.96909057127813,72.64348281827812],[-119.96885418603972,72.64374140681596],[-119.9697327563487,72.643812807355],[-119.96996897862094,72.6435541421518],[-119.97084293253613,72.64362105715362],[-119.97107929160092,72.64336246607706],[-119.9702009715729,72.64329103300834],[-119.97114176397898,72.64224322538922],[-119.97026767057393,72.6421718110698]]]]}"
00000000000000000038_00000000000000000038,12680.0,1.5423386006886495,14,-264531330744910,1.6326513394976565,0.09031273880900703,"{""type"":""Polygon"",""coordinates"":[[[-119.59519039869892,72.44119121497748],[-119.59432534175087,72.44111989963983],[-119.59480254609782,72.44059818894375],[-119.592207368189,72.44037971960476],[-119.59173034289935,72.44090138510117],[-119.59259534030635,72.44097714081666],[-119.59211822148441,72.44149892160628],[-119.59298328075859,72.44157024808298],[-119.59274692206887,72.44182892051322],[-119.59447705187995,72.44197598905356],[-119.59519039869892,72.44119121497748]]]}"
0000000000000000003c_0000000000000000003c,12678.0,0.3313707129507627,14,-264874928128711,-0.8373139997356858,-1.1686847126864484,"{""type"":""MultiPolygon"",""coordinates"":[[[[-119.50756905542195,72.41196630917796],[-119.50828710135579,72.4111859177856],[-119.50742189547927,72.41111456254635],[-119.50766290711879,72.41085151611759],[-119.50680207921309,72.41078014974157],[-119.50632046820324,72.41130185020073],[-119.5071856751336,72.41137321100885],[-119.50670405739811,72.41189491208615],[-119.50756905542195,72.41196630917796]]],[[[-119.50756905542195,72.41196630917796],[-119.50732841359054,72.41222939260892],[-119.50646776585265,72.4121579866916],[-119.50574985043845,72.41293833157042],[-119.50661052685778,72.41300974073594],[-119.50685113621627,72.41275108577253],[-119.50771640850304,72.4128224430469],[-119.50747542251693,72.41308106162829],[-119.50833606423339,72.41315688916173],[-119.50905418180612,72.41237206864722],[-119.50819328040946,72.41230071023688],[-119.50842978919354,72.4120375949067],[-119.50756905542195,72.41196630917796]]]]}"
0000000000000000004f_0000000000000000004f,12674.0,1.5796445795965204,14,-266451181125942,0.8283900639057841,-0.7512545156907363,"{""type"":""Polygon"",""coordinates"":[[[-119.94293786269498,72.34416116616454],[-119.94121657978413,72.34401847623504],[-119.9414486530641,72.34375540002596],[-119.94058791938276,72.34368855327726],[-119.9408198452993,72.34342540207689],[-119.93995931936821,72.34335408588952],[-119.93972723294839,72.34361716035913],[-119.93886670569233,72.34354583865108],[-119.93863498945318,72.34380894819856],[-119.9394954811601,72.34387584411158],[-119.93926361756701,72.3441388786651],[-119.94012432320137,72.34421027369035],[-119.93966055124636,72.3447319169554],[-119.94224219312838,72.34494154254125],[-119.94293786269498,72.34416116616454]]]}"
00000000000000000002_00000000000000000002,13612.0,0.6482837689692869,15,-258561326203376,0.612222340336336,-0.03606142863295081,"{""type"":""MultiPolygon"",""coordinates"":[[[[-119.34148106708042,72.81005696344664],[-119.34236397474827,72.81012833253254],[-119.34260933644438,72.80986526711877],[-119.34172619715523,72.80979393751633],[-119.34148106708042,72.81005696344664]]],[[[-119.34200728685683,72.81150622550335],[-119.34176184391853,72.8117647890046],[-119.34264488026265,72.81184065610769],[-119.34289011113344,72.81157751490451],[-119.34200728685683,72.81150622550335]]],[[[-119.34200728685683,72.81150622550335],[-119.34225696768002,72.81124308059854],[-119.3413740108509,72.81117171161783],[-119.34112876650863,72.81143485103964],[-119.34200728685683,72.81150622550335]]],[[[-119.3394698410055,72.810168462884],[-119.33682120729398,72.80994998751318],[-119.33657601280746,72.8102130070793],[-119.33922038218392,72.81043156620025],[-119.3394698410055,72.810168462884]]],[[[-119.34148106708042,72.81005696344664],[-119.3397151382741,72.80990982556277],[-119.3394698410055,72.810168462884],[-119.34035288094759,72.81024422821113],[-119.33960813534577,72.81102465008635],[-119.3413740108509,72.81117171161783],[-119.34161915810834,72.81090868628175],[-119.34250200364856,72.81098447849875],[-119.34299708648695,72.8104627675385],[-119.34123578972168,72.81031560298234],[-119.34148106708042,72.81005696344664]],[[-119.34186888557188,72.81065004211793],[-119.34098595776378,72.8105786707953],[-119.3407406668422,72.81083730948451],[-119.34161915810834,72.81090868628175],[-119.34186888557188,72.81065004211793]]]]}"
00000000000000000004_00000000000000000004,13611.0,0.9030540473618103,15,-258771779600923,-0.5834753924251153,-1.4865294397869255,"{""type"":""Polygon"",""coordinates"":[[[-119.317196817643,72.79453039400151],[-119.31455234801771,72.79431188963727],[-119.31430735158234,72.79457053858862],[-119.31342435324127,72.7944991696058],[-119.3136694667184,72.79423609722579],[-119.31279132273157,72.79416475900243],[-119.31303643948564,72.79390168730002],[-119.31215792146082,72.79383030781818],[-119.31190821810918,72.79408899578183],[-119.31102525675053,72.79401761418099],[-119.31028518487696,72.79479793674855],[-119.31204647539118,72.79494505400383],[-119.31229609903143,72.7946864806951],[-119.31581900701889,72.79497630760324],[-119.31606858423052,72.79471772935246],[-119.31695145802355,72.79478900845368],[-119.317196817643,72.79453039400151]]]}"
00000000000000000019_00000000000000000019,13606.0,2.0315612640469993,15,-260734579654480,1.9868279043510524,-0.04473335969594694,"{""type"":""Polygon"",""coordinates"":[[[-120.05824588543317,72.72659153020327],[-120.05736281136276,72.72652017744677],[-120.05759915865565,72.72625708502858],[-120.0567163198348,72.7261902278262],[-120.0564801399653,72.72644885621561],[-120.05560173614015,72.72638197077528],[-120.05583810381285,72.72611888049987],[-120.05407225243275,72.72598064404481],[-120.0538402393701,72.72623928605108],[-120.05295742416088,72.72617240941535],[-120.05272104382797,72.72643095762561],[-120.05184257773145,72.7263641676945],[-120.05231081045102,72.72583794309264],[-120.0514322190063,72.725771075229],[-120.05072336229362,72.72655582647312],[-120.05336768357593,72.72676542177497],[-120.05360384481118,72.72650237378826],[-120.05624821272546,72.72671192458473],[-120.05601184217825,72.72697501514251],[-120.05689471157775,72.72704187554895],[-120.05712645750833,72.7267832694686],[-120.05800947923086,72.72685019971058],[-120.05824588543317,72.72659153020327]]]}"
00000000000000000027_00000000000000000027,13599.0,0.6343778581551114,15,-261967235268744,0.2478872899134948,-0.3864905682416166,"{""type"":""Polygon"",""coordinates"":[[[-119.84954220186822,72.63020808383015],[-119.84866825212896,72.63013672891218],[-119.84890436980845,72.62987814020977],[-119.84803043851221,72.62980678182666],[-119.84778950708164,72.63006534981982],[-119.84691574469849,72.6299984864102],[-119.84715195094354,72.6297353601847],[-119.84627818938587,72.62966406841558],[-119.84675077237404,72.62914231753285],[-119.84587664787568,72.62907098672586],[-119.84611300707829,72.62880793716747],[-119.84523914015408,72.62873656382918],[-119.84476630870628,72.62926277518763],[-119.84564043459409,72.62933411159912],[-119.84540404505194,72.62959273546969],[-119.84453014829158,72.62952135892478],[-119.84405286531714,72.63004758483376],[-119.84755330438365,72.63032847672206],[-119.84731694269483,72.63059152752672],[-119.84819090380184,72.63066288913971],[-119.8484316680856,72.630399820251],[-119.84930586678766,72.63047113716951],[-119.84954220186822,72.63020808383015]]]}"
00000000000000000052_00000000000000000052,13578.0,0.2733385944506122,15,-266515605635537,-0.41346791773919256,-0.6868065121898048,"{""type"":""Polygon"",""coordinates"":[[[-119.81592034365455,72.32813070527715],[-119.81505972618893,72.32805939264908],[-119.81482784185992,72.32832246232812],[-119.81396745843087,72.32825110517179],[-119.814199352439,72.32798803654522],[-119.81333875174155,72.32791671497742],[-119.81287493806322,72.32844284975629],[-119.81201432638623,72.32837152161235],[-119.81177803696026,72.3286301755679],[-119.81091727404302,72.32855876607499],[-119.81115372309483,72.32830018899806],[-119.81029312818947,72.32822885191348],[-119.80982486820083,72.32875056701833],[-119.80896426253271,72.32867922333261],[-119.80850053957785,72.32920088047334],[-119.80936116442228,72.32927222626647],[-119.80959291027538,72.32901362995457],[-119.81131414872303,72.32915187876776],[-119.8115461046979,72.32889324097881],[-119.812406735526,72.32896457125342],[-119.81263865810577,72.32870150478959],[-119.81349928763684,72.32877282954081],[-119.81373119423596,72.32850976165548],[-119.8154522237484,72.32865243464762],[-119.81592034365455,72.32813070527715]]]}"
00000000000000000011_00000000000000000011,14517.0,1.7244105387114836,16,-259424614629608,1.962849493976278,0.2384389552647943,"{""type"":""MultiPolygon"",""coordinates"":[[[[-119.61958174839346,72.77694814957775],[-119.61982262062716,72.7766850994797],[-119.6189441541972,72.77661367678333],[-119.61869898182148,72.77687681309834],[-119.61958174839346,72.77694814957775]]],[[[-119.62134770159331,72.77709084589702],[-119.62399181695525,72.77730488771815],[-119.62471866706879,72.77652013245407],[-119.6238357342249,72.77644874629829],[-119.62408095164352,72.7761901032063],[-119.62319819014243,72.77611878945599],[-119.62271213445584,72.77664048561579],[-119.62182920906196,72.7765690891955],[-119.62134770159331,72.77709084589702]]],[[[-119.61958174839346,72.77694814957775],[-119.61909573126219,72.77746991171665],[-119.61821279198963,72.7773984971514],[-119.61797207985468,72.77765719667418],[-119.62061641000743,72.7778756749454],[-119.62086157223095,72.7776125365557],[-119.61997852680807,72.77754124581],[-119.62021924971727,72.77727811956453],[-119.62110240034086,72.77735390923945],[-119.62134770159331,72.77709084589702],[-119.61958174839346,72.77694814957775]]]]}"
0000000000000000001c_0000000000000000001c,14511.0,1.6603887358289395,16,-260773234360614,1.7200065526659987,0.059617816837059134,"{""type"":""Polygon"",""coordinates"":[[[-119.64359840151666,72.69067793229264],[-119.6444770220297,72.6907492676445],[-119.64495854777317,72.69022760646334],[-119.64320604830364,72.69008046007619],[-119.64344704624521,72.68982180468501],[-119.64168990892546,72.68967911774735],[-119.64120846874695,72.69020084690592],[-119.64032989322641,72.69012949440705],[-119.6400890924199,72.690388106926],[-119.6409676778234,72.69045946051733],[-119.64072685012125,72.69072249856295],[-119.64160521438801,72.69079388746417],[-119.6411237412915,72.69131561556745],[-119.64199755866186,72.69138693803279],[-119.64224301312457,72.69112827283439],[-119.6431169813947,72.69119966555444],[-119.64359840151666,72.69067793229264]],[[-119.64383943238117,72.69041485179021],[-119.64296525403577,72.6903435011124],[-119.6427246051146,72.69060661762406],[-119.64359840151666,72.69067793229264],[-119.64383943238117,72.69041485179021]]]}"
0000000000000000001d_0000000000000000001d,14512.0,1.914045104037075,16,-260807594098635,1.1748019964265275,-0.7392431076105475,"{""type"":""MultiPolygon"",""coordinates"":[[[[-119.95019282459523,72.71349959721482],[-119.9499564747102,72.71376266938378],[-119.94907358922615,72.71369132651286],[-119.948837376111,72.71395447280553],[-119.95059855130874,72.71409267636399],[-119.95107127610609,72.71357095424484],[-119.95019282459523,72.71349959721482]]],[[[-119.95019282459523,72.71349959721482],[-119.95042916792113,72.71323652465],[-119.94778941527325,72.7130269879276],[-119.94802562902896,72.71276384258397],[-119.94714742381447,72.71269696899815],[-119.94667462453249,72.7132186819866],[-119.94755304146142,72.71329005728124],[-119.94708047608631,72.71381173162412],[-119.94619760659562,72.71374037390599],[-119.94525206880148,72.71478829153675],[-119.94613078592609,72.71485963406025],[-119.94684408265736,72.71407479979183],[-119.9486009646649,72.71421311914689],[-119.948837376111,72.71395447280553],[-119.94795892175384,72.71388310449537],[-119.94843170693237,72.71336138880598],[-119.95019282459523,72.71349959721482]]]]}"
00000000000000000032_00000000000000000032,14496.0,1.0255014107444074,16,-263779711468037,1.229879545741618,0.2043781349972107,"{""type"":""MultiPolygon"",""coordinates"":[[[[-119.61691967526636,72.49185998076705],[-119.6162018333695,72.49264029301203],[-119.61880588263311,72.49285883505988],[-119.61904239926332,72.49259575850645],[-119.61817718530668,72.49252443618056],[-119.61865418019593,72.49200266252517],[-119.61691967526636,72.49185998076705]]],[[[-119.61691967526636,72.49185998076705],[-119.61715596440557,72.49159694499738],[-119.61542151332847,72.49145424738609],[-119.61518520451695,72.49171728101838],[-119.61431567376685,72.49164594910853],[-119.61455637123642,72.49138290585913],[-119.61368685889684,72.49131157052238],[-119.61297341875623,72.49209636269602],[-119.61557292358916,72.49231034908884],[-119.616050127398,72.49178865787593],[-119.61691967526636,72.49185998076705]]]]}"
00000000000000000039_00000000000000000039,14492.0,1.5939251106911796,16,-264518445843015,1.2154100768277403,-0.3785150338634393,"{""type"":""Polygon"",""coordinates"":[[[-119.60329708524965,72.4404599346657],[-119.60156702724092,72.44031726737259],[-119.60085356462726,72.44110202939201],[-119.5999884758198,72.441030743124],[-119.59951123722813,72.44155239082505],[-119.59864637453622,72.44148105918923],[-119.59840993602478,72.44173966284204],[-119.59754483529824,72.44166836436088],[-119.59730838085649,72.44192696655851],[-119.59817360859819,72.44200276898411],[-119.59769644919028,72.44252448739425],[-119.59942664750452,72.44266719205432],[-119.600617158085,72.4413606359615],[-119.60148217809646,72.44143203350535],[-119.60219583603345,72.4406516575834],[-119.60306083563147,72.44072304740149],[-119.60329708524965,72.4404599346657]]]}"
00000000000000000048_00000000000000000048,14488.0,1.4529684405634604,16,-266004504526897,0.6650119025856785,-0.7879565379777819,"{""type"":""Polygon"",""coordinates"":[[[-120.14588497547741,72.38972875371476],[-120.14502003842458,72.38966184486215],[-120.14524728882235,72.38939881251083],[-120.14265674061544,72.38918918595019],[-120.14288401422971,72.3889261563333],[-120.14201912933362,72.38885923157248],[-120.14179161019948,72.38912229961554],[-120.14006143229898,72.38897962195969],[-120.13983388735458,72.38924268757441],[-120.14242486191024,72.3894522787673],[-120.14196536011066,72.38997401319955],[-120.143695557209,72.39011224413437],[-120.1434680427428,72.3903753138325],[-120.14433309026019,72.3904466563088],[-120.14456059492191,72.39018358557682],[-120.14542578715162,72.39025045705968],[-120.14588497547741,72.38972875371476]]]}"
00000000000000000044_00000000000000000044,15396.0,1.4133916601246863,17,-265660907143059,1.064856088505223,-0.34853557161946336,"{""type"":""MultiPolygon"",""coordinates"":[[[[-120.2593557466046,72.42091572072573],[-120.25849058845056,72.42084436626878],[-120.2582588027955,72.42110744631299],[-120.2591283422875,72.42117877464239],[-120.2593557466046,72.42091572072573]]],[[[-120.2593557466046,72.42091572072573],[-120.26195526099133,72.42112080359172],[-120.26218274414458,72.4208621716589],[-120.26391288584458,72.4209959870945],[-120.26414471501974,72.42073732541981],[-120.26327539931205,72.42066598321956],[-120.26350262464064,72.42040738916151],[-120.26263769845664,72.42033601618692],[-120.26286504835876,72.42007295772329],[-120.26200001916784,72.42000604636672],[-120.26222737274557,72.41974298857541],[-120.26049287260338,72.41960475620164],[-120.26003788383713,72.4201309069066],[-120.26090751390501,72.42019776145699],[-120.26067553080226,72.42046088434076],[-120.25981049808381,72.420393961905],[-120.2593557466046,72.42091572072573]]]]}"
00000000000000000009_00000000000000000009,16334.0,0.8482489455405194,18,-258904923586861,0.44041747325465336,-0.4078314722858661,"{""type"":""Polygon"",""coordinates"":[[[-119.53316445953217,72.80446524859455],[-119.53228153857776,72.80439390176815],[-119.53252677259938,72.80413081491164],[-119.5316438706688,72.80405946461224],[-119.53213443290258,72.80353779188039],[-119.53125155997485,72.80346643921878],[-119.53149234654661,72.80320336254103],[-119.529726406142,72.80306068428268],[-119.5294855054157,72.80331925874782],[-119.52860281155864,72.8032479683028],[-119.52811216880589,72.80376963216432],[-119.52899503516832,72.80384100078858],[-119.52874976048132,72.80410408321617],[-119.53051578160373,72.80424677030184],[-119.53002975868107,72.80476850505733],[-119.53091262361144,72.80484428730766],[-119.53115343369863,72.80458121161988],[-119.53291928673536,72.8047239120729],[-119.53316445953217,72.80446524859455]]]}"
0000000000000000001a_0000000000000000001a,16325.0,1.3777063745311207,18,-260751759524114,1.216573435253499,-0.16113293927762173,"{""type"":""Polygon"",""coordinates"":[[[-119.66058317262767,72.69375022065887],[-119.6597092215157,72.69367888006639],[-119.65995009095234,72.6934157802091],[-119.65819314641703,72.69327315094905],[-119.65867463937472,72.69275141796777],[-119.65779632014718,72.69268007926955],[-119.65755530817161,72.69293867601593],[-119.65667698779512,72.69286733166207],[-119.65547317956555,72.6941738411397],[-119.65635154994833,72.69424519094508],[-119.65659220279204,72.69398655915838],[-119.66010169973339,72.69427195774283],[-119.66058317262767,72.69375022065887]]]}"
0000000000000000002b_0000000000000000002b,16315.0,-0.7846432988102151,18,-262151918863057,-1.795952351230456,-1.0113090524202408,"{""type"":""Polygon"",""coordinates"":[[[-119.34786640895973,72.57537899479232],[-119.34811169881004,72.57511590557105],[-119.34636827282375,72.57497317752987],[-119.34588213323252,72.57549492083066],[-119.34501270336459,72.57541911952983],[-119.34476737056174,72.57568220460271],[-119.34563675307545,72.57575350450315],[-119.34539181218591,72.57601662807899],[-119.34800464265359,72.57623507878122],[-119.34824994276086,72.57597198968448],[-119.34911956791461,72.57604785024147],[-119.3488742197332,72.57630643795086],[-119.34974371359509,72.5763822189371],[-119.35072012898,72.5753388224884],[-119.34898113597067,72.57519169115345],[-119.34873594797594,72.57545035515676],[-119.34786640895973,72.57537899479232]],[[-119.34699687858708,72.57530762992944],[-119.34675166463116,72.57556629130221],[-119.34762105475632,72.57563758109735],[-119.34786640895973,72.57537899479232],[-119.34699687858708,72.57530762992944]]]}"
00000000000000000007_00000000000000000007,17240.0,-1.3578928125880796,19,-258814729273909,-1.1778363814427997,0.18005643114527992,"{""type"":""MultiPolygon"",""coordinates"":[[[[-119.29813424455841,72.78956744042254],[-119.29788871815951,72.78982603226548],[-119.29876733932912,72.78990183505056],[-119.29901701435654,72.78963877642174],[-119.29813424455841,72.78956744042254]]],[[[-119.29422335325056,72.78868004539035],[-119.29334496783254,72.78860429479654],[-119.29309523596521,72.78886734640126],[-119.29397818361025,72.78893867040844],[-119.29422335325056,72.78868004539035]]],[[[-119.29260030399183,72.7893890206371],[-119.29436160572222,72.78953621075088],[-119.29461133121367,72.78927315775431],[-119.29285004964161,72.7891259698921],[-119.29260030399183,72.7893890206371]]],[[[-119.29309523596521,72.78886734640126],[-119.29221669853573,72.78879151396299],[-119.29196710090282,72.7890546401934],[-119.29285004964161,72.7891259698921],[-119.29309523596521,72.78886734640126]]],[[[-119.29260030399183,72.7893890206371],[-119.29172189789554,72.78931326215688],[-119.29147213527385,72.78957631134605],[-119.29058928741782,72.78950055021089],[-119.29034394877856,72.78976359483588],[-119.29210549590543,72.78991076935002],[-119.29260030399183,72.7893890206371]]],[[[-119.29813424455841,72.78956744042254],[-119.29838377153865,72.78930430631367],[-119.29926657228026,72.78938014196176],[-119.29901701435654,72.78963877642174],[-119.29989983425483,72.78971460861288],[-119.3003948339889,72.78919287734172],[-119.29598929557595,72.7888271782295],[-119.29648412647391,72.7883054947335],[-119.2956013922723,72.78822964413186],[-119.29535604476752,72.78849281021111],[-119.29447306814734,72.78841699223001],[-119.29422335325056,72.78868004539035],[-119.2951062998009,72.78875136370601],[-119.2948611802162,72.78901449062458],[-119.2975010207603,72.78923296686227],[-119.29725564246041,72.78949163419757],[-119.29813424455841,72.78956744042254]]]]}"
00000000000000000008_00000000000000000008,17240.0,-0.023983228599638442,19,-258844794044966,-1.2806737733636597,-1.2566905447640213,"{""type"":""MultiPolygon"",""coordinates"":[[[[-119.30843471406332,72.7887335830591],[-119.30867994255792,72.78847490101636],[-119.3078013187677,72.78839914813541],[-119.30755177273537,72.78866221878415],[-119.30843471406332,72.7887335830591]]],[[[-119.30920601335207,72.78992412426524],[-119.31008447264263,72.78999990738116],[-119.31033415719523,72.78973691011579],[-119.30945140039464,72.78966551786631],[-119.30920601335207,72.78992412426524]]],[[[-119.30843471406332,72.7887335830591],[-119.30818492964403,72.78899669273399],[-119.30554076030545,72.78877373018454],[-119.30504575040341,72.78929539900211],[-119.30592859521097,72.78937120038505],[-119.30567887860171,72.78962988192345],[-119.30656174256438,72.78970567984987],[-119.30581724603456,72.79048599363261],[-119.30670014913767,72.79056179033672],[-119.30694973331401,72.79029872157052],[-119.3078281942202,72.79037451601333],[-119.30807800302192,72.79011140736215],[-119.30895622152457,72.79018723447247],[-119.30920601335207,72.78992412426524],[-119.30832316515416,72.78985284082246],[-119.30857296016983,72.78958973131127],[-119.30768997970723,72.78951836824999],[-119.30793953632572,72.78925529776512],[-119.30881795748098,72.78933108776118],[-119.30931311534653,72.7888093708303],[-119.30843471406332,72.7887335830591]]]]}"
00000000000000000014_00000000000000000014,17239.0,0.9408542506490091,19,-259995845279471,1.066290518921065,0.1254362682720559,"{""type"":""MultiPolygon"",""coordinates"":[[[[-120.09898426458206,72.77804061830976],[-120.09810118699383,72.77797372447621],[-120.09833747832965,72.77771064088755],[-120.0965674854651,72.77757243887675],[-120.09586290913441,72.77835723524835],[-120.09851589131034,72.77856680207363],[-120.09898426458206,72.77804061830976]]],[[[-120.09898426458206,72.77804061830976],[-120.10252035957137,72.77832155067395],[-120.10275659960506,72.77805846173037],[-120.10187366757104,72.7779871248876],[-120.10210553363633,72.77772848352653],[-120.1029928330601,72.77779537238857],[-120.10322483725093,72.77753680502278],[-120.09968870997848,72.77725580999389],[-120.09898426458206,72.77804061830976]]]]}"
00000000000000000029_00000000000000000029,17226.0,0.3025080811325818,19,-262053134614626,0.16172165751771245,-0.14078642361486937,"{""type"":""MultiPolygon"",""coordinates"":[[[[-119.88386805556617,72.62652929388916],[-119.88363196246074,72.62679243063518],[-119.8845102859594,72.62685927958837],[-119.88474654768888,72.62660064227637],[-119.88386805556617,72.62652929388916]]],[[[-119.88386805556617,72.62652929388916],[-119.88410453359934,72.62626619330709],[-119.88323062491693,72.62619489918126],[-119.88299437573465,72.62645795957874],[-119.88386805556617,72.62652929388916]]],[[[-119.8845102859594,72.62685927958837],[-119.88426963153387,72.62712235927845],[-119.88339553180262,72.62705099080763],[-119.88363196246074,72.62679243063518],[-119.8827578811654,72.62672105869899],[-119.88228532458871,72.62724275269566],[-119.88315927311787,72.62731405109867],[-119.88221403576401,72.62835755347218],[-119.88484037841525,72.6285715311417],[-119.88531290728768,72.62804983170129],[-119.88443891305054,72.62797854478835],[-119.88467540352386,72.62771544402051],[-119.88642329432687,72.62785812596097],[-119.88665975824884,72.62759502266167],[-119.8849116485964,72.62745238197773],[-119.88538438432825,72.62693064243068],[-119.8845102859594,72.62685927958837]]]]}"
0000000000000000003a_0000000000000000003a,17210.0,0.723693690668601,19,-264694539501917,0.5219305695467105,-0.20176312112189054,"{""type"":""Polygon"",""coordinates"":[[[-119.81728036900284,72.44857547690417],[-119.81555044068818,72.44843283340988],[-119.81578210777892,72.44816969249726],[-119.81491724164944,72.44809840295474],[-119.81515345033748,72.44783974910872],[-119.81428845125438,72.44776838037981],[-119.81405223297173,72.44802703315256],[-119.81318701079744,72.44796012426451],[-119.81341885206221,72.44769706189778],[-119.810823845387,72.44748303004283],[-119.81058736612847,72.44774614392105],[-119.8097223996573,72.44767475166203],[-119.80948612694966,72.44793339867836],[-119.8120855382356,72.44814743474117],[-119.81161304592494,72.44866916046993],[-119.81248243884767,72.44874052676239],[-119.81271431382123,72.44848189191262],[-119.81531407789926,72.44869141179714],[-119.81507763821186,72.44895453096763],[-119.81594269302539,72.44902589499],[-119.81617912292707,72.44876277474754],[-119.81704417642837,72.44883413321071],[-119.81728036900284,72.44857547690417]]]}"
0000000000000000000b_0000000000000000000b,18148.0,-0.30228400615409917,20,-258930693390706,-1.806278135835967,-1.5039941296818677,"{""type"":""Polygon"",""coordinates"":[[[-119.47608347278091,72.79640771835314],[-119.47343929303294,72.79618918071826],[-119.47319396853746,72.79645230809251],[-119.47231112832056,72.79638095462427],[-119.47206570613484,72.79663958020693],[-119.47030003230198,72.79649685730456],[-119.47005458345186,72.79675548024576],[-119.4691717498376,72.79668411081165],[-119.46844057294683,72.79746896563232],[-119.46931883964074,72.7975402699691],[-119.46956438071433,72.79727722404344],[-119.4722129237665,72.7974957357449],[-119.47270345969949,72.79697402275973],[-119.4735863289186,72.7970453738645],[-119.47383158587034,72.79678667046679],[-119.47559288571213,72.79692936448991],[-119.47608347278091,72.79640771835314]]]}"
00000000000000000021_00000000000000000021,18134.0,0.19884093234681255,20,-261799731544161,0.2032684796315703,0.004427547284757749,"{""type"":""MultiPolygon"",""coordinates"":[[[[-119.87102146237433,72.64176606196509],[-119.87014317353112,72.6416947243011],[-119.86990694187115,72.64195779919598],[-119.87078524078926,72.64202913793223],[-119.87102146237433,72.64176606196509]]],[[[-119.87102146237433,72.64176606196509],[-119.87189558350325,72.64183737359711],[-119.87095026103343,72.64288079332367],[-119.87270269881033,72.64302354775056],[-119.87246648134372,72.64328662535605],[-119.87421879779656,72.64342486329895],[-119.87445501853831,72.64316620827901],[-119.8735766464693,72.64309488913767],[-119.87404930420075,72.64257311624384],[-119.87492780898077,72.64264450891432],[-119.87516398681773,72.64238142799343],[-119.87429006037358,72.64231009436516],[-119.87476267910209,72.64178831911111],[-119.87388436567319,72.64171700078448],[-119.87412054407879,72.64145392082602],[-119.87324666477464,72.64138258131548],[-119.87301047634935,72.64164566020736],[-119.8712579164909,72.6415029465058],[-119.87102146237433,72.64176606196509]],[[-119.87341157432566,72.64223869821178],[-119.87364794167615,72.64198011945334],[-119.87277404233217,72.64190877780841],[-119.87253766515953,72.64216735549681],[-119.87341157432566,72.64223869821178]]]]}"
0000000000000000002c_0000000000000000002c,18126.0,-0.9327208021488048,20,-262431091737317,-2.1613276728152293,-1.2286068706664244,"{""type"":""MultiPolygon"",""coordinates"":[[[[-119.34843282018319,72.55770753133874],[-119.34930222318191,72.55777889824876],[-119.34954754615325,72.5575202651969],[-119.34867785585408,72.55744443512516],[-119.34843282018319,72.55770753133874]]],[[[-119.34717990424643,72.55703867573867],[-119.34804917862097,72.55711447592854],[-119.3482945992323,72.55685141781312],[-119.34742500423668,72.55678008358102],[-119.34717990424643,72.55703867573867]]],[[[-119.34658667700354,72.55867513947531],[-119.34745616819849,72.55875101795124],[-119.34770146930514,72.55848788500425],[-119.34683180708308,72.55841654865522],[-119.34658667700354,72.55867513947531]]],[[[-119.34658667700354,72.55867513947531],[-119.34571701376152,72.55860379751094],[-119.34620761736242,72.55808215284539],[-119.34446853715191,72.55793491882443],[-119.34397804444663,72.55845663523401],[-119.3448477476189,72.558532488857],[-119.34460674293676,72.55879111152959],[-119.3463459881009,72.5589382285989],[-119.34658667700354,72.55867513947531]]],[[[-119.34843282018319,72.55770753133874],[-119.3475631871611,72.55763619830108],[-119.34780847134358,72.557373064822],[-119.34693885681325,72.55730172839046],[-119.34717990424643,72.55703867573867],[-119.34631030823088,72.55696733589163],[-119.34606934299023,72.55722596098089],[-119.34346090902095,72.55700744630002],[-119.3432155757021,72.55727057423343],[-119.3449546134556,72.55741320466218],[-119.3447092931006,72.55767633440249],[-119.3455789096739,72.55774768206457],[-119.34582427782469,72.5574890538707],[-119.34669365471788,72.55756043428902],[-119.34620761736242,72.55808215284539],[-119.347946821784,72.55822925428924],[-119.34843282018319,72.55770753133874]]]]}"
00000000000000000040_00000000000000000040,19019.0,0.21729864790737083,21,-265076791591171,-0.09658775261195453,-0.31388640051932537,"{""type"":""MultiPolygon"",""coordinates"":[[[[-119.91240649866718,72.43053846159351],[-119.91327165660185,72.43060979163536],[-119.9130353223716,72.43086842878996],[-119.9139002618988,72.43093979456289],[-119.91436834660622,72.4304180340433],[-119.91263827833494,72.43027534140546],[-119.91240649866718,72.43053846159351]]],[[[-119.91240649866718,72.43053846159351],[-119.9098067429381,72.4303288889777],[-119.90934315420115,72.43085058079383],[-119.90847801049507,72.43077923065474],[-119.9080097713535,72.43130097615241],[-119.9088749344495,72.43137232841896],[-119.90910676891664,72.43110921288306],[-119.91083686440629,72.43125194097831],[-119.91060489824017,72.43151498292762],[-119.90973995469648,72.4314436005035],[-119.90903988534477,72.43222846421186],[-119.91076988763682,72.43236668981297],[-119.91240649866718,72.43053846159351]]]]}"
0000000000000000000d_0000000000000000000d,19965.0,0.6611257698310107,22,-258977938030717,-1.7587836413203926,-2.4199094111514032,"{""type"":""Polygon"",""coordinates"":[[[-119.69576988537693,72.81151511359157],[-119.69311688874961,72.81130110309245],[-119.69335770080168,72.81103801097827],[-119.6915918349327,72.81089524474754],[-119.69134655115818,72.81115834804885],[-119.6904635771196,72.81108701428833],[-119.69022275017738,72.81134567903129],[-119.68934001633433,72.81127430074503],[-119.68909469863122,72.81153740099072],[-119.6882117220172,72.81146605587233],[-119.68797110312826,72.81172467876075],[-119.68885384835501,72.81179606382229],[-119.688372323445,72.81232219678972],[-119.68925533932912,72.8123935405869],[-119.68901447914914,72.81265220327991],[-119.68989751387083,72.81272354358467],[-119.69013812261753,72.81246491866064],[-119.69102115613585,72.81253625329694],[-119.6919887271085,72.81148834414832],[-119.69552490856877,72.81177375947794],[-119.69576988537693,72.81151511359157]]]}"
00000000000000000051_00000000000000000051,19921.0,1.1095166031512282,22,-266541375438427,1.2485278829947384,0.13901127984351014,"{""type"":""MultiPolygon"",""coordinates"":[[[[-120.57531864933283,72.39011223719511],[-120.57509580559932,72.39037533745986],[-120.57682584672754,72.39050909330291],[-120.577048905799,72.39024595094816],[-120.57791400530107,72.39031285863356],[-120.57835995400649,72.38979115075661],[-120.57749463898081,72.38972428516584],[-120.57727182712507,72.38998738815691],[-120.57640679582839,72.38991601220059],[-120.57618373294015,72.39017915388787],[-120.57531864933283,72.39011223719511]]],[[[-120.57531864933283,72.39011223719511],[-120.5759874823889,72.3893274341126],[-120.57685277162547,72.38939430769626],[-120.57707558122583,72.38913120502303],[-120.5779406334048,72.38919811314632],[-120.57838655344246,72.38867640452209],[-120.57752157112729,72.38860503364043],[-120.5777444661039,72.38834646978482],[-120.57600973821076,72.38820818163667],[-120.57578692698799,72.38847128331965],[-120.57492191845877,72.3884043636954],[-120.57380714888822,72.38971540205361],[-120.57467205287378,72.38978225168775],[-120.57444920526586,72.39004535128049],[-120.57531864933283,72.39011223719511]],[[-120.57729853856748,72.38886817707082],[-120.57642898225443,72.38880122572033],[-120.57620616877902,72.38906432772154],[-120.57707558122583,72.38913120502303],[-120.57729853856748,72.38886817707082]]]]}"
0000000000000000000c_0000000000000000000c,20869.0,0.7328588000820341,23,-258943578292770,-2.386301086017091,-3.119159886099125,"{""type"":""MultiPolygon"",""coordinates"":[[[[-119.31841855971936,72.7842164733611],[-119.3175401958964,72.78414515409582],[-119.31729054743722,72.78440377678886],[-119.31817340690763,72.78447959424933],[-119.31841855971936,72.7842164733611]]],[[[-119.31764710129994,72.78302592459092],[-119.31588566557711,72.78288323805933],[-119.31564045457456,72.78314185543582],[-119.31475771650685,72.78307052493979],[-119.3145124888304,72.78332914078851],[-119.31539084190102,72.78340497681667],[-119.31489583964509,72.78392663770946],[-119.3157787680959,72.78399804315377],[-119.31602394440503,72.78373492515095],[-119.31690700708772,72.78381071118555],[-119.31764710129994,72.78302592459092]]],[[[-119.31841855971936,72.7842164733611],[-119.31930141835636,72.78429228512833],[-119.32004168427933,72.78350745145708],[-119.32092467339874,72.78358333145022],[-119.32191441880839,72.78253986154334],[-119.32015316687121,72.78239267910678],[-119.3196582227468,72.78291446769902],[-119.31877542320544,72.78283865694756],[-119.31902503072217,72.78258003168814],[-119.31814225032475,72.78250421747913],[-119.31764710129994,72.78302592459092],[-119.31940846700273,72.78317301750147],[-119.31841855971936,72.7842164733611]]]]}"
00000000000000000035_00000000000000000035,20836.0,0.8315314851273385,23,-264179143426385,0.3320784683690069,-0.49945301675833165,"{""type"":""Polygon"",""coordinates"":[[[-119.79644305492847,72.47997202881197],[-119.7955735815174,72.47990070721767],[-119.79604629174273,72.47937900784905],[-119.79344198106013,72.4791693964947],[-119.79320571366279,72.47942801055576],[-119.79407515181671,72.47949934462665],[-119.79383904858535,72.47976246136348],[-119.79296960056955,72.47969112621944],[-119.79273769903202,72.47994972425491],[-119.79186801267772,72.47987842251464],[-119.79115903739722,72.48066322404384],[-119.79202851595565,72.4807345679928],[-119.79179221955103,72.48099760594735],[-119.79439634735067,72.48120720298694],[-119.79463262401208,72.48094858799932],[-119.79376311986236,72.48087725760276],[-119.79399947616785,72.48061410234794],[-119.79486459165277,72.48068544698502],[-119.79533734038998,72.48016374992592],[-119.79620682365989,72.48023507259411],[-119.79644305492847,72.47997202881197]]]}"
00000000000000000030_00000000000000000030,21748.0,1.6773974029896417,24,-263139761340864,1.593042541186463,-0.08435486180317864,"{""type"":""Polygon"",""coordinates"":[[[-119.64372318042852,72.53507758961699],[-119.6428537987131,72.53500627054586],[-119.64261750887454,72.53526485892897],[-119.64087836284676,72.53512216797819],[-119.64111493583528,72.53485911685983],[-119.64024519112469,72.53478774711672],[-119.64000899716828,72.53505083430687],[-119.6391394020301,72.53497953490117],[-119.63889867824408,72.53523813002653],[-119.63802908201028,72.53516682501585],[-119.63707484501752,72.53621464334785],[-119.63794424253062,72.5362859914536],[-119.63770363713648,72.53654466052119],[-119.63944247725482,72.53668734539005],[-119.63968345224845,72.53642871127961],[-119.64055287550481,72.53650004585558],[-119.6407938601606,72.53623698416398],[-119.6390546530111,72.5360942755433],[-119.63953183807384,72.53557255571059],[-119.64127100608214,72.53571526000644],[-119.64103003452956,72.53597832249112],[-119.64189959770071,72.53604972631149],[-119.64214040848607,72.5357865868191],[-119.64300981946752,72.5358579091224],[-119.64372318042852,72.53507758961699]]]}"
00000000000000000005_00000000000000000005,22685.0,0.9170585916800449,25,-258771779600901,-0.10452344504927262,-1.0215820367293176,"{""type"":""MultiPolygon"",""coordinates"":[[[[-119.3339452050006,72.79592166744811],[-119.33042251513375,72.79562736992027],[-119.33017275819272,72.79589042951055],[-119.33369988263486,72.79618022678196],[-119.3339452050006,72.79592166744811]]],[[[-119.3339452050006,72.79592166744811],[-119.3365938968512,72.79614009568226],[-119.3368391826471,72.79588153260335],[-119.33860059683049,72.79602421906881],[-119.33835513919317,72.79628732334875],[-119.33923813637925,72.79635860145706],[-119.33973303450077,72.79583696333958],[-119.33796737121982,72.79568975351448],[-119.33821692505992,72.79543110810445],[-119.33645122772572,72.79528399671823],[-119.33694601363557,72.79476228884602],[-119.33606319271043,72.79469088350777],[-119.33581782394104,72.79494956056882],[-119.33405220106322,72.79480242394209],[-119.33356178424722,72.79532412013508],[-119.33267871839884,72.79525273609372],[-119.33242909828338,72.79551137430066],[-119.33419476321008,72.79565852677987],[-119.3339452050006,72.79592166744811]]]]}"
0000000000000000004b_0000000000000000004b,22634.0,1.644397355695068,25,-266249317662917,-0.6302924539602761,-2.274689809655344,"{""type"":""MultiPolygon"",""coordinates"":[[[[-120.02682243277201,72.3652750137607],[-120.02768758794329,72.36534635182622],[-120.02791505278854,72.36508330728256],[-120.0270543279445,72.3650163756657],[-120.02682243277201,72.3652750137607]]],[[[-120.0270543279445,72.3650163756657],[-120.02728615284578,72.36475331072293],[-120.02642126093762,72.36468193096445],[-120.02618934208648,72.36494510974295],[-120.0270543279445,72.3650163756657]]],[[[-120.02682243277201,72.3652750137607],[-120.02596185766288,72.36520815222136],[-120.02549809326345,72.36572985167645],[-120.02636325957485,72.36580119634338],[-120.02682243277201,72.3652750137607]]],[[[-120.02791505278854,72.36508330728256],[-120.02964062535035,72.36522595266065],[-120.02941326683278,72.36548464838778],[-120.03027393901642,72.36555591850924],[-120.03073322528755,72.36503422818436],[-120.02901201195901,72.3648915727502],[-120.02947116063459,72.36436980954944],[-120.03033193728623,72.36444115555797],[-120.03102754942222,72.36365633400179],[-120.03016244546461,72.36358501229465],[-120.02993043588204,72.36384812048722],[-120.02820933299205,72.3637054555305],[-120.02843683466611,72.36344683633045],[-120.02757611189288,72.36337548004381],[-120.02711243489414,72.36389718464002],[-120.02539119098216,72.36375895654594],[-120.02515935564874,72.36402201942967],[-120.02601987568627,72.36408888571889],[-120.02578819513168,72.3643520248793],[-120.02837874108553,72.36456160140042],[-120.02791505278854,72.36508330728256]]]]}"
00000000000000000016_00000000000000000016,23588.0,2.172543759646604,26,-260339442663112,2.0352131602825354,-0.13733059936406855,"{""type"":""Polygon"",""coordinates"":[[[-120.15775069869572,72.75995893624847],[-120.1559849179863,72.75982077548238],[-120.1564531478732,72.7592945396609],[-120.15468744226494,72.75915636476114],[-120.15421901662005,72.75968252094717],[-120.15333611446913,72.75961121295059],[-120.15356804073488,72.75934811099776],[-120.15180221124272,72.75920983098959],[-120.1515702644372,72.75947293084296],[-120.14980015790323,72.75933473081335],[-120.14956834183141,72.7595933656123],[-120.15045121951856,72.75966469306537],[-120.14998283051177,72.76018637584548],[-120.1491000148383,72.76011946934074],[-120.14886357606515,72.76038259057799],[-120.15063391919027,72.76052087451679],[-120.15086589188883,72.76025777621952],[-120.15174880726946,72.76032909660113],[-120.1519849685915,72.76006601123954],[-120.15375072176762,72.76020421301135],[-120.15398280543943,72.75994118617866],[-120.15486572632376,72.76001249065148],[-120.15463380762495,72.76027559392477],[-120.15728263984984,72.76048071219945],[-120.15775069869572,72.75995893624847]]]}"
0000000000000000004e_0000000000000000004e,23543.0,1.3298583374658595,26,-266378166681270,1.4318785099020022,0.1020201724361427,"{""type"":""MultiPolygon"",""coordinates"":[[[[-120.48930712230364,72.39458022483211],[-120.48908415627183,72.39483890113053],[-120.48994918859292,72.3949102652172],[-120.49017221478437,72.39464712299869],[-120.48930712230364,72.39458022483211]]],[[[-120.48930712230364,72.39458022483211],[-120.48975761623804,72.3940540985241],[-120.49062253547189,72.39412091948701],[-120.49084546157226,72.39385789130723],[-120.49171069819143,72.39392920686976],[-120.49193345488695,72.39366610217826],[-120.4910683938039,72.39359921259727],[-120.49129154307542,72.3933361437793],[-120.49042626457535,72.39326929065307],[-120.49087677922766,72.3927430457284],[-120.48914215291336,72.39260932321069],[-120.4895924473953,72.39208312092515],[-120.4887274675982,72.392016218435],[-120.48850445660791,72.39227935974426],[-120.48763510698282,72.39221248477507],[-120.48718919908077,72.39273418429231],[-120.4880542003766,72.392801094353],[-120.48715791278171,72.39384899122341],[-120.4880229729386,72.39392025069017],[-120.48779999954473,72.39417892564987],[-120.48866499588337,72.39425029671678],[-120.4884421079762,72.39450885725543],[-120.48930712230364,72.39458022483211]],[[-120.48888802970342,72.39398715583009],[-120.48911534388388,72.39372409660649],[-120.48824592876674,72.39365722555978],[-120.4880229729386,72.39392025069017],[-120.48888802970342,72.39398715583009]]]]}"
00000000000000000012_00000000000000000012,25405.0,1.1519520841040256,28,-259510513975490,0.9111920617733418,-0.24076002233068383,"{""type"":""Polygon"",""coordinates"":[[[-119.66034233354338,72.77492373229465],[-119.66082398260882,72.7744019863763],[-119.65729679709655,72.77411664339783],[-119.65705607054404,72.7743752807572],[-119.65793903458047,72.77444661164996],[-119.65769828261156,72.77470967377832],[-119.65857658206909,72.77478105241867],[-119.6580951070322,72.77530275353266],[-119.6598564277426,72.77544987431044],[-119.65913399883223,72.77623025621504],[-119.6626610978418,72.77652005819942],[-119.66362872372976,72.77547223354061],[-119.66186296970733,72.775329473491],[-119.66210812025682,72.77506639381534],[-119.66034233354338,72.77492373229465]],[[-119.65945957389052,72.77485237524417],[-119.65921859455696,72.77511547794693],[-119.66010160538109,72.77518679727193],[-119.66034233354338,72.77492373229465],[-119.65945957389052,72.77485237524417]]]}"
0000000000000000002e_0000000000000000002e,27190.0,1.0178111471891553,28,-262821933760805,1.012396315845281,-0.005414831343874438,"{""type"":""Polygon"",""coordinates"":[[[-119.75621304308228,72.56564925399684],[-119.75533900709587,72.5655778524041],[-119.75438915369146,72.56662126264068],[-119.75700230810169,72.56683534416213],[-119.75724303373606,72.56657221762738],[-119.75985623572146,72.56678625519608],[-119.76009244099514,72.56652767992998],[-119.76096639675,72.56659898065953],[-119.76120282398445,72.56633593939029],[-119.76033336206392,72.56626451038346],[-119.76080582702826,72.56574281755782],[-119.75993630667034,72.56567150092557],[-119.75945942487519,72.56619320620042],[-119.75858989347303,72.56612188290576],[-119.75906239782161,72.56560019436239],[-119.75819298127647,72.56552875395704],[-119.7584291904937,72.56526575473595],[-119.75930331904115,72.56533702581176],[-119.75953951160923,72.56507845074069],[-119.75779600449462,72.56493573796593],[-119.7575597057772,72.56519442563554],[-119.75668568110338,72.56512303073877],[-119.75621304308228,72.56564925399684]],[[-119.75597240489353,72.56590783918163],[-119.75684630764725,72.56597916151782],[-119.75708277730237,72.56572055081956],[-119.75621304308228,72.56564925399684],[-119.75597240489353,72.56590783918163]]]}"
00000000000000000050_00000000000000000050,25354.0,0.7566773537058906,28,-266494130798167,0.09543320999251512,-0.6612441437133755,"{""type"":""MultiPolygon"",""coordinates"":[[[[-120.58135625188469,72.39169966009852],[-120.58113346311762,72.39196276710015],[-120.58199842468977,72.39202969286471],[-120.5822214386988,72.3917665447815],[-120.58135625188469,72.39169966009852]]],[[[-120.5787566054946,72.39149897435938],[-120.57702645728435,72.39136523948419],[-120.57680366950588,72.39162387663242],[-120.5759341519472,72.39155699921116],[-120.57571114385841,72.39182002469408],[-120.57744583800785,72.39195381239341],[-120.57766862209866,72.39169517457518],[-120.57853378698874,72.39176207831066],[-120.5787566054946,72.39149897435938]]],[[[-120.58135625188469,72.39169966009852],[-120.58157942356097,72.39143658774736],[-120.58244455121987,72.39150793617658],[-120.58355905335425,72.39019692388985],[-120.58182448650145,72.39005873291829],[-120.58160157032844,72.39032176592501],[-120.58073660255114,72.39025495235991],[-120.58051367041551,72.39051798400223],[-120.5787834312402,72.39038419119888],[-120.57811466179399,72.39116900336154],[-120.57897957176476,72.39123594512695],[-120.5787566054946,72.39149897435938],[-120.58135625188469,72.39169966009852]]]]}"
00000000000000000028_00000000000000000028,26286.0,-0.7200299802002144,29,-261967235269378,-1.0426066446241007,-0.32257666442388633,"{""type"":""MultiPolygon"",""coordinates"":[[[[-119.30216062343432,72.58307087882743],[-119.30303453901445,72.58314227546926],[-119.30352078615213,72.58262053468859],[-119.30265104590933,72.58254917570696],[-119.30216062343432,72.58307087882743]]],[[[-119.30191552843178,72.5833295547094],[-119.30167471888726,72.58359265368242],[-119.30254410944023,72.58366397916922],[-119.3027893511789,72.58340537880233],[-119.30191552843178,72.5833295547094]]],[[[-119.30216062343432,72.58307087882743],[-119.29867826065887,72.58277661493918],[-119.29843273823562,72.58303524846971],[-119.2993067640949,72.5831110523654],[-119.29906148373777,72.58336964829168],[-119.29731810155634,72.58322249526596],[-119.29780854455991,72.58270523122732],[-119.29693909071064,72.58262949288776],[-119.29669368412947,72.58289251224399],[-119.29582422951351,72.58281676829803],[-119.2955789561251,72.58307986235822],[-119.29383564449735,72.58293267321643],[-119.29359469420224,72.58319125943831],[-119.29185130938484,72.58304416456225],[-119.29160598316021,72.58330725336586],[-119.29857109915523,72.58389141769453],[-119.29832584504089,72.584154514947],[-119.29919547767393,72.58422581896158],[-119.29944061858998,72.58396714693994],[-119.30031455590648,72.58403855707628],[-119.30055528554286,72.58377988633761],[-119.2996860059146,72.58370412438873],[-119.300176357637,72.58318235194766],[-119.30191552843178,72.5833295547094],[-119.30216062343432,72.58307087882743]]]]}"
00000000000000000036_00000000000000000036,27176.0,0.42860922962477405,30,-264449726365963,-0.8989274831597692,-1.3275367127845432,"{""type"":""Polygon"",""coordinates"":[[[-119.87282762924175,72.46853889107075],[-119.87022787335286,72.46832485984281],[-119.87045968832118,72.46806619635687],[-119.86872972780894,72.46792353970918],[-119.86825693711954,72.46844528595463],[-119.86739178227631,72.46837835655975],[-119.86692371193118,72.46890011860741],[-119.86952330173978,72.46910969808192],[-119.86905513976937,72.46963581536966],[-119.86992012162158,72.46970277463386],[-119.86945195376813,72.47022889252199],[-119.87118647137135,72.47036709587859],[-119.87142283033616,72.47010849031555],[-119.87228787407254,72.4701798632568],[-119.87275620704042,72.46965369914668],[-119.87189118292703,72.46958232832378],[-119.87282762924175,72.46853889107075]],[[-119.8701565727215,72.46944405565328],[-119.87102158005813,72.46951543546204],[-119.87125775112182,72.46925232801877],[-119.87039290498818,72.46918102499707],[-119.8701565727215,72.46944405565328]]]}"
00000000000000000042_00000000000000000042,28077.0,1.5657431187266664,31,-265398914138007,1.1543156331503643,-0.41142748557630204,"{""type"":""MultiPolygon"",""coordinates"":[[[[-120.24196978149452,72.4366117557552],[-120.24110460179625,72.43654043120948],[-120.24087278363706,72.43680352037613],[-120.24174223805468,72.43687039382097],[-120.24196978149452,72.4366117557552]]],[[[-120.24365967823506,72.4378647784723],[-120.24342787446358,72.43812787039299],[-120.24256285707878,72.43805651456785],[-120.24210358607638,72.43858266840684],[-120.24297312430994,72.43864953454037],[-120.2432005654586,72.43838647015863],[-120.24580457270248,72.43859599505353],[-120.24603197796093,72.43833292720588],[-120.24689691764604,72.43839983965283],[-120.24712441780889,72.4381411957766],[-120.24365967823506,72.4378647784723]]],[[[-120.24196978149452,72.4366117557552],[-120.24283923422236,72.43667862362514],[-120.24238000587924,72.43720477903082],[-120.24324948654207,72.43727164446393],[-120.24279014293182,72.43779337511874],[-120.24365967823506,72.4378647784723],[-120.2438869479806,72.43760163762633],[-120.24475234299459,72.43767302264501],[-120.24497959668435,72.43740988040732],[-120.24584925445325,72.43747680765277],[-120.24607651943558,72.43721820437052],[-120.24521152454616,72.43714686169997],[-120.24566626423271,72.43662507615936],[-120.24480129722025,72.43655373105884],[-120.24525594842237,72.43603206111882],[-120.24439100928075,72.4359607135881],[-120.24461850868666,72.43570207200209],[-120.24374882423598,72.4356307120542],[-120.2435214253887,72.43589377799252],[-120.24265626678125,72.43582246105622],[-120.24196978149452,72.4366117557552]]]]}"
0000000000000000000e_0000000000000000000e,29945.0,0.5573341917419639,33,-258973643063563,-2.122518803403508,-2.679852995145472,"{""type"":""MultiPolygon"",""coordinates"":[[[[-119.57095965764725,72.80165154457964],[-119.571842525665,72.80172292335399],[-119.57208340815673,72.8014597933427],[-119.57120046144229,72.80138853027027],[-119.57095965764725,72.80165154457964]]],[[[-119.57095965764725,72.80165154457964],[-119.56919390879351,72.80150446387975],[-119.5689486303905,72.80176748579849],[-119.56806568997605,72.80169620678474],[-119.56879697463242,72.80091138675922],[-119.56703126996292,72.8007687069814],[-119.56678602469816,72.80102730238006],[-119.56590297868054,72.80095593588784],[-119.56566226620691,72.80121901961358],[-119.56477937130234,72.80114772338207],[-119.56453409265353,72.80140631572526],[-119.5636511966,72.80133501380142],[-119.56340590126243,72.80159360461474],[-119.5625232454933,72.80152225831716],[-119.56203692206316,72.80204396509733],[-119.56291994091296,72.80211977486974],[-119.56242955694994,72.80264152945598],[-119.56331250354145,72.80271283690192],[-119.56404376943793,72.801928075043],[-119.56492669448868,72.80199937460341],[-119.56468571364734,72.80226249535683],[-119.56645152172585,72.80240519751916],[-119.56669687956968,72.80214648848361],[-119.56934558353451,72.80236056134092],[-119.56983149071792,72.80183887484598],[-119.57071460131002,72.8019102206197],[-119.57095965764725,72.80165154457964]]]]}"
00000000000000000018_00000000000000000018,29929.0,0.6331394374921713,33,-260717399785719,0.477029956757284,-0.15610948073488728,"{""type"":""Polygon"",""coordinates"":[[[-119.68547849678444,72.69746469138175],[-119.6845998870264,72.69739337869021],[-119.68508161862346,72.69687165566339],[-119.68156767449288,72.69658621445924],[-119.68180846090748,72.69632316377105],[-119.68093016482642,72.69625179269264],[-119.68117093334504,72.69599316739772],[-119.68029241590857,72.69592183168862],[-119.67933379703807,72.69696523853723],[-119.67845524836054,72.69689389392376],[-119.67797374284484,72.69741563707346],[-119.6788520715073,72.69748702270539],[-119.67909288279655,72.69722840051807],[-119.67997129806514,72.69729966581185],[-119.67900831390271,72.69834315759321],[-119.68163913067889,72.6985571814201],[-119.68236137567061,72.69777237897028],[-119.68323998794538,72.69784370297127],[-119.68348074985323,72.69758507532936],[-119.68523750084012,72.69772778514557],[-119.68547849678444,72.69746469138175]],[[-119.68036817541389,72.69789279010907],[-119.68124220253927,72.69796406131255],[-119.68172379379821,72.69744238610627],[-119.68260214746796,72.6975137524205],[-119.68284317366023,72.69725066192866],[-119.68108625522974,72.69710796575981],[-119.68036817541389,72.69789279010907]]]}"
0000000000000000002d_0000000000000000002d,29910.0,0.8871694562037435,33,-262632955199801,1.0718997774310879,0.18473032122734434,"{""type"":""Polygon"",""coordinates"":[[[-119.7300558833594,72.57586052205941],[-119.72743857335827,72.57564650869209],[-119.72696579375365,72.57616818450718],[-119.72783540989477,72.57623958871585],[-119.72759897299794,72.57650269726606],[-119.72846845607916,72.57657402221157],[-119.72823226103252,72.57683709253804],[-119.72910616178312,72.57690840022238],[-119.72886557832128,72.57716705946717],[-119.72973925901285,72.57723840260249],[-119.7299758235357,72.57697979303391],[-119.7308497415195,72.57705109164736],[-119.7306089390751,72.57730979198085],[-119.7314828754448,72.57738108714464],[-119.73219636202154,72.5765962730367],[-119.73307042889252,72.57666763623703],[-119.7335430705205,72.57614594543556],[-119.73441697467675,72.5762172261205],[-119.73465322951019,72.57595864921889],[-119.73378397256599,72.57588731675675],[-119.73402008530573,72.57562423913055],[-119.73227667650222,72.57548146400046],[-119.73251295420782,72.5752184639434],[-119.73164335285955,72.57514708316931],[-119.73140257951361,72.57541021077033],[-119.73053297685024,72.57533882440484],[-119.7300558833594,72.57586052205941]],[[-119.72981971781017,72.57612359463069],[-119.73068935001707,72.5761949842185],[-119.73092990462447,72.57593189671194],[-119.7300558833594,72.57586052205941],[-119.72981971781017,72.57612359463069]],[[-119.72894584676641,72.57605229018642],[-119.72870928209025,72.57631089878133],[-119.72957891541915,72.57638229396316],[-119.72981971781017,72.57612359463069],[-119.72894584676641,72.57605229018642]]]}"
0000000000000000003d_0000000000000000003d,29886.0,2.2240104081636964,33,-264823388521097,0.943868464728037,-1.2801419434356593,"{""type"":""MultiPolygon"",""coordinates"":[[[[-119.56625967117549,72.41687573507217],[-119.56601895529606,72.41713439074516],[-119.56688410216546,72.41721017464789],[-119.56712048545832,72.41694710004114],[-119.56625967117549,72.41687573507217]]],[[[-119.56625967117549,72.41687573507217],[-119.56649605772695,72.41661266114824],[-119.56563128626274,72.41654133940628],[-119.56539488995162,72.41680441225851],[-119.56625967117549,72.41687573507217]]],[[[-119.56539488995162,72.41680441225851],[-119.56452973080881,72.41673304760901],[-119.56429335768559,72.4169916918562],[-119.5651540147952,72.41706299082416],[-119.56539488995162,72.41680441225851]]],[[[-119.56429335768559,72.4169916918562],[-119.56342819747881,72.41692032163832],[-119.56319191852135,72.41718346759268],[-119.56405257686441,72.41725477209707],[-119.56429335768559,72.4169916918562]]],[[[-119.56319191852135,72.41718346759268],[-119.56232703359939,72.41710762599472],[-119.56209058876368,72.41737069448203],[-119.5612255759566,72.4172993891462],[-119.56098915505498,72.41755802902593],[-119.56012399146402,72.41748664210792],[-119.55964709547335,72.41800839219744],[-119.55878192108165,72.41793699861807],[-119.55830934208626,72.41845873590762],[-119.55744430657724,72.41838741170699],[-119.55720346300042,72.41864605550286],[-119.55806846722703,72.41872180794921],[-119.55783198888813,72.41898044337799],[-119.56041835251173,72.4191989556256],[-119.5606592047821,72.41893588070064],[-119.56152428402935,72.41900718804973],[-119.56199694845373,72.41848551898295],[-119.56286201686713,72.41855681969402],[-119.56310279044361,72.4182981685488],[-119.56396340869439,72.41836958757445],[-119.56420420579352,72.41810650780494],[-119.56333923516078,72.41803509907841],[-119.5638161909621,72.41751341557537],[-119.56295101144394,72.41744204318825],[-119.56319191852135,72.41718346759268]],[[-119.56074832562834,72.41782110481762],[-119.56161335774476,72.4178924123226],[-119.5618498154818,72.41762934460728],[-119.56098915505498,72.41755802902593],[-119.56074832562834,72.41782110481762]]]]}"
0000000000000000003e_0000000000000000003e,29885.0,1.948087629272677,33,-264862043226765,0.8954640930640969,-1.05262353620858,"{""type"":""MultiPolygon"",""coordinates"":[[[[-119.56375829655288,72.41554249951008],[-119.56462325017752,72.4156137927762],[-119.56485975059454,72.41535522368976],[-119.56399465682196,72.4152838554863],[-119.56375829655288,72.41554249951008]]],[[[-119.56375829655288,72.41554249951008],[-119.56203262657058,72.41539981431701],[-119.56250978006001,72.41487809382485],[-119.55991894457856,72.4146596170331],[-119.55967814136099,72.4149226923674],[-119.55881760977717,72.41485136417731],[-119.55857668124233,72.41510993483593],[-119.55944197007568,72.41518129237255],[-119.5589647331138,72.41570300481939],[-119.55809981134882,72.41563168247363],[-119.55786333391002,72.41589474608308],[-119.55613774932829,72.41574757355862],[-119.55566052438822,72.41627378037829],[-119.55738627565148,72.41641641538075],[-119.55714996952995,72.41667512668742],[-119.55887549651224,72.41682221176919],[-119.55911197383523,72.41655914717614],[-119.55997694165156,72.41663046380032],[-119.560453942101,72.41610878800935],[-119.56131468719542,72.41618018314253],[-119.56155544729768,72.41592153325757],[-119.56241604164275,72.41599284683693],[-119.56265678581389,72.41573419546867],[-119.56351752883289,72.41580557952247],[-119.56375829655288,72.41554249951008]]]]}"
0000000000000000004c_0000000000000000004c,29873.0,0.7646579498327783,33,-266275087466994,-3.1701766516962935,-3.934834601529072,"{""type"":""MultiPolygon"",""coordinates"":[[[[-119.77029932134042,72.34091500818319],[-119.76857818280791,72.34077222579783],[-119.76834197416804,72.34103089440484],[-119.7674813300178,72.34096403748619],[-119.76724930356006,72.34122261449471],[-119.76810987938958,72.34129401451553],[-119.76787366569631,72.34155710963618],[-119.76873410952035,72.34162843042627],[-119.76897054909672,72.3413652952887],[-119.76983114172491,72.34143668637567],[-119.77029932134042,72.34091500818319]]],[[[-119.77029932134042,72.34091500818319],[-119.77115998866942,72.34098627789378],[-119.77092380845936,72.34124494972832],[-119.77178425811688,72.34131625499471],[-119.772252386801,72.34079457180476],[-119.77397380867698,72.34093727740243],[-119.77420993890495,72.34067417433384],[-119.77507053500881,72.3407455388331],[-119.77553880382386,72.3402238080627],[-119.77295686267006,72.34000974649825],[-119.7731888041146,72.33975116199754],[-119.7740495902832,72.33982249329884],[-119.77428570476106,72.3395593897975],[-119.77256478126121,72.3394167228101],[-119.77232826186501,72.33967978727897],[-119.77146772801376,72.33960840809372],[-119.77170402155006,72.33934538364736],[-119.77084350575535,72.3392740010696],[-119.77061146485578,72.33953712483579],[-119.76975094777146,72.33946573673941],[-119.7695145430952,72.33972887344427],[-119.77037515530218,72.33980014783333],[-119.76967058481526,72.34058053626248],[-119.7705313841275,72.34065188522509],[-119.77029932134042,72.34091500818319]]]]}"
0000000000000000000f_0000000000000000000f,31751.0,-2.309889568777041,35,-259141146788764,-2.394882154395604,-0.08499258561856271,"{""type"":""Polygon"",""coordinates"":[[[-119.00168865326498,72.74490062329413],[-118.99905325661481,72.74467767010495],[-118.99930744855659,72.74441457117854],[-118.9966721639867,72.74419158049379],[-118.9969263516813,72.74393298645111],[-118.9960478303159,72.74385713479111],[-118.99629738037233,72.74359407281428],[-118.99454517500067,72.74344690324352],[-118.99479495187371,72.7431883070782],[-118.99392066269178,72.74311248664637],[-118.99341701934298,72.74363421205275],[-118.9942911145267,72.74370557074342],[-118.99379149873411,72.74422726281128],[-118.9955439771331,72.74437890315299],[-118.99479029773377,72.74515926559361],[-118.99391188591505,72.74508348017635],[-118.99366228430581,72.74534653843304],[-118.99541449652317,72.74549363831566],[-118.99491082141138,72.74601536581963],[-118.99578928125955,72.74609114555625],[-118.99629308621283,72.7455694922427],[-118.99717153556415,72.74564526515876],[-118.99742133860356,72.74538216451766],[-118.9991781533007,72.74553380881403],[-118.99942792941475,72.74527070549425],[-118.99854933192685,72.7451948674655],[-118.9988035110585,72.74493627129294],[-119.00143451035264,72.74515922334811],[-119.00168865326498,72.74490062329413]]]}"
0000000000000000001f_0000000000000000001f,32637.0,0.6878043190303551,36,-261503378801289,-0.01720931333393449,-0.7050136323642896,"{""type"":""MultiPolygon"",""coordinates"":[[[[-119.37178515195045,72.62013496781381],[-119.37265898020635,72.6202063303417],[-119.3729042610986,72.61994768932287],[-119.37203038052583,72.61987182583661],[-119.37178515195045,72.62013496781381]]],[[[-119.3739165735407,72.62087517819971],[-119.372168549643,72.6207279986504],[-119.37168264686828,72.62124973673207],[-119.37342591603527,72.62139688770938],[-119.3739165735407,72.62087517819971]]],[[[-119.372168549643,72.6207279986504],[-119.37241384387485,72.62046935845694],[-119.37154425871766,72.62039360259391],[-119.37129886638965,72.62065666760157],[-119.372168549643,72.6207279986504]]],[[[-119.37178515195045,72.62013496781381],[-119.37091549696618,72.6200636344662],[-119.37067042938995,72.62032223444415],[-119.37154425871766,72.62039360259391],[-119.37178515195045,72.62013496781381]]],[[[-119.3739165735407,72.62087517819971],[-119.37479044780494,72.62094652935004],[-119.37454532778806,72.62120955996419],[-119.37541922070228,72.62128090769184],[-119.3746833697778,72.62206576585754],[-119.37817504533123,72.62235559328127],[-119.37915150769523,72.62131219260303],[-119.37828199390238,72.62124085918639],[-119.37852275230982,72.62097771406407],[-119.37765325708733,72.62090637724162],[-119.37789416913357,72.62064330893766],[-119.377024542112,72.62057189256896],[-119.37751044368767,72.62005021637965],[-119.37576708863706,72.61990302959887],[-119.37527665469418,72.6204248207724],[-119.37440241040056,72.62035343409279],[-119.3739165735407,72.62087517819971]],[[-119.37566007844066,72.62102226828341],[-119.37590518186866,72.62075923615225],[-119.37503130867907,72.62068789062401],[-119.37479044780494,72.62094652935004],[-119.37566007844066,72.62102226828341]]]]}"
0000000000000000004d_0000000000000000004d,33498.0,1.7613825698301606,37,-266330922041562,0.8686707549599597,-0.8927118148702009,"{""type"":""MultiPolygon"",""coordinates"":[[[[-120.01763678237388,72.35892527535766],[-120.01740942073693,72.35918838484302],[-120.0191306510793,72.35932662128434],[-120.01959425304591,72.35880485826057],[-120.01873375986048,72.35873799545152],[-120.01850184556692,72.35899662502078],[-120.01763678237388,72.35892527535766]]],[[[-120.01763678237388,72.35892527535766],[-120.01786870623538,72.35866664684876],[-120.01700801602378,72.35859527294305],[-120.01746744724903,72.35807361118431],[-120.0157461303983,72.35793085414542],[-120.01597347400885,72.35767228775318],[-120.01683870896663,72.35774360740166],[-120.01706605911447,72.35748049816918],[-120.01793105726027,72.35755185155801],[-120.01769914869216,72.357810480477],[-120.01855980995552,72.3578818512466],[-120.01902353944672,72.35736016437806],[-120.01816289739831,72.35728879571548],[-120.01862211527484,72.35676705470966],[-120.01776165206209,72.35669575926784],[-120.01752981471233,72.35695881479042],[-120.01494361520265,72.35674923390334],[-120.01471168084834,72.35700785932562],[-120.01385108047162,72.35693646829344],[-120.01361910744198,72.3571996337505],[-120.01275850572507,72.35712823720039],[-120.01252675212707,72.35739136195443],[-120.01166614907096,72.35731995988752],[-120.01143414402344,72.35758312249948],[-120.01229484101492,72.35765441073171],[-120.01206286271403,72.35791303257179],[-120.01378872263453,72.35805576753485],[-120.01355675722695,72.35831439112371],[-120.01442176904885,72.35838576220868],[-120.01418986835749,72.35864881304792],[-120.01763678237388,72.35892527535766]],[[-120.01488110699458,72.3578640311129],[-120.01464915734392,72.35812265612503],[-120.01551440324488,72.3581939823806],[-120.0157461303983,72.35793085414542],[-120.01488110699458,72.3578640311129]],[[-120.01338721233044,72.35746268394968],[-120.01425236091005,72.35752959052064],[-120.01447980174048,72.35727091094687],[-120.01361910744198,72.3571996337505],[-120.01338721233044,72.35746268394968]]]]}"
00000000000000000000_00000000000000000000,39927.0,-1.6710341116265657,44,-258290743264063,-1.798105696498353,-0.12707158487178738,"{""type"":""Polygon"",""coordinates"":[[[-119.03396793349572,72.80203951418441],[-119.03485086699747,72.80211529022318],[-119.03510052571288,72.80185223882903],[-119.03598345845563,72.8019280091619],[-119.03623332236546,72.80166941953384],[-119.03535483957928,72.80159365384367],[-119.03560457625952,72.80133048720954],[-119.03208179833499,72.80103618816801],[-119.03183204211044,72.80129484901963],[-119.02919239077454,72.80107185342905],[-119.02868413915012,72.80159362307678],[-119.02692704884109,72.8014420478303],[-119.02667285259577,72.80170508496205],[-119.02579443238481,72.801629270421],[-119.02503646445146,72.80240964410197],[-119.02591491429136,72.80248546204773],[-119.0261692013785,72.80222681317944],[-119.02793032908505,72.80237397353125],[-119.02818014941305,72.80211531822667],[-119.02906306886614,72.80218662266384],[-119.02931278047538,72.80192808016331],[-119.03019567768781,72.80200388018585],[-119.02969173526715,72.80252107771572],[-119.03409282524363,72.80289566089647],[-119.03459668939458,72.80237395073965],[-119.0337184283183,72.80229813915383],[-119.03396793349572,72.80203951418441]],[[-119.03422226417389,72.80178093078808],[-119.0333391996868,72.80170507490398],[-119.03308969151406,72.80196369918411],[-119.03396793349572,72.80203951418441],[-119.03422226417389,72.80178093078808]]]}"
00000000000000000046_00000000000000000046,39839.0,0.32782014997028647,44,-265759691391398,-1.153564137406173,-1.4813842873764593,"{""type"":""Polygon"",""coordinates"":[[[-119.8075819128279,72.37877274060016],[-119.80735011464404,72.3790313173057],[-119.81079703527794,72.37931675677419],[-119.81103322149242,72.37905361865099],[-119.81361956043762,72.37926764420642],[-119.81432410480282,72.3784828877549],[-119.81345910787239,72.37841156396132],[-119.81369541633299,72.37815292486624],[-119.8119698235482,72.37801025038988],[-119.81220597786194,72.37774711037243],[-119.8130665820302,72.37781845656046],[-119.8132985308313,72.3775598333565],[-119.81243793618663,72.37748848822],[-119.81267422827199,72.3772254232362],[-119.8118092952814,72.37715409024423],[-119.81157734994099,72.377417138625],[-119.81071217971227,72.37734583907844],[-119.81024387803477,72.3778675212004],[-119.8059319996667,72.37751528479833],[-119.80570019787856,72.3777738598312],[-119.80483504920419,72.37770253013502],[-119.80460316087509,72.37796564545805],[-119.80632889371628,72.37810835684297],[-119.80609273237656,72.37836694757632],[-119.80695332467063,72.37843832482557],[-119.80672130242019,72.37870136675988],[-119.8075819128279,72.37877274060016]],[[-119.8084468883911,72.37884409453372],[-119.80867874066558,72.37858097470222],[-119.80954410136083,72.37865235986926],[-119.80977593754406,72.37838923861284],[-119.80805013771115,72.37824656303134],[-119.8075819128279,72.37877274060016],[-119.8084468883911,72.37884409453372]]]}"
00000000000000000031_00000000000000000031,40774.0,0.2057577122579201,45,-263698107089137,-0.603967203715774,-0.8097249159736941,"{""type"":""MultiPolygon"",""coordinates"":[[[[-119.85455415783186,72.51894457071349],[-119.85368453624527,72.51887325789465],[-119.85321642647263,72.51939498382951],[-119.85408606767035,72.51946629877106],[-119.85455415783186,72.51894457071349]]],[[[-119.85408606767035,72.51946629877106],[-119.85384963531911,72.51972936523951],[-119.85471905735052,72.5198007158069],[-119.85495547981873,72.51953764826638],[-119.85408606767035,72.51946629877106]]],[[[-119.85455415783186,72.51894457071349],[-119.85629318903771,72.51908722187157],[-119.856765754141,72.51856554677553],[-119.85763535890469,72.51863241814323],[-119.85810349078847,72.51811075638042],[-119.85723396883897,72.51803934658543],[-119.85770672012701,72.51751762933408],[-119.85683714042653,72.51744633196314],[-119.85707352760868,72.51718768671452],[-119.85620396613699,72.5171163859009],[-119.85596780682202,72.51737499100207],[-119.85509809251107,72.51730360887557],[-119.85486170184664,72.51756667735816],[-119.853122820004,72.51742400978235],[-119.8535954188222,72.51690234156356],[-119.85185622105098,72.51675962355728],[-119.85232453187322,72.51623786016734],[-119.85145504123477,72.51616653437435],[-119.8516912396141,72.51590793456603],[-119.84995230333004,72.51576527157722],[-119.8497158691806,72.516028334094],[-119.84884640396446,72.51595699475217],[-119.84861455739612,72.51621557417603],[-119.85035366745525,72.51635832617208],[-119.84964470476211,72.51714312435108],[-119.85051422623539,72.51721445892773],[-119.85027775836471,72.51747309587996],[-119.85114729806851,72.51754442701466],[-119.85091563182628,72.5178075102526],[-119.85265451910742,72.51795020013449],[-119.85288640309189,72.5176870757328],[-119.85375588252272,72.5177585081089],[-119.8535240723847,72.51801709299893],[-119.85526301051226,72.51815975578826],[-119.85455415783186,72.51894457071349]]]]}"
00000000000000000047_00000000000000000047,40751.0,1.774319499108864,45,-265935785049965,1.5843191727339305,-0.19000032637493347,"{""type"":""MultiPolygon"",""coordinates"":[[[[-120.30979266143282,72.40868438396676],[-120.30956526326396,72.40894743192611],[-120.31043032594152,72.40901436955514],[-120.3106578398629,72.40875574595957],[-120.30979266143282,72.40868438396676]]],[[[-120.30979266143282,72.40868438396676],[-120.3100201788931,72.4084257610497],[-120.3126153054714,72.40863090430787],[-120.31284250888822,72.4083677772104],[-120.31371217140136,72.4084346299754],[-120.31416260257839,72.40791297722363],[-120.3124324088017,72.40777470941148],[-120.31288722381746,72.40725303079724],[-120.30595791763159,72.40670454801138],[-120.30573037274422,72.40696316648756],[-120.30659982172415,72.40703452197619],[-120.30546273342036,72.40834104109096],[-120.30719297395407,72.40847926520492],[-120.30742039554266,72.4082162199939],[-120.30828538654822,72.40828751915693],[-120.30806249696693,72.40855061229941],[-120.30979266143282,72.40868438396676]],[[-120.30851302779885,72.40802443286113],[-120.30874027434585,72.40776131057572],[-120.30787519233346,72.40769447858409],[-120.30764778308985,72.40795752451476],[-120.30851302779885,72.40802443286113]]]]}"
00000000000000000049_00000000000000000049,42554.0,2.2472080401717895,47,-266056044134624,1.7802298772492207,-0.4669781629225689,"{""type"":""MultiPolygon"",""coordinates"":[[[[-119.99792745087217,72.37077754272991],[-119.99815496698933,72.37051449988591],[-119.99729449256955,72.37044756941019],[-119.99706255199794,72.37070620501213],[-119.99792745087217,72.37077754272991]]],[[[-119.99359320840048,72.37463021902164],[-119.99273268176938,72.37455891641045],[-119.99250092396383,72.374821932316],[-119.9933615551851,72.37488888510501],[-119.99359320840048,72.37463021902164]]],[[[-119.99792745087217,72.37077754272991],[-119.99769572234813,72.3710406811524],[-119.99683066246438,72.37096926675967],[-119.9965989178669,72.3712324037565],[-119.99746377890744,72.3712993170771],[-119.99723188657921,72.37156237914216],[-119.99464566398403,72.37135276824696],[-119.99371818848198,72.37239618350775],[-119.9945831385385,72.3724675375923],[-119.99411957607475,72.3729892633073],[-119.9932544274233,72.37292237287161],[-119.99256329531384,72.37370277949672],[-119.99169812557837,72.37363588140269],[-119.9914663110647,72.37389446979871],[-119.99319196119278,72.37403721532253],[-119.99296015958616,72.37429580546225],[-119.99382518585925,72.37436716244063],[-119.99359320840048,72.37463021902164],[-119.99445825286217,72.37470157255022],[-119.99514968449994,72.37391676966125],[-119.99601465126517,72.37398368904002],[-119.9964784288956,72.37346191994622],[-119.99733908353811,72.37353327951523],[-119.9975710003177,72.37327021792443],[-119.99670561056685,72.3731988433453],[-119.9969375880156,72.37294020894011],[-119.99607711225791,72.37286892260965],[-119.99676826144389,72.3720840363967],[-119.99763336843331,72.37215545051231],[-119.99786511229881,72.37189231251135],[-119.99872570902109,72.3719636657938],[-119.9989575881237,72.3717006019899],[-119.99809705860586,72.3716336762638],[-119.998324583633,72.37137063347832],[-119.9991895186588,72.37144196431977],[-119.99942138520369,72.37117889977681],[-119.99855630869008,72.3711074943741],[-119.99878800073765,72.37084889628883],[-119.99792745087217,72.37077754272991]]]]}"
0000000000000000004a_0000000000000000004a,43462.0,1.1697303137427328,48,-266103288774714,0.6293821589434379,-0.540348154799295,"{""type"":""Polygon"",""coordinates"":[[[-120.13791229962102,72.384047863955],[-120.13722530646552,72.38483265436788],[-120.13981614136038,72.38504221401773],[-120.14004363252816,72.3847791471131],[-120.14090865595924,72.38485047080212],[-120.14114049328555,72.3845873784483],[-120.14200106423533,72.38465429461382],[-120.1422329744518,72.38439562687782],[-120.14309805789276,72.3844625889077],[-120.14332559016948,72.38420394385398],[-120.1424604273661,72.38413255682032],[-120.14314720003313,72.38334774643097],[-120.14228644207623,72.38328087492609],[-120.14251388000532,72.38301780445603],[-120.14164892472043,72.38294648807732],[-120.14188081694054,72.38268782026512],[-120.13928549548432,72.38247827676967],[-120.13951732190334,72.38221518570604],[-120.13865250760871,72.38214827949044],[-120.13842494483596,72.3824069194506],[-120.13755989330983,72.3823400471519],[-120.13733255037153,72.38259864626268],[-120.13819310239225,72.38267000909258],[-120.13773390798504,72.38319169778514],[-120.13687318891593,72.38312479839077],[-120.13664123012141,72.3833834598124],[-120.13750640860239,72.38345476236361],[-120.1370469414202,72.38397648833178],[-120.13791229962102,72.384047863955]],[[-120.13877727868706,72.38411919904122],[-120.13900461892888,72.38385605763388],[-120.13813941406428,72.38378476303585],[-120.13791229962102,72.384047863955],[-120.13877727868706,72.38411919904122]]]}"
0000000000000000003b_0000000000000000003b,45290.0,0.5921566083699973,50,-264677359632657,-0.0508108710724201,-0.6429674794424174,"{""type"":""MultiPolygon"",""coordinates"":[[[[-119.88224506927459,72.45388184193148],[-119.88484471358272,72.4540914314981],[-119.88507655125142,72.4538327818962],[-119.88247690594146,72.45361876930136],[-119.88224506927459,72.45388184193148]]],[[[-119.88224506927459,72.45388184193148],[-119.88138003641734,72.45381051375225],[-119.88091176931937,72.45433217137548],[-119.88004235141031,72.45426085404327],[-119.87981047602818,72.45452392344518],[-119.87894543089234,72.45445258309881],[-119.87917734534076,72.45419394093767],[-119.87571267719176,72.4539085953363],[-119.8754761418224,72.45417171592189],[-119.87461113886606,72.45410035309993],[-119.87437482402161,72.45436343313244],[-119.87524441924474,72.45443031439729],[-119.8750081078504,72.45469339512357],[-119.8767425521677,72.45483609418021],[-119.87697446979975,72.45457302868363],[-119.87784388192972,72.454644361697],[-119.87760759995663,72.45490744564299],[-119.87847723814839,72.45497430991347],[-119.87824095962753,72.45523739455314],[-119.87737589374863,72.45516604652644],[-119.87713936219926,72.45542916880864],[-119.87627429499436,72.45535781522302],[-119.87580624924331,72.45587949565669],[-119.87840590898278,72.4560935319012],[-119.87816958562804,72.45635218990675],[-119.87990421196524,72.45649485456083],[-119.88013611211704,72.4562317856906],[-119.88100537866522,72.45630314056358],[-119.88264203367044,72.45447490320295],[-119.88177697293587,72.4544035773879],[-119.88224506927459,72.45388184193148]],[[-119.88084055282731,72.45544696805611],[-119.88107683150965,72.45518830637585],[-119.88020737571551,72.45511699036497],[-119.87997549112004,72.45538005969009],[-119.88084055282731,72.45544696805611]]]]}"
00000000000000000006_00000000000000000006,55356.0,0.12259455217396968,61,-258801844371725,-1.3191211758575,-1.4417157280314699,"{""type"":""MultiPolygon"",""coordinates"":[[[[-119.5569403190822,72.81259422376297],[-119.55669512221873,72.8128572626495],[-119.55846074506557,72.81299999881054],[-119.55870616313835,72.812736919034],[-119.55958900181055,72.81281274104708],[-119.55983425037022,72.81254958381041],[-119.56160003845805,72.81269236399945],[-119.56208612551696,72.81217055373637],[-119.55855453977782,72.81188078908718],[-119.55830937349742,72.81214383034126],[-119.55742627904186,72.81207246398178],[-119.55718114836597,72.81233107975598],[-119.55806395880512,72.81240690984845],[-119.55782328121028,72.81266551638387],[-119.5569403190822,72.81259422376297]]],[[[-119.5569403190822,72.81259422376297],[-119.55718114836597,72.81233107975598],[-119.55629820529296,72.81225978364051],[-119.55654334595818,72.81200116897557],[-119.55742627904186,72.81207246398178],[-119.55767169707774,72.81180938515962],[-119.55855453977782,72.81188078908718],[-119.55879988854348,72.81162213268733],[-119.55791236465012,72.81155077847254],[-119.55840292519225,72.81102465740415],[-119.55928592695102,72.8111004433108],[-119.55953091352951,72.81083732444402],[-119.56041396625248,72.81090868070453],[-119.5611452424337,72.81012832661574],[-119.56202827380314,72.8101996749909],[-119.56227336537764,72.80993662816128],[-119.56050757339064,72.80979389036514],[-119.5600171530499,72.81031559389098],[-119.55913412937232,72.81024423524566],[-119.55888880427055,72.81050289262542],[-119.55712315753131,72.81036019663212],[-119.55663708552646,72.81088188108998],[-119.55487119218793,72.81073920106626],[-119.55462604854362,72.81099781407927],[-119.55550902407046,72.81107361942233],[-119.55501859435466,72.81159538497468],[-119.55325271145536,72.81144826517951],[-119.55349772606579,72.81118957817877],[-119.55261485757396,72.81111826246998],[-119.55188361284722,72.8118986198725],[-119.55100096457733,72.81182725761566],[-119.55075546168581,72.8120903278375],[-119.55252142309821,72.8122330485926],[-119.55179007389187,72.81301782824517],[-119.55267302199626,72.81308914708643],[-119.55291827315497,72.81282611346981],[-119.55468403323307,72.81297327375707],[-119.5551700606027,72.81245152003572],[-119.5569403190822,72.81259422376297]],[[-119.55702959344568,72.8114749470949],[-119.55727471390192,72.81121633117482],[-119.55639182004668,72.81114503489157],[-119.55614668960213,72.81140364970241],[-119.55702959344568,72.8114749470949]]]]}"
00000000000000000013_00000000000000000013,58967.0,1.4784877435698298,65,-259866996261093,0.3878764651465005,-1.0906112784233293,"{""type"":""MultiPolygon"",""coordinates"":[[[[-119.65727016974078,72.74854369191043],[-119.65639153200831,72.74847233384133],[-119.65614644368027,72.74873545544908],[-119.65702913505235,72.74880676523883],[-119.65727016974078,72.74854369191043]]],[[[-119.65727016974078,72.74854369191043],[-119.65814842306551,72.74861500838384],[-119.65839360899625,72.74835638430825],[-119.65927225433167,72.74842773216533],[-119.65951301474932,72.74816469465515],[-119.65687333262362,72.74795065125635],[-119.65663254180602,72.74821368550613],[-119.65751092896805,72.7482850812963],[-119.65727016974078,72.74854369191043]]],[[[-119.65639153200831,72.74847233384133],[-119.65663254180602,72.74821368550613],[-119.65574951471099,72.74813791196163],[-119.65623560607065,72.74761614257163],[-119.65535273208809,72.7475448668109],[-119.65511192768024,72.74780789929352],[-119.6542334887506,72.74773660558064],[-119.65495581926059,72.74695174397011],[-119.65407741923013,72.74688044896489],[-119.65359129438141,72.74740221339529],[-119.65271297125425,72.74733079698125],[-119.65295364689163,72.74706769149127],[-119.65119228210843,72.74692501283509],[-119.65095158617852,72.7471881161504],[-119.65006861245968,72.74711673702281],[-119.64958721004272,72.74763851591217],[-119.65134846525513,72.74778113440615],[-119.6511075187668,72.74804427638321],[-119.65286898184436,72.74818695462422],[-119.653109667388,72.74792384927385],[-119.6539882599452,72.74799522450638],[-119.65350650926146,72.74852139991324],[-119.65174527843448,72.74837426549172],[-119.65077769000676,72.74942211296039],[-119.64901614389692,72.74927941461593],[-119.64853465512846,72.74980118915093],[-119.64765182119248,72.74972976026297],[-119.64741107199713,72.74998843366895],[-119.64653258549815,72.74991710168128],[-119.64628735224062,72.75018020998156],[-119.64804879110034,72.75032285950986],[-119.6478080082581,72.75058595750411],[-119.64869072881861,72.75065730922988],[-119.64844539012842,72.75091591985695],[-119.65196828277345,72.75120580813635],[-119.65245419080573,72.75067958946241],[-119.6498100243803,72.75046552954676],[-119.6505368314194,72.7496807145895],[-119.65141524473657,72.749752140823],[-119.65166053019556,72.74949352590276],[-119.65253903055996,72.74956483181386],[-119.65181674083505,72.75034964236308],[-119.65269503942696,72.75042098578432],[-119.65317659358435,72.7498992770443],[-119.6540595584896,72.74997056267463],[-119.6545410947661,72.74944442581359],[-119.65366282766678,72.74937309130483],[-119.65390349068424,72.74911440973035],[-119.6530250015876,72.74904311056424],[-119.65326569703835,72.74878000535365],[-119.65414432850564,72.74885137929364],[-119.65438513080792,72.74859277276543],[-119.65526804526183,72.74866405291411],[-119.65550885958051,72.74840102057075],[-119.65639153200831,72.74847233384133]],[[-119.64893150148768,72.75039421014557],[-119.64917226745932,72.75013111065248],[-119.64829400411759,72.75005974898873],[-119.64804879110034,72.75032285950986],[-119.64893150148768,72.75039421014557]]]]}"
