site_no,station_nm,month,year,decade,Latitude,Longitude,sample_dt,num_pix,B1,B2,B3,B4,B6,cluster,SSC_mgL
st_s001,st_s001,5,2008,2005,68.1985002051985,-156.114299984688,2008-05-20,4,719,833,1030,745,280,2,378.454762580177
st_s001,st_s001,6,2008,2005,68.1985002051985,-156.114299984688,2008-06-21,4,661,863,783,588,294,2,74.9888634206055
st_s001,st_s001,6,2009,2005,68.1985002051985,-156.114299984688,2009-06-08,26,641,666,655,731,292,2,91.2310008088515
st_s001,st_s001,8,2009,2005,68.1985002051985,-156.114299984688,2009-08-11,1,548,708,693,675,287,2,102.145976402742
st_s001,st_s001,5,2011,2010,68.1985002051985,-156.114299984688,2011-05-29,7,786,1087,1187,924,288,2,207.098685303937
st_s001,st_s001,6,1986,1990,68.1985002051985,-156.114299984688,1986-06-16,2,721,979,1023,889,297,2,131.383791255724
st_s001,st_s001,8,1995,1995,68.1985002051985,-156.114299984688,1995-08-28,1,297,421,514,466,287,2,441.855791096006
st_s001,st_s001,8,2007,2005,68.1985002051985,-156.114299984688,2007-08-29,4,485,604,534,400,289,2,38.8326921427349
st_s001,st_s001,6,2008,2005,68.1985002051985,-156.114299984688,2008-06-28,3,444,635,525,348,292,2,33.3008372674353
st_s001,st_s001,7,2008,2005,68.1985002051985,-156.114299984688,2008-07-30,9,567,942,1050,953,283,2,224.631181894543
st_s001,st_s001,9,2009,2005,68.1985002051985,-156.114299984688,2009-09-03,4,477,592,467,363,283,2,19.5256299253064
st_s001,st_s001,9,1995,1995,68.1985002051985,-156.114299984688,1995-09-04,1,376,524,553,493,278,2,150.784414607099
st_s001,st_s001,5,2005,2005,68.1985002051985,-156.114299984688,2005-05-10,2,1660,1683,1760,1310,275,2,227.10906260566
st_s001,st_s001,8,2006,2005,68.1985002051985,-156.114299984688,2006-08-01,4,751,969,956,873,290,2,139.663028786363
st_s001,st_s001,8,2007,2005,68.1985002051985,-156.114299984688,2007-08-20,4,357,536,435,308,290,2,34.8789007227277
st_s001,st_s001,5,2011,2010,68.1985002051985,-156.114299984688,2011-05-27,7,792,1140,1230,938,291,2,220.252858389564
st_s001,st_s001,7,2021,2015,68.1985002051985,-156.114299984688,2021-07-12,2,567,680,661,619,290,2,96.4363024822273
st_s001,st_s001,6,2000,2000,68.1985002051985,-156.114299984688,2000-06-23,2,406,566,595,589,293,2,138.019054723851
st_s001,st_s001,8,2000,2000,68.1985002051985,-156.114299984688,2000-08-26,1,451,531,531,465,280,2,81.7136491644089
st_s001,st_s001,6,2001,2000,68.1985002051985,-156.114299984688,2001-06-10,9,898,1142,1303,942,285,2,253.006364601237
st_s001,st_s001,5,2002,2000,68.1985002051985,-156.114299984688,2002-05-28,4,792,920,948,765,279,2,160.13825362412
st_s001,st_s001,7,2002,2000,68.1985002051985,-156.114299984688,2002-07-15,8,282,237,197,234,291,2,44.1859236437679
st_s001,st_s001,7,2002,2000,68.1985002051985,-156.114299984688,2002-07-31,2,575,707,735,988,295,2,155.596208080402
st_s001,st_s001,7,2003,2000,68.1985002051985,-156.114299984688,2003-07-18,1,541,733,796,701,289,2,142.067843154597
st_s001,st_s001,8,2004,2000,68.1985002051985,-156.114299984688,2004-08-21,7,757,960,1096,999,294,2,354.332959322885
st_s001,st_s001,6,2005,2005,68.1985002051985,-156.114299984688,2005-06-05,2,935,1133,1164,850,286,2,171.453335412969
st_s001,st_s001,7,2005,2005,68.1985002051985,-156.114299984688,2005-07-07,3,562,769,752,851,292,2,110.777448302377
st_s001,st_s001,7,2007,2005,68.1985002051985,-156.114299984688,2007-07-13,2,632,805,782,923,295,2,109.423844361814
st_s001,st_s001,8,2007,2005,68.1985002051985,-156.114299984688,2007-08-30,4,548,752,700,579,287,2,78.8231652121958
st_s001,st_s001,8,2008,2005,68.1985002051985,-156.114299984688,2008-08-16,2,576,585,464,518,286,2,71.3966503248808
st_s001,st_s001,9,2009,2005,68.1985002051985,-156.114299984688,2009-09-04,18,510,460,421,388,284,2,86.3753086062656
st_s001,st_s001,6,2010,2010,68.1985002051985,-156.114299984688,2010-06-03,1,683,813,836,622,284,2,166.480425534831
st_s001,st_s001,6,2015,2015,68.1985002051985,-156.114299984688,2015-06-01,7,606,802,847,675,284,2,170.525538035762
st_s001,st_s001,8,2015,2015,68.1985002051985,-156.114299984688,2015-08-04,2,533,681,686,581,291,2,100.50137436412
st_s001,st_s001,5,2016,2015,68.1985002051985,-156.114299984688,2016-05-18,4,744,936,976,983,282,2,190.548558095866
st_s001,st_s001,7,2016,2015,68.1985002051985,-156.114299984688,2016-07-05,1,600,783,747,945,293,2,97.3080761696944
st_s001,st_s001,8,2016,2015,68.1985002051985,-156.114299984688,2016-08-06,1,452,641,638,638,295,2,94.2857183452012
st_s001,st_s001,5,2017,2015,68.1985002051985,-156.114299984688,2017-05-21,34,750,755,745,718,281,2,148.380284193261
st_s001,st_s001,6,2017,2015,68.1985002051985,-156.114299984688,2017-06-06,6,740,944,1004,767,285,2,153.36397347018
st_s001,st_s001,6,2017,2015,68.1985002051985,-156.114299984688,2017-06-22,1,490,614,621,615,295,2,130.46661005637
st_s001,st_s001,8,2018,2015,68.1985002051985,-156.114299984688,2018-08-12,1,389,487,462,650,284,2,92.3882279479022
st_s001,st_s001,6,2019,2015,68.1985002051985,-156.114299984688,2019-06-28,9,570,841,913,830,292,2,227.939769436194
st_s001,st_s001,7,2019,2015,68.1985002051985,-156.114299984688,2019-07-14,5,700,872,860,780,295,2,139.97670866764
st_s001,st_s001,8,2019,2015,68.1985002051985,-156.114299984688,2019-08-31,4,634,801,772,582,283,2,103.008398553252
st_s001,st_s001,5,2020,2015,68.1985002051985,-156.114299984688,2020-05-29,7,635,856,963,696,287,2,231.989380234058
st_s001,st_s001,6,2020,2015,68.1985002051985,-156.114299984688,2020-06-14,6,600,795,776,635,292,2,102.146661945738
st_s001,st_s001,7,2020,2015,68.1985002051985,-156.114299984688,2020-07-16,3,749,1039,1041,814,291,2,123.039180635947
st_s001,st_s001,8,2020,2015,68.1985002051985,-156.114299984688,2020-08-17,1,822,1094,963,968,287,2,78.5920156138933
st_s001,st_s001,6,2021,2015,68.1985002051985,-156.114299984688,2021-06-17,2,752,955,923,839,293,2,122.226718379203
st_s001,st_s001,8,2021,2015,68.1985002051985,-156.114299984688,2021-08-04,7,624,952,921,706,294,2,105.586114159327
st_s001,st_s001,8,2023,2015,68.1985002051985,-156.114299984688,2023-08-12,2,571,660,559,554,286,2,19.3188653382826
st_s001,st_s001,8,2000,2000,68.1985002051985,-156.114299984688,2000-08-01,6,290,323,283,543,284,2,52.2253937130308
st_s001,st_s001,8,2002,2000,68.1985002051985,-156.114299984688,2002-08-23,33,505,571,544,1064,285,2,97.2928284062426
st_s001,st_s001,6,2004,2000,68.1985002051985,-156.114299984688,2004-06-09,5,605,854,916,766,294,2,183.462739725306
st_s001,st_s001,8,2004,2000,68.1985002051985,-156.114299984688,2004-08-28,3,693,889,884,715,285,2,141.901687761432
st_s001,st_s001,5,2006,2005,68.1985002051985,-156.114299984688,2006-05-30,1,647,956,1068,762,289,2,187.429896886448
st_s001,st_s001,7,2007,2005,68.1985002051985,-156.114299984688,2007-07-04,1,630,860,931,903,300,2,162.104007711742
st_s001,st_s001,8,2007,2005,68.1985002051985,-156.114299984688,2007-08-21,6,624,773,616,510,289,2,49.9095395975576
st_s001,st_s001,7,2008,2005,68.1985002051985,-156.114299984688,2008-07-06,1,442,588,594,539,295,2,168.550834553537
st_s001,st_s001,8,2008,2005,68.1985002051985,-156.114299984688,2008-08-23,2,484,686,674,682,288,2,66.4946799469943
st_s001,st_s001,5,2009,2005,68.1985002051985,-156.114299984688,2009-05-22,8,791,969,1128,995,284,2,328.893641963182
st_s001,st_s001,7,2010,2010,68.1985002051985,-156.114299984688,2010-07-12,1,373,540,465,480,287,2,60.2845699830518
st_s001,st_s001,8,2010,2010,68.1985002051985,-156.114299984688,2010-08-29,2,328,449,370,447,287,2,40.0610701753519
st_s001,st_s001,5,2011,2010,68.1985002051985,-156.114299984688,2011-05-28,5,781,998,1240,958,288,2,529.560411623038
st_s001,st_s001,8,2011,2010,68.1985002051985,-156.114299984688,2011-08-16,2,598,736,697,677,288,2,71.2611625763334
st_s001,st_s001,6,2013,2010,68.1985002051985,-156.114299984688,2013-06-18,5,495,657,677,672,301,2,124.124083030322
st_s001,st_s001,8,2013,2010,68.1985002051985,-156.114299984688,2013-08-21,3,468,605,575,696,287,2,66.8866099488352
st_s001,st_s001,6,2014,2010,68.1985002051985,-156.114299984688,2014-06-21,6,642,971,998,715,294,2,126.209042531656
st_s001,st_s001,7,2014,2010,68.1985002051985,-156.114299984688,2014-07-07,1,616,843,856,868,295,2,148.022276261878
st_s001,st_s001,8,2014,2010,68.1985002051985,-156.114299984688,2014-08-24,1,609,763,822,728,291,2,181.894429118123
st_s001,st_s001,7,2015,2015,68.1985002051985,-156.114299984688,2015-07-10,4,581,796,778,734,293,2,75.4061821702918
st_s001,st_s001,8,2016,2015,68.1985002051985,-156.114299984688,2016-08-13,1,441,568,592,532,289,2,155.128307140869
st_s001,st_s001,5,2017,2015,68.1985002051985,-156.114299984688,2017-05-12,1,1337,1505,1608,1293,280,2,245.809252154457
st_s001,st_s001,7,2017,2015,68.1985002051985,-156.114299984688,2017-07-15,4,564,743,661,1061,299,2,70.0572263719988
st_s001,st_s001,5,2019,2015,68.1985002051985,-156.114299984688,2019-05-18,74,813,749,724,725,283,2,110.431324915582
st_s001,st_s001,6,2019,2015,68.1985002051985,-156.114299984688,2019-06-03,9,597,854,911,678,290,2,149.498293426621
st_s001,st_s001,5,2020,2015,68.1985002051985,-156.114299984688,2020-05-20,8,909,961,1040,847,283,2,263.363069681337
st_s001,st_s001,6,2020,2015,68.1985002051985,-156.114299984688,2020-06-21,2,503,692,687,641,296,2,112.90082625485
st_s001,st_s001,6,2022,2015,68.1985002051985,-156.114299984688,2022-06-07,7,573,827,824,569,282,2,88.7729667132627
st_s001,st_s001,7,2022,2015,68.1985002051985,-156.114299984688,2022-07-11,3,611,804,779,706,293,2,125.559250556539
st_s001,st_s001,5,2023,2015,68.1985002051985,-156.114299984688,2023-05-21,5,1074,1224,1356,1035,282,2,286.409966212627
st_s001,st_s001,7,2023,2015,68.1985002051985,-156.114299984688,2023-07-26,30,437,538,511,719,294,2,118.02358730663
st_s001,st_s001,8,2001,2000,68.1985002051985,-156.114299984688,2001-08-27,3,340,367,358,313,284,2,131.572137101066
st_s001,st_s001,5,2002,2000,68.1985002051985,-156.114299984688,2002-05-26,7,701,958,1122,826,282,2,253.796725827702
st_s001,st_s001,7,2002,2000,68.1985002051985,-156.114299984688,2002-07-29,2,372,560,498,591,294,2,47.6458224806648
st_s001,st_s001,8,2002,2000,68.1985002051985,-156.114299984688,2002-08-30,1,708,891,850,770,286,2,76.2321960684835
st_s001,st_s001,5,2004,2000,68.1985002051985,-156.114299984688,2004-05-31,8,693,1001,1151,869,289,2,266.004893951254
st_s001,st_s001,8,2004,2000,68.1985002051985,-156.114299984688,2004-08-03,11,702,1060,1233,1105,290,2,323.275457459408
st_s001,st_s001,8,2004,2000,68.1985002051985,-156.114299984688,2004-08-19,7,708,1001,1043,864,294,2,174.626696119028
st_s001,st_s001,7,2005,2005,68.1985002051985,-156.114299984688,2005-07-21,1,540,789,743,709,293,2,62.6013490365254
st_s001,st_s001,7,2006,2005,68.1985002051985,-156.114299984688,2006-07-24,3,697,994,1005,961,292,2,136.274815099048
st_s001,st_s001,8,2006,2005,68.1985002051985,-156.114299984688,2006-08-25,1,642,827,798,784,284,2,139.82633170151
st_s001,st_s001,8,2007,2005,68.1985002051985,-156.114299984688,2007-08-28,16,356,314,297,328,288,2,91.2940915166766
st_s001,st_s001,6,2008,2005,68.1985002051985,-156.114299984688,2008-06-27,4,483,719,650,572,293,2,71.8847600919181
st_s001,st_s001,6,2012,2010,68.1985002051985,-156.114299984688,2012-06-06,3,667,899,1158,946,289,2,491.286378390715
st_s001,st_s001,7,2013,2010,68.1985002051985,-156.114299984688,2013-07-11,1,487,691,752,830,295,2,311.19923151297
st_s001,st_s001,5,2015,2015,68.1985002051985,-156.114299984688,2015-05-30,8,642,945,1076,914,286,2,237.514513242468
st_s001,st_s001,9,2015,2015,68.1985002051985,-156.114299984688,2015-09-03,8,647,659,646,664,284,2,110.125263809568
st_s001,st_s001,5,2016,2015,68.1985002051985,-156.114299984688,2016-05-16,7,731,891,961,755,280,2,200.829421647725
st_s001,st_s001,6,2016,2015,68.1985002051985,-156.114299984688,2016-06-17,5,669,893,906,800,296,2,163.666894058797
st_s001,st_s001,6,2017,2015,68.1985002051985,-156.114299984688,2017-06-04,8,639,869,970,715,289,2,215.114784595578
st_s001,st_s001,6,2017,2015,68.1985002051985,-156.114299984688,2017-06-20,22,327,349,281,355,288,2,28.3547518347983
st_s001,st_s001,6,2018,2015,68.1985002051985,-156.114299984688,2018-06-07,7,767,1011,1160,940,284,2,266.431544121767
st_s001,st_s001,6,2019,2015,68.1985002051985,-156.114299984688,2019-06-26,2,470,707,700,630,296,2,110.425901690635
st_s001,st_s001,7,2019,2015,68.1985002051985,-156.114299984688,2019-07-12,8,616,861,775,737,296,2,70.2052147598814
st_s001,st_s001,7,2020,2015,68.1985002051985,-156.114299984688,2020-07-14,8,323,381,377,359,288,2,106.116674602044
st_s001,st_s001,8,2020,2015,68.1985002051985,-156.114299984688,2020-08-15,7,734,960,884,780,291,2,63.4576823011204
st_s001,st_s001,8,2020,2015,68.1985002051985,-156.114299984688,2020-08-31,10,564,594,519,426,280,2,55.5075566012113
st_s001,st_s001,5,2021,2015,68.1985002051985,-156.114299984688,2021-05-30,5,975,1198,1287,1150,283,2,238.040494965066
st_s001,st_s001,6,2017,2015,68.1985002051985,-156.114299984688,2017-06-14,2,147,403,386,670,281,2,45.3585689645845
st_s001,st_s001,6,2019,2015,68.1985002051985,-156.114299984688,2019-06-04,3,402,665,597,255,294,2,41.8123041344622
st_s001,st_s001,6,2020,2015,68.1985002051985,-156.114299984688,2020-06-06,2,413,814,933,362,290,2,124.491115938906
st_s001,st_s001,5,2015,2015,68.1985002051985,-156.114299984688,2015-05-31,1,463,814,906,403,285,2,151.105413868355
st_s001,st_s001,5,2016,2015,68.1985002051985,-156.114299984688,2016-05-17,3,215,470,463,458,277,2,49.7710791474751
st_s001,st_s001,8,2016,2015,68.1985002051985,-156.114299984688,2016-08-05,1,282,418,410,346,294,2,49.9352616682285
st_s001,st_s001,8,2018,2015,68.1985002051985,-156.114299984688,2018-08-11,1,232,393,355,347,290,2,37.9865873896853
st_s001,st_s001,8,2019,2015,68.1985002051985,-156.114299984688,2019-08-30,2,381,708,694,204,283,2,68.764262771147
st_s001,st_s001,6,2013,2010,68.1985002051985,-156.114299984688,2013-06-17,3,424,739,721,492,299,2,59.2878456970323
st_s001,st_s001,5,2015,2015,68.1985002051985,-156.114299984688,2015-05-22,2,653,1112,1262,718,284,2,191.499094729907
st_s001,st_s001,7,2015,2015,68.1985002051985,-156.114299984688,2015-07-25,3,317,523,509,474,295,2,59.4890645552475
st_s001,st_s001,7,2016,2015,68.1985002051985,-156.114299984688,2016-07-11,14,147,239,205,175,292,2,28.5592684188392
st_s001,st_s001,6,2017,2015,68.1985002051985,-156.114299984688,2017-06-12,6,355,664,642,325,290,2,60.8800125983665
st_s001,st_s001,6,2019,2015,68.1985002051985,-156.114299984688,2019-06-02,6,479,807,870,570,293,2,131.98025774695
st_s001,st_s001,6,2019,2015,68.1985002051985,-156.114299984688,2019-06-18,3,402,714,735,508,296,2,80.105277297428
st_s001,st_s001,6,2020,2015,68.1985002051985,-156.114299984688,2020-06-20,9,357,648,576,433,293,2,32.3197545367548
st_s001,st_s001,7,2020,2015,68.1985002051985,-156.114299984688,2020-07-22,4,581,938,818,798,292,2,76.813383154262
st_s001,st_s001,6,2024,2015,68.1985002051985,-156.114299984688,2024-06-16,2,538,796,766,395,298,2,71.627612239145
st_s001,st_s001,6,2024,2015,68.1985002051985,-156.114299984688,2024-06-23,2,413,552,567,506,301,2,92.9776186460816
st_s001_ref,st_s001_ref,9,1995,1995,68.1874202051876,-156.065769984692,1995-09-06,8,405,416,467,376,275,3,49.0284181528391
st_s001_ref,st_s001_ref,9,2006,2005,68.1874202051876,-156.065769984692,2006-09-04,7,416,525,576,356,286,3,56.5387999376736
st_s001_ref,st_s001_ref,5,2008,2005,68.1874202051876,-156.065769984692,2008-05-20,13,936,1114,1262,1021,279,3,144.15012933387
st_s001_ref,st_s001_ref,6,2008,2005,68.1874202051876,-156.065769984692,2008-06-21,12,645,854,776,535,294,3,30.3584707915178
st_s001_ref,st_s001_ref,8,2008,2005,68.1874202051876,-156.065769984692,2008-08-08,6,495,660,536,1082,287,3,31.6404634297645
st_s001_ref,st_s001_ref,6,2009,2005,68.1874202051876,-156.065769984692,2009-06-08,11,766,973,1021,774,293,3,72.2447656101903
st_s001_ref,st_s001_ref,8,2009,2005,68.1874202051876,-156.065769984692,2009-08-11,1,391,507,486,424,286,3,53.3811585547662
st_s001_ref,st_s001_ref,5,2011,2010,68.1874202051876,-156.065769984692,2011-05-29,16,695,995,1076,795,288,3,83.1238282089572
st_s001_ref,st_s001_ref,6,1986,1990,68.1874202051876,-156.065769984692,1986-06-16,5,809,1140,1058,801,293,3,55.1725028242885
st_s001_ref,st_s001_ref,7,1986,1990,68.1874202051876,-156.065769984692,1986-07-02,5,543,684,578,535,290,3,20.6666535621755
st_s001_ref,st_s001_ref,8,1995,1995,68.1874202051876,-156.065769984692,1995-08-28,3,232,360,365,227,286,3,30.2526207130172
st_s001_ref,st_s001_ref,7,2005,2005,68.1874202051876,-156.065769984692,2005-07-22,18,551,786,607,650,295,3,18.3837700368325
st_s001_ref,st_s001_ref,8,2006,2005,68.1874202051876,-156.065769984692,2006-08-26,6,365,576,463,435,281,3,19.7403821138796
st_s001_ref,st_s001_ref,8,2007,2005,68.1874202051876,-156.065769984692,2007-08-29,5,421,666,583,459,291,3,25.6228783804917
st_s001_ref,st_s001_ref,6,2008,2005,68.1874202051876,-156.065769984692,2008-06-28,7,469,636,527,435,291,3,19.6336774941834
st_s001_ref,st_s001_ref,7,2008,2005,68.1874202051876,-156.065769984692,2008-07-30,25,543,992,1089,1230,284,3,144.392425700245
st_s001_ref,st_s001_ref,7,2009,2005,68.1874202051876,-156.065769984692,2009-07-17,7,776,1002,940,1001,291,3,53.0146324913627
st_s001_ref,st_s001_ref,8,2009,2005,68.1874202051876,-156.065769984692,2009-08-18,1,1640,1614,1292,972,274,3,20.2096300003619
st_s001_ref,st_s001_ref,9,2009,2005,68.1874202051876,-156.065769984692,2009-09-03,8,409,592,521,426,285,3,23.6286818208263
st_s001_ref,st_s001_ref,8,1986,1990,68.1874202051876,-156.065769984692,1986-08-26,6,299,376,323,331,279,3,26.2503774863741
st_s001_ref,st_s001_ref,9,1995,1995,68.1874202051876,-156.065769984692,1995-09-04,4,331,454,498,365,277,3,47.9335400984206
st_s001_ref,st_s001_ref,8,2006,2005,68.1874202051876,-156.065769984692,2006-08-01,16,613,858,738,671,289,3,27.8811118811597
st_s001_ref,st_s001_ref,9,2006,2005,68.1874202051876,-156.065769984692,2006-09-02,4,358,572,559,529,285,3,70.1058668570267
st_s001_ref,st_s001_ref,8,2007,2005,68.1874202051876,-156.065769984692,2007-08-20,4,383,592,526,468,290,3,36.0356586850646
st_s001_ref,st_s001_ref,8,2008,2005,68.1874202051876,-156.065769984692,2008-08-22,4,400,553,541,479,288,3,54.7622139519066
st_s001_ref,st_s001_ref,5,2009,2005,68.1874202051876,-156.065769984692,2009-05-05,3,1657,1710,1864,1410,271,3,109.09331895081
st_s001_ref,st_s001_ref,5,2009,2005,68.1874202051876,-156.065769984692,2009-05-21,13,949,1117,1218,943,286,3,114.53406903626
st_s001_ref,st_s001_ref,8,2010,2010,68.1874202051876,-156.065769984692,2010-08-28,97,235,286,229,393,283,3,24.7903321316957
st_s001_ref,st_s001_ref,5,2011,2010,68.1874202051876,-156.065769984692,2011-05-27,20,649,998,1117,894,294,3,96.0805178943912
st_s001_ref,st_s001_ref,5,2021,2015,68.1874202051876,-156.065769984692,2021-05-25,15,1017,1156,1188,1079,280,3,82.7817928718023
st_s001_ref,st_s001_ref,7,2021,2015,68.1874202051876,-156.065769984692,2021-07-12,1,424,602,496,1074,291,3,28.6655772814525
st_s001_ref,st_s001_ref,8,2022,2015,68.1874202051876,-156.065769984692,2022-08-04,1,361,510,440,1099,293,3,101.210740385942
st_s001_ref,st_s001_ref,6,2000,2000,68.1874202051876,-156.065769984692,2000-06-07,14,1002,1216,1352,1053,281,3,112.908649065121
st_s001_ref,st_s001_ref,6,2000,2000,68.1874202051876,-156.065769984692,2000-06-23,14,359,517,447,454,292,3,28.6023753990942
st_s001_ref,st_s001_ref,7,2000,2000,68.1874202051876,-156.065769984692,2000-07-09,5,590,696,617,1076,288,3,41.1245765083626
st_s001_ref,st_s001_ref,8,2000,2000,68.1874202051876,-156.065769984692,2000-08-26,4,420,498,358,425,278,3,16.1208040101409
st_s001_ref,st_s001_ref,6,2001,2000,68.1874202051876,-156.065769984692,2001-06-10,16,843,1137,1301,896,286,3,133.092050198088
st_s001_ref,st_s001_ref,5,2002,2000,68.1874202051876,-156.065769984692,2002-05-28,16,574,725,752,542,280,3,58.8918347077538
st_s001_ref,st_s001_ref,7,2002,2000,68.1874202051876,-156.065769984692,2002-07-15,5,146,165,132,239,288,3,18.7394701957585
st_s001_ref,st_s001_ref,7,2002,2000,68.1874202051876,-156.065769984692,2002-07-31,6,470,577,495,836,293,3,25.9112249524629
st_s001_ref,st_s001_ref,7,2003,2000,68.1874202051876,-156.065769984692,2003-07-18,2,311,432,338,432,287,3,23.9305237293193
st_s001_ref,st_s001_ref,7,2004,2000,68.1874202051876,-156.065769984692,2004-07-20,15,627,855,799,988,289,3,56.445828783154
st_s001_ref,st_s001_ref,8,2004,2000,68.1874202051876,-156.065769984692,2004-08-21,14,678,1009,1013,726,293,3,59.2690233638721
st_s001_ref,st_s001_ref,6,2005,2005,68.1874202051876,-156.065769984692,2005-06-05,16,740,925,930,575,285,3,56.4738048374791
st_s001_ref,st_s001_ref,6,2005,2005,68.1874202051876,-156.065769984692,2005-06-21,6,645,780,722,1147,291,3,41.2207718187698
st_s001_ref,st_s001_ref,7,2005,2005,68.1874202051876,-156.065769984692,2005-07-07,15,521,693,555,716,289,3,27.6804905322192
st_s001_ref,st_s001_ref,8,2006,2005,68.1874202051876,-156.065769984692,2006-08-27,2,355,459,470,472,283,3,90.9151436834934
st_s001_ref,st_s001_ref,6,2007,2005,68.1874202051876,-156.065769984692,2007-06-11,10,455,574,494,584,292,3,31.9985534207205
st_s001_ref,st_s001_ref,8,2007,2005,68.1874202051876,-156.065769984692,2007-08-30,3,486,584,552,496,286,3,29.9114768849549
st_s001_ref,st_s001_ref,6,2008,2005,68.1874202051876,-156.065769984692,2008-06-13,1,527,815,925,929,295,3,134.295767628849
st_s001_ref,st_s001_ref,6,2008,2005,68.1874202051876,-156.065769984692,2008-06-29,2,369,498,416,454,292,3,28.6638476822205
st_s001_ref,st_s001_ref,8,2008,2005,68.1874202051876,-156.065769984692,2008-08-16,1,489,493,462,461,286,3,30.3518073565225
st_s001_ref,st_s001_ref,9,2008,2005,68.1874202051876,-156.065769984692,2008-09-01,1,689,750,784,1008,279,3,60.1457877471883
st_s001_ref,st_s001_ref,5,2009,2005,68.1874202051876,-156.065769984692,2009-05-31,2,582,529,464,434,281,3,19.8836335543534
st_s001_ref,st_s001_ref,7,2009,2005,68.1874202051876,-156.065769984692,2009-07-02,3,698,866,713,1191,294,3,40.4690227776513
st_s001_ref,st_s001_ref,9,2009,2005,68.1874202051876,-156.065769984692,2009-09-04,1,616,630,570,569,285,3,42.745704664845
st_s001_ref,st_s001_ref,6,2010,2010,68.1874202051876,-156.065769984692,2010-06-03,9,721,834,857,777,284,3,58.8290279779158
st_s001_ref,st_s001_ref,7,2011,2010,68.1874202051876,-156.065769984692,2011-07-24,1,456,616,601,1012,289,3,78.3091503264759
st_s001_ref,st_s001_ref,6,2013,2010,68.1874202051876,-156.065769984692,2013-06-11,9,467,588,531,625,287,3,27.5548458234597
st_s001_ref,st_s001_ref,7,2013,2010,68.1874202051876,-156.065769984692,2013-07-13,4,379,507,422,745,297,3,37.6712184370412
st_s001_ref,st_s001_ref,6,2014,2010,68.1874202051876,-156.065769984692,2014-06-14,13,661,859,942,789,282,3,97.6044928626042
st_s001_ref,st_s001_ref,6,2015,2015,68.1874202051876,-156.065769984692,2015-06-01,5,561,759,778,718,282,3,72.4753310406397
st_s001_ref,st_s001_ref,6,2015,2015,68.1874202051876,-156.065769984692,2015-06-17,8,622,775,703,887,291,3,34.6408053848106
st_s001_ref,st_s001_ref,8,2015,2015,68.1874202051876,-156.065769984692,2015-08-04,1,304,527,421,360,286,3,39.4747371371182
st_s001_ref,st_s001_ref,9,2015,2015,68.1874202051876,-156.065769984692,2015-09-05,3,477,518,426,425,283,3,16.3907658836863
st_s001_ref,st_s001_ref,5,2016,2015,68.1874202051876,-156.065769984692,2016-05-18,1,851,935,1011,934,280,3,125.469745847283
st_s001_ref,st_s001_ref,7,2016,2015,68.1874202051876,-156.065769984692,2016-07-05,6,408,466,417,761,289,3,31.6499124097403
st_s001_ref,st_s001_ref,6,2017,2015,68.1874202051876,-156.065769984692,2017-06-06,8,600,866,937,766,285,3,87.4241113438994
st_s001_ref,st_s001_ref,7,2017,2015,68.1874202051876,-156.065769984692,2017-07-08,4,399,508,446,783,298,3,31.6631429536088
st_s001_ref,st_s001_ref,8,2018,2015,68.1874202051876,-156.065769984692,2018-08-12,1,398,450,429,490,283,3,62.1867819839147
st_s001_ref,st_s001_ref,6,2019,2015,68.1874202051876,-156.065769984692,2019-06-28,5,528,817,803,1254,292,3,66.9629485399917
st_s001_ref,st_s001_ref,7,2019,2015,68.1874202051876,-156.065769984692,2019-07-14,26,410,441,332,673,290,3,15.37910069619
st_s001_ref,st_s001_ref,8,2019,2015,68.1874202051876,-156.065769984692,2019-08-31,11,479,692,631,539,284,3,30.7942812423971
st_s001_ref,st_s001_ref,5,2020,2015,68.1874202051876,-156.065769984692,2020-05-13,4,1425,1470,1655,1392,274,3,132.711503564573
st_s001_ref,st_s001_ref,5,2020,2015,68.1874202051876,-156.065769984692,2020-05-29,16,524,777,894,740,287,3,100.067297040328
st_s001_ref,st_s001_ref,6,2020,2015,68.1874202051876,-156.065769984692,2020-06-14,8,458,607,544,634,291,3,39.0332742260133
st_s001_ref,st_s001_ref,7,2020,2015,68.1874202051876,-156.065769984692,2020-07-16,1,409,562,411,1194,293,3,37.6400855200774
st_s001_ref,st_s001_ref,8,2020,2015,68.1874202051876,-156.065769984692,2020-08-17,8,661,758,752,1154,289,3,56.1923549512811
st_s001_ref,st_s001_ref,6,2021,2015,68.1874202051876,-156.065769984692,2021-06-17,5,579,768,656,559,293,3,27.0106791612051
st_s001_ref,st_s001_ref,8,2021,2015,68.1874202051876,-156.065769984692,2021-08-04,3,316,443,311,383,293,3,14.3429141651825
st_s001_ref,st_s001_ref,6,2022,2015,68.1874202051876,-156.065769984692,2022-06-02,19,856,848,861,860,278,3,61.7773758398415
st_s001_ref,st_s001_ref,8,2023,2015,68.1874202051876,-156.065769984692,2023-08-12,4,447,559,422,1067,286,3,31.8518904513565
st_s001_ref,st_s001_ref,8,1999,1995,68.1874202051876,-156.065769984692,1999-08-31,2,305,426,437,410,284,3,68.1693644857491
st_s001_ref,st_s001_ref,6,2000,2000,68.1874202051876,-156.065769984692,2000-06-30,11,306,431,367,495,292,3,23.7227494537867
st_s001_ref,st_s001_ref,8,2000,2000,68.1874202051876,-156.065769984692,2000-08-01,3,376,520,387,1048,286,3,19.0979260813516
st_s001_ref,st_s001_ref,8,2002,2000,68.1874202051876,-156.065769984692,2002-08-23,19,713,959,972,909,284,3,79.1077762402728
st_s001_ref,st_s001_ref,6,2004,2000,68.1874202051876,-156.065769984692,2004-06-09,5,476,759,726,676,292,3,44.0250537595576
st_s001_ref,st_s001_ref,8,2004,2000,68.1874202051876,-156.065769984692,2004-08-28,12,656,919,823,673,284,3,47.6817070121424
st_s001_ref,st_s001_ref,6,2005,2005,68.1874202051876,-156.065769984692,2005-06-28,4,493,686,589,1057,298,3,34.2699877639661
st_s001_ref,st_s001_ref,7,2005,2005,68.1874202051876,-156.065769984692,2005-07-30,12,549,780,646,1040,291,3,31.3592937953781
st_s001_ref,st_s001_ref,8,2005,2005,68.1874202051876,-156.065769984692,2005-08-15,11,628,882,751,1150,296,3,36.6885865768405
st_s001_ref,st_s001_ref,8,2005,2005,68.1874202051876,-156.065769984692,2005-08-31,7,553,728,737,689,276,3,69.2593014932142
st_s001_ref,st_s001_ref,5,2006,2005,68.1874202051876,-156.065769984692,2006-05-30,16,602,859,938,673,285,3,95.5754433323494
st_s001_ref,st_s001_ref,7,2007,2005,68.1874202051876,-156.065769984692,2007-07-04,14,402,587,466,856,296,3,26.2885472547447
st_s001_ref,st_s001_ref,8,2007,2005,68.1874202051876,-156.065769984692,2007-08-21,1,456,473,378,384,287,3,16.8409258667574
st_s001_ref,st_s001_ref,5,2008,2005,68.1874202051876,-156.065769984692,2008-05-19,16,1231,1217,1338,1240,279,3,121.060890394207
st_s001_ref,st_s001_ref,7,2008,2005,68.1874202051876,-156.065769984692,2008-07-06,9,352,490,398,771,294,3,29.5338594857565
st_s001_ref,st_s001_ref,8,2008,2005,68.1874202051876,-156.065769984692,2008-08-23,1,426,499,480,491,286,3,53.751831800265
st_s001_ref,st_s001_ref,5,2009,2005,68.1874202051876,-156.065769984692,2009-05-22,12,764,941,1056,897,283,3,114.94019187805
st_s001_ref,st_s001_ref,6,2010,2010,68.1874202051876,-156.065769984692,2010-06-26,2,346,481,472,538,289,3,82.3745966618749
st_s001_ref,st_s001_ref,7,2010,2010,68.1874202051876,-156.065769984692,2010-07-12,1,409,471,427,485,287,3,36.0576585900952
st_s001_ref,st_s001_ref,8,2010,2010,68.1874202051876,-156.065769984692,2010-08-29,1,355,514,517,406,286,3,68.7693552330939
st_s001_ref,st_s001_ref,5,2011,2010,68.1874202051876,-156.065769984692,2011-05-28,14,693,949,1089,867,289,3,123.638119708437
st_s001_ref,st_s001_ref,8,2011,2010,68.1874202051876,-156.065769984692,2011-08-16,2,444,565,414,462,284,3,16.5907454779052
st_s001_ref,st_s001_ref,5,2012,2010,68.1874202051876,-156.065769984692,2012-05-30,1,436,459,483,428,279,3,64.6364155193746
st_s001_ref,st_s001_ref,6,2013,2010,68.1874202051876,-156.065769984692,2013-06-18,4,402,537,486,537,299,3,25.8162839924038
st_s001_ref,st_s001_ref,6,2014,2010,68.1874202051876,-156.065769984692,2014-06-21,4,535,853,881,914,295,3,81.3812290807891
st_s001_ref,st_s001_ref,6,2015,2015,68.1874202051876,-156.065769984692,2015-06-24,1,453,650,500,1126,296,3,27.4953854467408
st_s001_ref,st_s001_ref,7,2015,2015,68.1874202051876,-156.065769984692,2015-07-10,7,516,724,626,1061,291,3,38.7407347680219
st_s001_ref,st_s001_ref,7,2015,2015,68.1874202051876,-156.065769984692,2015-07-26,4,602,750,693,1075,286,3,52.8956286009245
st_s001_ref,st_s001_ref,7,2016,2015,68.1874202051876,-156.065769984692,2016-07-12,1,414,600,477,1127,295,3,35.2333337111909
st_s001_ref,st_s001_ref,8,2016,2015,68.1874202051876,-156.065769984692,2016-08-13,4,409,506,410,458,288,3,27.7496623282434
st_s001_ref,st_s001_ref,8,2016,2015,68.1874202051876,-156.065769984692,2016-08-29,3,400,489,417,357,282,3,17.7827703846967
st_s001_ref,st_s001_ref,6,2017,2015,68.1874202051876,-156.065769984692,2017-06-29,12,250,292,229,369,292,3,23.7446120425731
st_s001_ref,st_s001_ref,7,2017,2015,68.1874202051876,-156.065769984692,2017-07-15,20,477,587,471,1062,297,3,24.9840344315289
st_s001_ref,st_s001_ref,6,2018,2015,68.1874202051876,-156.065769984692,2018-06-16,2,633,697,733,1017,284,3,74.6973774213242
st_s001_ref,st_s001_ref,6,2019,2015,68.1874202051876,-156.065769984692,2019-06-03,12,531,757,761,543,288,3,53.136308920928
st_s001_ref,st_s001_ref,6,2021,2015,68.1874202051876,-156.065769984692,2021-06-24,5,682,831,753,1229,286,3,42.1537453000879
st_s001_ref,st_s001_ref,6,2022,2015,68.1874202051876,-156.065769984692,2022-06-07,10,504,675,689,522,281,3,57.2099338086343
st_s001_ref,st_s001_ref,7,2022,2015,68.1874202051876,-156.065769984692,2022-07-11,14,312,300,205,432,289,3,7.32218538020046
st_s001_ref,st_s001_ref,6,2001,2000,68.1874202051876,-156.065769984692,2001-06-24,17,541,697,567,636,295,3,23.5784607771914
st_s001_ref,st_s001_ref,5,2002,2000,68.1874202051876,-156.065769984692,2002-05-26,22,562,810,989,735,284,3,161.721450168961
st_s001_ref,st_s001_ref,6,2002,2000,68.1874202051876,-156.065769984692,2002-06-11,5,575,662,632,599,283,3,32.9739837006852
st_s001_ref,st_s001_ref,7,2002,2000,68.1874202051876,-156.065769984692,2002-07-29,1,299,403,356,397,292,3,39.9708668183385
st_s001_ref,st_s001_ref,8,2002,2000,68.1874202051876,-156.065769984692,2002-08-30,4,788,962,937,986,281,3,56.1644763063868
st_s001_ref,st_s001_ref,5,2004,2000,68.1874202051876,-156.065769984692,2004-05-31,10,599,901,1085,777,289,3,149.890191652253
st_s001_ref,st_s001_ref,8,2004,2000,68.1874202051876,-156.065769984692,2004-08-03,21,580,953,1065,1206,289,3,174.823290760207
st_s001_ref,st_s001_ref,8,2004,2000,68.1874202051876,-156.065769984692,2004-08-19,2,659,944,991,561,293,3,62.9628680574524
st_s001_ref,st_s001_ref,7,2005,2005,68.1874202051876,-156.065769984692,2005-07-21,6,509,715,575,1084,293,3,32.8616588208831
st_s001_ref,st_s001_ref,8,2006,2005,68.1874202051876,-156.065769984692,2006-08-25,2,380,540,414,489,282,3,28.7160850225223
st_s001_ref,st_s001_ref,7,2007,2005,68.1874202051876,-156.065769984692,2007-07-11,4,388,624,528,1076,291,3,50.3895097514551
st_s001_ref,st_s001_ref,6,2008,2005,68.1874202051876,-156.065769984692,2008-06-27,1,540,713,578,429,290,3,19.1975493352614
st_s001_ref,st_s001_ref,8,2008,2005,68.1874202051876,-156.065769984692,2008-08-30,6,769,910,920,1204,286,3,107.706963348896
st_s001_ref,st_s001_ref,7,2010,2010,68.1874202051876,-156.065769984692,2010-07-03,1,363,533,478,1044,295,3,62.6845024549252
st_s001_ref,st_s001_ref,6,2012,2010,68.1874202051876,-156.065769984692,2012-06-06,6,596,860,996,811,289,3,112.104800785376
st_s001_ref,st_s001_ref,7,2012,2010,68.1874202051876,-156.065769984692,2012-07-08,3,768,937,813,1203,286,3,34.5060473024012
st_s001_ref,st_s001_ref,6,2013,2010,68.1874202051876,-156.065769984692,2013-06-25,15,539,800,694,842,290,3,39.0997430963016
st_s001_ref,st_s001_ref,5,2015,2015,68.1874202051876,-156.065769984692,2015-05-30,19,575,872,1043,958,286,3,170.011258831883
st_s001_ref,st_s001_ref,5,2016,2015,68.1874202051876,-156.065769984692,2016-05-16,8,1170,1344,1538,1315,279,3,161.971612786826
st_s001_ref,st_s001_ref,6,2016,2015,68.1874202051876,-156.065769984692,2016-06-17,8,568,781,773,660,294,3,57.2705915581119
st_s001_ref,st_s001_ref,7,2016,2015,68.1874202051876,-156.065769984692,2016-07-03,2,421,524,472,678,299,3,33.6009833773318
st_s001_ref,st_s001_ref,8,2016,2015,68.1874202051876,-156.065769984692,2016-08-04,2,256,429,301,407,285,3,20.5209542249535
st_s001_ref,st_s001_ref,6,2017,2015,68.1874202051876,-156.065769984692,2017-06-04,10,540,760,872,626,287,3,103.503112839656
st_s001_ref,st_s001_ref,6,2018,2015,68.1874202051876,-156.065769984692,2018-06-07,2,662,1007,1126,1117,283,3,132.210434558849
st_s001_ref,st_s001_ref,7,2018,2015,68.1874202051876,-156.065769984692,2018-07-25,6,468,747,564,1102,295,3,23.8854150952469
st_s001_ref,st_s001_ref,8,2018,2015,68.1874202051876,-156.065769984692,2018-08-10,1,360,472,379,487,285,3,33.3648207456625
st_s001_ref,st_s001_ref,5,2019,2015,68.1874202051876,-156.065769984692,2019-05-25,21,531,789,935,788,288,3,144.327617038768
st_s001_ref,st_s001_ref,6,2019,2015,68.1874202051876,-156.065769984692,2019-06-26,8,360,495,426,764,296,3,30.9152103292704
st_s001_ref,st_s001_ref,7,2019,2015,68.1874202051876,-156.065769984692,2019-07-12,5,413,559,471,833,297,3,25.965704177377
st_s001_ref,st_s001_ref,8,2020,2015,68.1874202051876,-156.065769984692,2020-08-15,1,622,604,565,447,290,3,27.3741366553266
st_s001_ref,st_s001_ref,5,2021,2015,68.1874202051876,-156.065769984692,2021-05-30,2,512,707,738,601,285,3,70.8044394243375
st_s001_ref,st_s001_ref,6,2022,2015,68.1874202051876,-156.065769984692,2022-06-12,1,579,762,677,656,285,3,37.3244412917356
st_s001_ref,st_s001_ref,6,2023,2015,68.1874202051876,-156.065769984692,2023-06-17,3,658,808,822,1035,287,3,87.7071163962552
st_s001_ref,st_s001_ref,8,2023,2015,68.1874202051876,-156.065769984692,2023-08-05,3,430,584,503,1017,292,3,48.3974658776453
st_s001_ref,st_s001_ref,6,2013,2010,68.1874202051876,-156.065769984692,2013-06-19,9,347,520,386,267,303,3,14.355995223474
st_s001_ref,st_s001_ref,7,2014,2010,68.1874202051876,-156.065769984692,2014-07-08,2,333,513,395,32,296,3,18.6682090558672
st_s001_ref,st_s001_ref,6,2016,2015,68.1874202051876,-156.065769984692,2016-06-27,2,436,729,628,787,292,3,38.1590193365309
st_s001_ref,st_s001_ref,8,2016,2015,68.1874202051876,-156.065769984692,2016-08-30,7,233,366,238,92,291,3,12.6027166070482
st_s001_ref,st_s001_ref,6,2018,2015,68.1874202051876,-156.065769984692,2018-06-01,2,510,459,400,598,290,3,17.1406744073941
st_s001_ref,st_s001_ref,6,2019,2015,68.1874202051876,-156.065769984692,2019-06-04,5,424,667,610,404,293,3,35.9113880879657
st_s001_ref,st_s001_ref,6,2020,2015,68.1874202051876,-156.065769984692,2020-06-06,2,476,824,886,391,291,3,64.7555674916226
st_s001_ref,st_s001_ref,7,2023,2015,68.1874202051876,-156.065769984692,2023-07-01,3,405,680,558,166,295,3,21.93504808914
st_s001_ref,st_s001_ref,6,2024,2015,68.1874202051876,-156.065769984692,2024-06-17,2,407,615,479,367,297,3,20.1644682786627
st_s001_ref,st_s001_ref,6,2013,2010,68.1874202051876,-156.065769984692,2013-06-26,3,423,770,616,963,299,3,35.7505030466936
st_s001_ref,st_s001_ref,7,2013,2010,68.1874202051876,-156.065769984692,2013-07-12,9,275,450,348,297,299,3,15.1620944000722
st_s001_ref,st_s001_ref,6,2014,2010,68.1874202051876,-156.065769984692,2014-06-13,2,266,534,590,192,289,3,59.1029689441281
st_s001_ref,st_s001_ref,5,2015,2015,68.1874202051876,-156.065769984692,2015-05-31,17,468,788,888,412,286,3,79.3090177762791
st_s001_ref,st_s001_ref,5,2016,2015,68.1874202051876,-156.065769984692,2016-05-17,2,301,581,613,418,280,3,65.3163956798752
st_s001_ref,st_s001_ref,8,2016,2015,68.1874202051876,-156.065769984692,2016-08-05,12,215,387,295,322,292,3,16.9393410065679
st_s001_ref,st_s001_ref,7,2017,2015,68.1874202051876,-156.065769984692,2017-07-07,3,313,513,474,336,292,3,32.419700076281
st_s001_ref,st_s001_ref,6,2018,2015,68.1874202051876,-156.065769984692,2018-06-08,16,552,874,889,393,286,3,52.4857958383305
st_s001_ref,st_s001_ref,8,2018,2015,68.1874202051876,-156.065769984692,2018-08-11,15,262,408,296,280,289,3,10.2609091121783
st_s001_ref,st_s001_ref,8,2019,2015,68.1874202051876,-156.065769984692,2019-08-30,6,399,714,696,433,285,3,44.8493920555858
st_s001_ref,st_s001_ref,5,2020,2015,68.1874202051876,-156.065769984692,2020-05-12,7,637,923,1160,1436,274,3,704.796839391356
st_s001_ref,st_s001_ref,6,2020,2015,68.1874202051876,-156.065769984692,2020-06-13,8,349,584,433,333,294,3,19.4586950743927
st_s001_ref,st_s001_ref,7,2021,2015,68.1874202051876,-156.065769984692,2021-07-18,2,323,590,433,674,290,3,25.730075858251
st_s001_ref,st_s001_ref,5,2023,2015,68.1874202051876,-156.065769984692,2023-05-21,3,871,1009,1093,830,286,3,98.5070035840159
st_s001_ref,st_s001_ref,6,2024,2015,68.1874202051876,-156.065769984692,2024-06-08,14,433,737,795,300,291,3,63.9311578153781
st_s001_ref,st_s001_ref,6,2024,2015,68.1874202051876,-156.065769984692,2024-06-24,1,303,558,464,485,298,3,25.5173146550979
st_s001_ref,st_s001_ref,6,2013,2010,68.1874202051876,-156.065769984692,2013-06-01,3,385,713,766,231,287,3,54.304057691342
st_s001_ref,st_s001_ref,6,2013,2010,68.1874202051876,-156.065769984692,2013-06-17,15,361,631,526,299,298,3,25.6092632062753
st_s001_ref,st_s001_ref,8,2013,2010,68.1874202051876,-156.065769984692,2013-08-20,8,139,271,178,237,282,3,14.4752301755842
st_s001_ref,st_s001_ref,6,2014,2010,68.1874202051876,-156.065769984692,2014-06-20,16,533,949,1032,369,288,3,63.3836284182833
st_s001_ref,st_s001_ref,7,2014,2010,68.1874202051876,-156.065769984692,2014-07-06,13,353,589,475,431,297,3,23.426315025577
st_s001_ref,st_s001_ref,6,2015,2015,68.1874202051876,-156.065769984692,2015-06-23,10,413,606,482,557,297,3,18.0423236744211
st_s001_ref,st_s001_ref,7,2015,2015,68.1874202051876,-156.065769984692,2015-07-09,20,496,842,876,532,289,3,61.9937866196798
st_s001_ref,st_s001_ref,7,2015,2015,68.1874202051876,-156.065769984692,2015-07-25,15,300,494,373,314,293,3,17.3343278392722
st_s001_ref,st_s001_ref,7,2016,2015,68.1874202051876,-156.065769984692,2016-07-11,16,340,610,551,371,293,3,36.877115877646
st_s001_ref,st_s001_ref,6,2017,2015,68.1874202051876,-156.065769984692,2017-06-12,16,395,689,657,233,289,3,43.1990021781356
st_s001_ref,st_s001_ref,7,2017,2015,68.1874202051876,-156.065769984692,2017-07-30,11,345,510,334,373,294,3,8.70271898071171
st_s001_ref,st_s001_ref,7,2018,2015,68.1874202051876,-156.065769984692,2018-07-01,3,512,873,841,595,295,3,44.5771515684496
st_s001_ref,st_s001_ref,6,2019,2015,68.1874202051876,-156.065769984692,2019-06-02,17,455,774,812,342,293,3,58.4822901202876
st_s001_ref,st_s001_ref,6,2019,2015,68.1874202051876,-156.065769984692,2019-06-18,14,292,470,397,312,294,3,26.115643634294
st_s001_ref,st_s001_ref,5,2020,2015,68.1874202051876,-156.065769984692,2020-05-19,3,500,619,715,496,278,3,99.8277833172168
st_s001_ref,st_s001_ref,6,2020,2015,68.1874202051876,-156.065769984692,2020-06-20,15,436,669,558,429,292,3,24.8196571508638
st_s001_ref,st_s001_ref,7,2020,2015,68.1874202051876,-156.065769984692,2020-07-22,7,291,484,412,406,292,3,25.2500611790987
st_s001_ref,st_s001_ref,5,2021,2015,68.1874202051876,-156.065769984692,2021-05-22,3,1538,1825,1650,1093,278,3,42.956913259112
st_s001_ref,st_s001_ref,5,2023,2015,68.1874202051876,-156.065769984692,2023-05-28,6,391,740,918,472,289,3,102.182747510182
st_s001_ref,st_s001_ref,5,2024,2015,68.1874202051876,-156.065769984692,2024-05-30,3,755,981,1127,803,284,3,141.593323870545
st_s001_ref,st_s001_ref,6,2024,2015,68.1874202051876,-156.065769984692,2024-06-15,7,473,746,631,325,294,3,29.4975958906569
st_s001_ref,st_s001_ref,6,2022,2015,68.1874202051876,-156.065769984692,2022-06-04,3,439,758,816,161,290,3,53.050712970403
st_s001_ref,st_s001_ref,5,2023,2015,68.1874202051876,-156.065769984692,2023-05-22,2,787,1179,1511,1246,287,3,345.665941890063
st_s001_ref,st_s001_ref,7,2023,2015,68.1874202051876,-156.065769984692,2023-07-25,3,452,782,867,1071,299,3,197.590834758082
st_s001_ref,st_s001_ref,8,2023,2015,68.1874202051876,-156.065769984692,2023-08-10,3,360,1013,527,1223,288,3,49.9148040957379
st_s001_ref,st_s001_ref,6,2024,2015,68.1874202051876,-156.065769984692,2024-06-25,1,272,430,323,190,300,3,17.0461372043668
st_s001_ref,st_s001_ref,7,2023,2015,68.1874202051876,-156.065769984692,2023-07-16,14,427,719,743,525,289,3,58.9735717421484
st_s001_ref,st_s001_ref,6,2024,2015,68.1874202051876,-156.065769984692,2024-06-16,14,384,597,489,301,298,3,21.5949510276423
st_s001_ref,st_s001_ref,6,2022,2015,68.1874202051876,-156.065769984692,2022-06-02,11,860,1013,1242,938,289,3,226.428907720339
st_s001_ref,st_s001_ref,6,2022,2015,68.1874202051876,-156.065769984692,2022-06-18,10,356,504,412,300,296,3,17.9998391616905
st_s001_ref,st_s001_ref,6,2023,2015,68.1874202051876,-156.065769984692,2023-06-05,2,294,498,499,393,292,3,50.7528490280596
st_s001_ref,st_s001_ref,7,2023,2015,68.1874202051876,-156.065769984692,2023-07-23,2,227,404,299,300,295,3,16.3338882625964
st_s001_ref,st_s001_ref,6,2024,2015,68.1874202051876,-156.065769984692,2024-06-23,6,309,499,377,285,296,3,11.2851449162803
st_s002,st_s002,8,1985,1990,68.6937602052197,-131.64161998437,1985-08-25,12,399,428,421,678,280,3,38.658993267617
st_s002,st_s002,6,1986,1990,68.6937602052197,-131.64161998437,1986-06-09,6,386,497,610,572,286,3,162.136320648274
st_s002,st_s002,6,1987,1990,68.6937602052197,-131.64161998437,1987-06-28,2,727,746,678,1006,286,3,32.1239114011621
st_s002,st_s002,5,1988,1990,68.6937602052197,-131.64161998437,1988-05-29,6,323,414,501,448,289,3,103.291249721452
st_s002,st_s002,7,1989,1990,68.6937602052197,-131.64161998437,1989-07-19,2,485,573,465,1144,297,3,27.8540700446634
st_s002,st_s002,6,1990,1990,68.6937602052197,-131.64161998437,1990-06-20,2,388,455,448,380,300,3,23.9884612866671
st_s002,st_s002,6,1993,1990,68.6937602052197,-131.64161998437,1993-06-12,1,313,371,398,385,291,3,78.4642771454891
st_s002,st_s002,8,1994,1990,68.6937602052197,-131.64161998437,1994-08-02,4,492,586,490,1096,298,3,23.1065632001826
st_s002,st_s002,6,1997,1995,68.6937602052197,-131.64161998437,1997-06-07,7,376,430,521,478,291,3,115.362574457766
st_s002,st_s002,5,1998,1995,68.6937602052197,-131.64161998437,1998-05-25,1,262,290,293,262,289,3,25.1274154545624
st_s002,st_s002,6,1998,1995,68.6937602052197,-131.64161998437,1998-06-26,1,115,226,161,563,297,3,82.7783663908334
st_s002,st_s002,7,1998,1995,68.6937602052197,-131.64161998437,1998-07-28,3,299,384,411,714,297,3,93.5499852057439
st_s002,st_s002,5,1999,1995,68.6937602052197,-131.64161998437,1999-05-28,1,305,306,342,306,290,3,75.5955624167572
st_s002,st_s002,6,2004,2000,68.6937602052197,-131.64161998437,2004-06-10,11,309,417,511,424,287,3,108.079432365964
st_s002,st_s002,7,2004,2000,68.6937602052197,-131.64161998437,2004-07-28,38,418,463,290,936,293,3,6.35439991493566
st_s002,st_s002,8,2004,2000,68.6937602052197,-131.64161998437,2004-08-29,1,363,446,573,569,290,3,256.952679573153
st_s002,st_s002,5,2006,2005,68.6937602052197,-131.64161998437,2006-05-31,5,342,378,479,428,289,3,211.978220848254
st_s002,st_s002,6,2009,2005,68.6937602052197,-131.64161998437,2009-06-08,5,291,349,438,380,290,3,126.745379609084
st_s002,st_s002,5,2011,2010,68.6937602052197,-131.64161998437,2011-05-29,1,369,475,559,482,294,3,99.5953757444014
st_s002,st_s002,6,1984,1990,68.6937602052197,-131.64161998437,1984-06-10,3,293,420,464,454,293,3,68.1484532045862
st_s002,st_s002,7,1985,1990,68.6937602052197,-131.64161998437,1985-07-15,1,445,624,575,1039,284,3,60.5379948278117
st_s002,st_s002,6,1987,1990,68.6937602052197,-131.64161998437,1987-06-03,8,426,526,600,603,286,3,110.750023039058
st_s002,st_s002,6,1989,1990,68.6937602052197,-131.64161998437,1989-06-08,2,286,333,370,319,293,3,62.9385520644952
st_s002,st_s002,6,1991,1990,68.6937602052197,-131.64161998437,1991-06-14,2,281,381,392,344,292,3,33.2771430474057
st_s002,st_s002,5,1992,1990,68.6937602052197,-131.64161998437,1992-05-31,9,777,936,1058,1226,280,3,168.494117293214
st_s002,st_s002,7,1993,1990,68.6937602052197,-131.64161998437,1993-07-05,1,501,672,685,1043,297,3,84.2038817486104
st_s002,st_s002,5,1994,1990,68.6937602052197,-131.64161998437,1994-05-21,8,398,493,612,517,286,3,177.035103018224
st_s002,st_s002,6,1994,1990,68.6937602052197,-131.64161998437,1994-06-06,5,241,326,396,325,291,3,82.456870363324
st_s002,st_s002,5,1995,1995,68.6937602052197,-131.64161998437,1995-05-08,11,544,476,607,632,281,3,172.873339327483
st_s002,st_s002,5,1995,1995,68.6937602052197,-131.64161998437,1995-05-24,8,793,816,865,862,279,3,96.8345769087284
st_s002,st_s002,8,1998,1995,68.6937602052197,-131.64161998437,1998-08-20,3,479,634,659,1068,293,3,145.506191918856
st_s002,st_s002,7,2004,2000,68.6937602052197,-131.64161998437,2004-07-19,51,343,377,274,754,294,3,13.1758308665439
st_s002,st_s002,6,2005,2005,68.6937602052197,-131.64161998437,2005-06-04,3,232,304,341,265,291,3,92.6153606649865
st_s002,st_s002,6,2005,2005,68.6937602052197,-131.64161998437,2005-06-20,1,180,346,374,308,292,3,43.9366998071489
st_s002,st_s002,8,2005,2005,68.6937602052197,-131.64161998437,2005-08-07,11,646,716,616,1217,294,3,29.4785995473009
st_s002,st_s002,6,2006,2005,68.6937602052197,-131.64161998437,2006-06-07,4,329,419,432,404,294,3,46.4963868701826
st_s002,st_s002,7,2006,2005,68.6937602052197,-131.64161998437,2006-07-09,1,158,203,262,352,291,3,253.480017276332
st_s002,st_s002,8,2008,2005,68.6937602052197,-131.64161998437,2008-08-15,1,326,526,434,1102,288,3,73.7168875532693
st_s002,st_s002,8,2009,2005,68.6937602052197,-131.64161998437,2009-08-18,32,246,253,215,510,290,3,22.6196899792746
st_s002,st_s002,9,2009,2005,68.6937602052197,-131.64161998437,2009-09-03,5,380,514,576,564,290,3,77.6209935435699
st_s002,st_s002,6,2011,2010,68.6937602052197,-131.64161998437,2011-06-05,6,253,348,415,353,295,3,79.4739710370081
st_s002,st_s002,6,1986,1990,68.6937602052197,-131.64161998437,1986-06-07,6,323,421,504,496,284,3,148.911598372432
st_s002,st_s002,6,1988,1990,68.6937602052197,-131.64161998437,1988-06-28,16,210,257,174,350,295,3,5.06107086724235
st_s002,st_s002,8,1992,1990,68.6937602052197,-131.64161998437,1992-08-26,14,573,651,627,1040,287,3,46.0199689996449
st_s002,st_s002,6,1993,1990,68.6937602052197,-131.64161998437,1993-06-10,2,318,415,449,431,293,3,56.3974723730643
st_s002,st_s002,7,1994,1990,68.6937602052197,-131.64161998437,1994-07-31,2,232,297,258,415,294,3,28.3049526015493
st_s002,st_s002,6,1997,1995,68.6937602052197,-131.64161998437,1997-06-05,7,285,420,471,456,290,3,73.4917537134303
st_s002,st_s002,6,2005,2005,68.6937602052197,-131.64161998437,2005-06-11,1,229,344,374,355,297,3,80.592883084536
st_s002,st_s002,6,2006,2005,68.6937602052197,-131.64161998437,2006-06-14,1,225,275,243,368,295,3,34.9375751263808
st_s002,st_s002,6,2006,2005,68.6937602052197,-131.64161998437,2006-06-30,8,441,573,679,930,293,3,209.834649865722
st_s002,st_s002,6,2008,2005,68.6937602052197,-131.64161998437,2008-06-03,1,295,408,347,451,294,3,23.5493611270035
st_s002,st_s002,6,2008,2005,68.6937602052197,-131.64161998437,2008-06-19,14,225,262,195,331,286,3,7.47761829638436
st_s002,st_s002,6,2009,2005,68.6937602052197,-131.64161998437,2009-06-06,7,325,462,540,492,293,3,112.120254494575
st_s002,st_s002,5,2010,2010,68.6937602052197,-131.64161998437,2010-05-24,4,276,326,393,345,290,3,112.366848139367
st_s002,st_s002,7,2010,2010,68.6937602052197,-131.64161998437,2010-07-27,1,240,220,237,435,297,3,157.087651876247
st_s002,st_s002,5,2011,2010,68.6937602052197,-131.64161998437,2011-05-27,3,407,583,605,797,292,3,70.5150605171746
st_s002,st_s002,8,2011,2010,68.6937602052197,-131.64161998437,2011-08-31,2,441,650,677,586,285,3,58.4678898526157
st_s002,st_s002,8,1988,1990,68.6937602052197,-131.64161998437,1988-08-06,5,512,676,563,1018,292,3,29.1468973754456
st_s002,st_s002,8,1989,1990,68.6937602052197,-131.64161998437,1989-08-09,3,468,629,579,1094,301,3,59.2565027762433
st_s002,st_s002,6,1996,1995,68.6937602052197,-131.64161998437,1996-06-09,7,323,408,463,453,293,3,75.2659704237419
st_s002,st_s002,6,1998,1995,68.6937602052197,-131.64161998437,1998-06-15,12,312,360,310,505,292,3,19.657825241905
st_s002,st_s002,6,1999,1995,68.6937602052197,-131.64161998437,1999-06-02,5,329,419,431,363,291,3,39.082914610969
st_s002,st_s002,7,1999,1995,68.6937602052197,-131.64161998437,1999-07-04,1,353,640,573,1110,293,3,105.764851710208
st_s002,st_s002,6,2006,2005,68.6937602052197,-131.64161998437,2006-06-05,12,402,461,500,392,285,3,62.4597648784444
st_s002,st_s002,6,2008,2005,68.6937602052197,-131.64161998437,2008-06-10,1,182,227,241,233,291,3,34.9544862254919
st_s002,st_s002,7,2008,2005,68.6937602052197,-131.64161998437,2008-07-12,2,340,540,495,1040,295,3,77.6696439718916
st_s002,st_s002,7,2008,2005,68.6937602052197,-131.64161998437,2008-07-28,4,422,616,502,1069,299,3,34.9051439024847
st_s002,st_s002,5,2009,2005,68.6937602052197,-131.64161998437,2009-05-28,3,469,630,641,614,289,3,70.4932909995888
st_s002,st_s002,9,2010,2010,68.6937602052197,-131.64161998437,2010-09-04,1,221,369,462,423,283,3,110.286633397966
st_s002,st_s002,6,2011,2010,68.6937602052197,-131.64161998437,2011-06-03,9,253,411,428,406,286,3,66.1450022428901
st_s002,st_s002,8,1988,1990,68.6937602052197,-131.64161998437,1988-08-06,6,511,672,561,1016,292,3,29.0139685955411
st_s002,st_s002,8,1989,1990,68.6937602052197,-131.64161998437,1989-08-09,3,440,605,557,1080,301,3,61.5800686830867
st_s002,st_s002,6,1996,1995,68.6937602052197,-131.64161998437,1996-06-09,7,310,397,456,450,293,3,78.6193183062386
st_s002,st_s002,7,1997,1995,68.6937602052197,-131.64161998437,1997-07-30,1,234,270,278,412,291,3,133.226562255669
st_s002,st_s002,6,1998,1995,68.6937602052197,-131.64161998437,1998-06-15,11,308,356,306,506,292,3,17.0564414154567
st_s002,st_s002,6,1999,1995,68.6937602052197,-131.64161998437,1999-06-02,6,350,415,429,363,292,3,29.1430280327897
st_s002,st_s002,7,1999,1995,68.6937602052197,-131.64161998437,1999-07-04,1,372,648,580,1105,293,3,105.883197873479
st_s002,st_s002,8,1999,1995,68.6937602052197,-131.64161998437,1999-08-21,3,489,763,670,1222,290,3,43.7858840784351
st_s002,st_s002,6,2006,2005,68.6937602052197,-131.64161998437,2006-06-05,11,393,453,494,388,286,3,63.8523402068396
st_s002,st_s002,6,2008,2005,68.6937602052197,-131.64161998437,2008-06-10,1,180,223,238,232,291,3,35.2498431382049
st_s002,st_s002,7,2008,2005,68.6937602052197,-131.64161998437,2008-07-28,3,427,596,532,1121,299,3,55.9369859440779
st_s002,st_s002,8,1999,1995,68.6937602052197,-131.64161998437,1999-08-24,4,598,859,867,1133,287,3,108.572564103831
st_s002,st_s002,6,2000,2000,68.6937602052197,-131.64161998437,2000-06-07,6,643,619,674,768,286,3,64.5143384384942
st_s002,st_s002,8,2000,2000,68.6937602052197,-131.64161998437,2000-08-10,29,172,190,96,270,289,3,2.43571629310072
st_s002,st_s002,6,2001,2000,68.6937602052197,-131.64161998437,2001-06-10,5,260,268,264,300,287,3,52.149883259566
st_s002,st_s002,6,2001,2000,68.6937602052197,-131.64161998437,2001-06-26,1,198,188,183,396,291,3,64.7006071865168
st_s002,st_s002,7,2001,2000,68.6937602052197,-131.64161998437,2001-07-28,14,148,131,80,245,290,3,3.94241882455019
st_s002,st_s002,7,2006,2005,68.6937602052197,-131.64161998437,2006-07-10,1,157,205,199,433,290,3,86.9302632680597
st_s002,st_s002,5,2009,2005,68.6937602052197,-131.64161998437,2009-05-31,2,425,529,634,865,285,3,254.089429407686
st_s002,st_s002,7,2012,2010,68.6937602052197,-131.64161998437,2012-07-10,2,590,773,850,1307,285,3,172.439086789712
st_s002,st_s002,7,2012,2010,68.6937602052197,-131.64161998437,2012-07-26,10,389,576,634,1151,295,3,230.651756745333
st_s002,st_s002,5,2014,2010,68.6937602052197,-131.64161998437,2014-05-29,1,429,548,636,1021,290,3,230.234500727636
st_s002,st_s002,8,2016,2015,68.6937602052197,-131.64161998437,2016-08-06,3,345,556,652,1094,290,3,268.031336571199
st_s002,st_s002,5,2017,2015,68.6937602052197,-131.64161998437,2017-05-21,17,407,503,570,707,284,3,112.38390850269
st_s002,st_s002,6,2017,2015,68.6937602052197,-131.64161998437,2017-06-22,1,142,182,217,286,294,3,103.274361000518
st_s002,st_s002,8,2017,2015,68.6937602052197,-131.64161998437,2017-08-09,11,144,142,81,227,295,3,3.63184405828395
st_s002,st_s002,6,2019,2015,68.6937602052197,-131.64161998437,2019-06-28,1,326,459,555,666,290,3,338.476926084282
st_s002,st_s002,7,2019,2015,68.6937602052197,-131.64161998437,2019-07-30,2,439,699,665,1267,293,3,118.30326713476
st_s002,st_s002,7,2021,2015,68.6937602052197,-131.64161998437,2021-07-19,5,513,696,725,1285,292,3,128.44835746857
st_s002,st_s002,8,2021,2015,68.6937602052197,-131.64161998437,2021-08-04,4,345,578,514,1199,293,3,99.4819272523374
st_s002,st_s002,6,2022,2015,68.6937602052197,-131.64161998437,2022-06-19,4,187,201,201,372,285,3,87.0984996891651
st_s002,st_s002,7,2022,2015,68.6937602052197,-131.64161998437,2022-07-06,13,432,592,560,1189,299,3,93.6498350747221
st_s002,st_s002,8,2022,2015,68.6937602052197,-131.64161998437,2022-08-26,1,243,344,478,572,288,3,745.320687324287
st_s002,st_s002,6,2023,2015,68.6937602052197,-131.64161998437,2023-06-02,1,278,380,442,499,286,3,353.774415622376
st_s002,st_s002,6,2023,2015,68.6937602052197,-131.64161998437,2023-06-29,2,428,583,564,1305,298,3,110.068988513892
st_s002,st_s002,7,2023,2015,68.6937602052197,-131.64161998437,2023-07-21,2,299,494,447,1251,301,3,171.646966336444
st_s002,st_s002,6,2000,2000,68.6937602052197,-131.64161998437,2000-06-14,9,528,531,520,597,286,3,71.9798752267426
st_s002,st_s002,7,2001,2000,68.6937602052197,-131.64161998437,2001-07-03,1,174,258,267,398,297,3,60.8290500141322
st_s002,st_s002,7,2007,2005,68.6937602052197,-131.64161998437,2007-07-04,2,213,326,342,626,297,3,95.8232217753847
st_s002,st_s002,8,2010,2010,68.6937602052197,-131.64161998437,2010-08-29,16,276,267,216,373,286,3,18.9790150687749
st_s002,st_s002,5,2012,2010,68.6937602052197,-131.64161998437,2012-05-30,8,480,552,694,708,289,3,189.239978700886
st_s002,st_s002,8,2012,2010,68.6937602052197,-131.64161998437,2012-08-18,6,436,595,685,1140,294,3,248.476867112035
st_s002,st_s002,9,2013,2010,68.6937602052197,-131.64161998437,2013-09-06,1,450,466,531,638,283,3,175.887786094484
st_s002,st_s002,6,2014,2010,68.6937602052197,-131.64161998437,2014-06-05,4,440,484,616,571,286,3,286.800306755544
st_s002,st_s002,7,2014,2010,68.6937602052197,-131.64161998437,2014-07-23,11,571,801,815,1408,295,3,120.130911892964
st_s002,st_s002,7,2016,2015,68.6937602052197,-131.64161998437,2016-07-28,1,273,412,481,1120,299,3,486.30564226266
st_s002,st_s002,8,2016,2015,68.6937602052197,-131.64161998437,2016-08-13,1,414,555,737,787,292,3,513.926322896109
st_s002,st_s002,7,2018,2015,68.6937602052197,-131.64161998437,2018-07-18,7,256,425,427,846,290,3,169.27930082662
st_s002,st_s002,6,2020,2015,68.6937602052197,-131.64161998437,2020-06-05,24,241,223,177,199,282,3,11.6713277733326
st_s002,st_s002,7,2020,2015,68.6937602052197,-131.64161998437,2020-07-23,5,255,431,470,815,289,3,175.757856493722
st_s002,st_s002,8,2020,2015,68.6937602052197,-131.64161998437,2020-08-24,8,452,641,684,1103,293,3,131.509475217365
st_s002,st_s002,5,2021,2015,68.6937602052197,-131.64161998437,2021-05-23,2,469,570,715,956,282,3,472.331757620287
st_s002,st_s002,8,2021,2015,68.6937602052197,-131.64161998437,2021-08-11,7,604,757,779,1440,288,3,101.748693636766
st_s002,st_s002,8,2021,2015,68.6937602052197,-131.64161998437,2021-08-27,3,644,795,821,1247,286,3,92.0343819418689
st_s002,st_s002,6,2023,2015,68.6937602052197,-131.64161998437,2023-06-12,1,234,317,319,356,290,3,51.9255112260739
st_s002,st_s002,7,2023,2015,68.6937602052197,-131.64161998437,2023-07-04,1,337,515,545,1103,301,3,214.065626476433
st_s002,st_s002,6,2000,2000,68.6937602052197,-131.64161998437,2000-06-21,7,240,325,454,451,291,3,409.398799151475
st_s002,st_s002,7,2000,2000,68.6937602052197,-131.64161998437,2000-07-23,1,168,270,315,468,296,3,200.570685315262
st_s002,st_s002,7,2004,2000,68.6937602052197,-131.64161998437,2004-07-02,5,358,501,479,1027,294,3,92.0776281533809
st_s002,st_s002,7,2006,2005,68.6937602052197,-131.64161998437,2006-07-08,2,151,191,216,427,290,3,204.113694839648
st_s002,st_s002,7,2007,2005,68.6937602052197,-131.64161998437,2007-07-11,1,265,399,310,1046,302,3,52.5914063207673
st_s002,st_s002,9,2009,2005,68.6937602052197,-131.64161998437,2009-09-02,1,422,465,575,562,287,3,183.443464050641
st_s002,st_s002,9,2010,2010,68.6937602052197,-131.64161998437,2010-09-05,2,182,269,209,446,283,3,44.4532460189139
st_s002,st_s002,8,2012,2010,68.6937602052197,-131.64161998437,2012-08-09,5,330,520,623,1119,294,3,374.75740604916
st_s002,st_s002,6,2013,2010,68.6937602052197,-131.64161998437,2013-06-09,2,443,557,690,845,286,3,180.18283366984
st_s002,st_s002,8,2013,2010,68.6937602052197,-131.64161998437,2013-08-12,5,435,603,624,1234,299,3,143.95813797843
st_s002,st_s002,6,2014,2010,68.6937602052197,-131.64161998437,2014-06-12,1,282,304,317,440,295,3,60.6818422031682
st_s002,st_s002,7,2014,2010,68.6937602052197,-131.64161998437,2014-07-30,11,468,520,476,1132,281,3,68.7727332450699
st_s002,st_s002,7,2015,2015,68.6937602052197,-131.64161998437,2015-07-01,2,454,528,430,1169,297,3,37.8345541583822
st_s002,st_s002,6,2016,2015,68.6937602052197,-131.64161998437,2016-06-17,2,503,590,622,962,281,3,98.6150714918122
st_s002,st_s002,5,2017,2015,68.6937602052197,-131.64161998437,2017-05-19,4,700,784,874,1150,281,3,142.955195633736
st_s002,st_s002,8,2017,2015,68.6937602052197,-131.64161998437,2017-08-23,1,378,566,616,1098,293,3,158.796817089876
st_s002,st_s002,6,2018,2015,68.6937602052197,-131.64161998437,2018-06-07,1,266,306,312,360,286,3,90.2783953106605
st_s002,st_s002,7,2018,2015,68.6937602052197,-131.64161998437,2018-07-25,1,392,555,590,1040,296,3,182.965210540518
st_s002,st_s002,7,2019,2015,68.6937602052197,-131.64161998437,2019-07-28,6,471,747,748,1201,297,3,132.944718156632
st_s002,st_s002,5,2020,2015,68.6937602052197,-131.64161998437,2020-05-27,3,449,558,702,708,279,3,261.2832356949
st_s002,st_s002,7,2020,2015,68.6937602052197,-131.64161998437,2020-07-30,10,661,852,830,1487,295,3,94.6990241070353
st_s002,st_s002,6,2021,2015,68.6937602052197,-131.64161998437,2021-06-15,1,278,384,418,509,295,3,148.360459322539
st_s002,st_s002,7,2021,2015,68.6937602052197,-131.64161998437,2021-07-17,2,372,572,526,1112,299,3,109.437462725396
st_s002,st_s002,7,2022,2015,68.6937602052197,-131.64161998437,2022-07-16,5,498,715,742,1191,291,3,157.422938254277
st_s002,st_s002,7,2023,2015,68.6937602052197,-131.64161998437,2023-07-09,4,334,588,615,1103,298,3,225.11204791426
st_s002,st_s002,7,1999,1995,68.6937602052197,-131.64161998437,1999-07-12,11,162,192,163,394,288,3,29.1639609583392
st_s002,st_s002,7,1999,1995,68.6937602052197,-131.64161998437,1999-07-28,6,157,188,156,383,287,3,39.2067530332003
st_s002,st_s002,6,2000,2000,68.6937602052197,-131.64161998437,2000-06-12,5,441,549,631,846,287,3,174.601105636362
st_s002,st_s002,7,2002,2000,68.6937602052197,-131.64161998437,2002-07-20,22,141,157,114,283,299,3,12.0931441778935
st_s002,st_s002,9,2002,2000,68.6937602052197,-131.64161998437,2002-09-06,2,158,223,239,389,289,3,124.039640240158
st_s002,st_s002,8,2003,2000,68.6937602052197,-131.64161998437,2003-08-24,12,204,201,191,341,287,3,61.7664064618091
st_s002,st_s002,8,2004,2000,68.6937602052197,-131.64161998437,2004-08-26,5,255,190,174,325,281,3,31.3572231754355
st_s002,st_s002,8,2005,2005,68.6937602052197,-131.64161998437,2005-08-29,1,182,224,270,485,285,3,228.110174567111
st_s002,st_s002,6,2007,2005,68.6937602052197,-131.64161998437,2007-06-16,1,286,344,255,528,292,3,10.0030689066593
st_s002,st_s002,8,2009,2005,68.6937602052197,-131.64161998437,2009-08-24,1,454,493,544,1036,292,3,143.460116123502
st_s002,st_s002,5,2010,2010,68.6937602052197,-131.64161998437,2010-05-23,2,242,256,332,346,284,3,261.661386048107
st_s002,st_s002,5,2011,2010,68.6937602052197,-131.64161998437,2011-05-26,2,403,488,581,689,288,3,143.87946186837
st_s002,st_s002,6,2014,2010,68.6937602052197,-131.64161998437,2014-06-03,3,308,441,570,535,282,3,186.176149471229
st_s002,st_s002,5,2015,2015,68.6937602052197,-131.64161998437,2015-05-21,1,663,831,943,1143,282,3,139.090113923477
st_s002,st_s002,8,2015,2015,68.6937602052197,-131.64161998437,2015-08-09,1,463,562,589,1012,290,3,104.661336159166
st_s002,st_s002,7,2016,2015,68.6937602052197,-131.64161998437,2016-07-26,1,431,615,705,1180,288,3,255.674894978682
st_s002,st_s002,6,2017,2015,68.6937602052197,-131.64161998437,2017-06-11,1,177,246,251,361,286,3,85.9384275415499
st_s002,st_s002,7,2017,2015,68.6937602052197,-131.64161998437,2017-07-13,3,319,510,573,1026,295,3,245.36117006145
st_s002,st_s002,7,2017,2015,68.6937602052197,-131.64161998437,2017-07-29,1,377,590,608,1101,298,3,171.535316266677
st_s002,st_s002,5,2018,2015,68.6937602052197,-131.64161998437,2018-05-29,7,542,552,587,595,281,3,48.8533757926489
st_s002,st_s002,6,2018,2015,68.6937602052197,-131.64161998437,2018-06-14,6,261,242,240,293,289,3,43.9971410382829
st_s002,st_s002,8,2019,2015,68.6937602052197,-131.64161998437,2019-08-20,1,463,527,417,1089,284,3,22.5847692536199
st_s002,st_s002,6,2000,2000,68.6937602052197,-131.64161998437,2000-06-12,6,412,566,625,811,287,3,143.379748816318
st_s002,st_s002,8,2001,2000,68.6937602052197,-131.64161998437,2001-08-18,2,232,346,327,747,285,3,122.505550691558
st_s002,st_s002,7,2002,2000,68.6937602052197,-131.64161998437,2002-07-20,21,135,151,109,281,299,3,11.5082713084025
st_s002,st_s002,9,2002,2000,68.6937602052197,-131.64161998437,2002-09-06,2,163,215,278,299,290,3,142.139312079757
st_s002,st_s002,8,2003,2000,68.6937602052197,-131.64161998437,2003-08-24,12,216,207,166,304,287,3,13.243942482936
st_s002,st_s002,5,2010,2010,68.6937602052197,-131.64161998437,2010-05-23,2,246,255,349,346,284,3,326.070438894214
st_s002,st_s002,5,2011,2010,68.6937602052197,-131.64161998437,2011-05-26,2,374,479,609,688,288,3,297.678465847096
st_s002,st_s002,6,2014,2010,68.6937602052197,-131.64161998437,2014-06-03,3,310,440,569,533,282,3,208.324397674501
st_s002,st_s002,5,2015,2015,68.6937602052197,-131.64161998437,2015-05-21,1,676,837,947,1146,281,3,136.23578814954
st_s002,st_s002,8,2015,2015,68.6937602052197,-131.64161998437,2015-08-09,1,476,567,592,1069,290,3,118.915188673119
st_s002,st_s002,7,2016,2015,68.6937602052197,-131.64161998437,2016-07-26,2,410,600,676,1257,288,3,260.848330672142
st_s002,st_s002,6,2017,2015,68.6937602052197,-131.64161998437,2017-06-11,1,203,247,251,403,286,3,84.2400579530019
st_s002,st_s002,7,2017,2015,68.6937602052197,-131.64161998437,2017-07-13,1,387,548,538,1120,294,3,114.83356750492
st_s002,st_s002,5,2018,2015,68.6937602052197,-131.64161998437,2018-05-29,3,219,280,419,438,279,3,523.802021455358
st_s002,st_s002,6,2018,2015,68.6937602052197,-131.64161998437,2018-06-14,5,261,240,238,340,289,3,36.1763461740853
st_s002,st_s002,6,2018,2015,68.6937602052197,-131.64161998437,2018-06-30,3,167,178,139,245,290,3,10.8694883416418
st_s002,st_s002,7,2018,2015,68.6937602052197,-131.64161998437,2018-07-16,1,321,524,501,1079,295,3,121.982220856961
st_s002,st_s002,8,2019,2015,68.6937602052197,-131.64161998437,2019-08-20,4,406,484,425,841,282,3,27.1504897811302
st_s002,st_s002,6,2013,2010,68.6937602052197,-131.64161998437,2013-06-03,3,313,510,633,724,291,3,288.902114576425
st_s002,st_s002,6,2013,2010,68.6937602052197,-131.64161998437,2013-06-19,7,151,228,267,217,295,3,74.4066974586174
st_s002,st_s002,7,2013,2010,68.6937602052197,-131.64161998437,2013-07-21,4,209,386,455,360,295,3,86.298341150425
st_s002,st_s002,7,2014,2010,68.6937602052197,-131.64161998437,2014-07-08,10,189,297,359,344,296,3,102.953094195691
st_s002,st_s002,8,2014,2010,68.6937602052197,-131.64161998437,2014-08-09,6,342,530,615,684,292,3,170.030571007689
st_s002,st_s002,5,2015,2015,68.6937602052197,-131.64161998437,2015-05-24,15,234,367,472,326,293,3,132.643126436459
st_s002,st_s002,5,2016,2015,68.6937602052197,-131.64161998437,2016-05-10,2,380,560,664,549,284,3,174.569187818021
st_s002,st_s002,6,2016,2015,68.6937602052197,-131.64161998437,2016-06-11,5,139,180,225,196,290,3,100.477551085778
st_s002,st_s002,7,2016,2015,68.6937602052197,-131.64161998437,2016-07-13,2,274,473,530,870,301,3,204.05622111822
st_s002,st_s002,5,2017,2015,68.6937602052197,-131.64161998437,2017-05-29,1,182,285,363,354,291,3,123.317205109776
st_s002,st_s002,6,2017,2015,68.6937602052197,-131.64161998437,2017-06-14,4,124,177,230,91,292,3,116.478258460502
st_s002,st_s002,6,2017,2015,68.6937602052197,-131.64161998437,2017-06-30,15,215,447,547,554,296,3,122.259360332235
st_s002,st_s002,8,2017,2015,68.6937602052197,-131.64161998437,2017-08-01,4,121,227,266,282,299,3,89.4369609869862
st_s002,st_s002,8,2017,2015,68.6937602052197,-131.64161998437,2017-08-17,2,277,504,582,577,290,3,142.963305206276
st_s002,st_s002,9,2017,2015,68.6937602052197,-131.64161998437,2017-09-02,17,418,640,751,837,287,3,158.078731400131
st_s002,st_s002,6,2018,2015,68.6937602052197,-131.64161998437,2018-06-01,11,287,429,547,572,292,3,267.0799766821
st_s002,st_s002,6,2018,2015,68.6937602052197,-131.64161998437,2018-06-17,3,133,163,203,76,290,3,103.852632181578
st_s002,st_s002,6,2019,2015,68.6937602052197,-131.64161998437,2019-06-04,2,189,301,356,291,288,3,76.8435273685665
st_s002,st_s002,6,2019,2015,68.6937602052197,-131.64161998437,2019-06-20,2,279,507,571,612,291,3,109.456466040214
st_s002,st_s002,5,2021,2015,68.6937602052197,-131.64161998437,2021-05-24,5,370,521,626,639,286,3,186.638850525514
st_s002,st_s002,8,2021,2015,68.6937602052197,-131.64161998437,2021-08-28,6,316,558,594,503,294,3,57.0301712855372
st_s002,st_s002,8,2022,2015,68.6937602052197,-131.64161998437,2022-08-31,13,80,184,201,243,291,3,92.8739757407948
st_s002,st_s002,5,2023,2015,68.6937602052197,-131.64161998437,2023-05-14,3,218,496,440,673,280,3,110.652397301513
st_s002,st_s002,6,2024,2015,68.6937602052197,-131.64161998437,2024-06-01,12,300,447,563,547,288,3,250.097105689973
st_s002,st_s002,6,2024,2015,68.6937602052197,-131.64161998437,2024-06-17,10,212,362,438,323,295,3,78.6970626870581
st_s002,st_s002,6,2013,2010,68.6937602052197,-131.64161998437,2013-06-26,5,164,242,252,261,298,3,35.2875664100861
st_s002,st_s002,7,2014,2010,68.6937602052197,-131.64161998437,2014-07-31,8,428,716,793,720,286,3,105.359117955693
st_s002,st_s002,9,2014,2010,68.6937602052197,-131.64161998437,2014-09-01,13,312,542,694,582,284,3,193.123048752038
st_s002,st_s002,6,2016,2015,68.6937602052197,-131.64161998437,2016-06-18,4,64,161,215,73,297,3,45.4602023151579
st_s002,st_s002,7,2016,2015,68.6937602052197,-131.64161998437,2016-07-04,6,273,468,506,591,300,3,96.3656610330118
st_s002,st_s002,6,2017,2015,68.6937602052197,-131.64161998437,2017-06-05,8,133,200,264,150,288,3,114.09906097737
st_s002,st_s002,6,2017,2015,68.6937602052197,-131.64161998437,2017-06-21,4,144,250,275,251,299,3,43.1254498640859
st_s002,st_s002,6,2018,2015,68.6937602052197,-131.64161998437,2018-06-08,6,141,205,253,153,288,3,88.4799807419127
st_s002,st_s002,7,2018,2015,68.6937602052197,-131.64161998437,2018-07-10,7,151,289,352,349,295,3,124.883960742786
st_s002,st_s002,7,2018,2015,68.6937602052197,-131.64161998437,2018-07-26,2,427,678,778,730,297,3,137.517672358383
st_s002,st_s002,5,2019,2015,68.6937602052197,-131.64161998437,2019-05-26,15,206,335,444,318,287,3,156.100617307822
st_s002,st_s002,6,2019,2015,68.6937602052197,-131.64161998437,2019-06-27,13,243,433,482,440,293,3,62.1248589545034
st_s002,st_s002,7,2019,2015,68.6937602052197,-131.64161998437,2019-07-13,6,256,485,520,404,296,3,72.887344564092
st_s002,st_s002,5,2020,2015,68.6937602052197,-131.64161998437,2020-05-28,3,222,445,561,469,287,3,187.206262387018
st_s002,st_s002,7,2020,2015,68.6937602052197,-131.64161998437,2020-07-31,3,405,701,718,1075,298,3,148.924491321735
st_s002,st_s002,6,2021,2015,68.6937602052197,-131.64161998437,2021-06-16,10,177,301,358,253,299,3,63.8151924872167
st_s002,st_s002,8,2022,2015,68.6937602052197,-131.64161998437,2022-08-22,18,209,411,523,575,283,3,188.771724527926
st_s002,st_s002,7,2023,2015,68.6937602052197,-131.64161998437,2023-07-24,2,427,681,714,709,297,3,92.4030305727873
st_s002,st_s002,6,2024,2015,68.6937602052197,-131.64161998437,2024-06-08,6,365,565,676,743,290,3,208.194235955688
st_s002,st_s002,6,2024,2015,68.6937602052197,-131.64161998437,2024-06-24,10,186,293,341,271,297,3,74.1251907311532
st_s002,st_s002,5,2018,2015,68.6937602052197,-131.64161998437,2018-05-30,2,159,303,408,359,288,3,181.610673964436
st_s002,st_s002,7,2013,2010,68.6937602052197,-131.64161998437,2013-07-19,10,176,336,389,392,294,3,91.5534959450148
st_s002,st_s002,6,2014,2010,68.6937602052197,-131.64161998437,2014-06-04,16,231,372,500,362,289,3,233.859035241734
st_s002,st_s002,7,2014,2010,68.6937602052197,-131.64161998437,2014-07-06,6,108,170,229,240,295,3,199.87868425339
st_s002,st_s002,8,2014,2010,68.6937602052197,-131.64161998437,2014-08-23,17,413,698,818,822,289,3,152.154822528404
st_s002,st_s002,5,2015,2015,68.6937602052197,-131.64161998437,2015-05-22,16,317,507,626,581,293,3,199.644459818833
st_s002,st_s002,8,2015,2015,68.6937602052197,-131.64161998437,2015-08-10,10,188,343,405,394,298,3,100.646291855415
st_s002,st_s002,7,2016,2015,68.6937602052197,-131.64161998437,2016-07-27,11,234,416,534,517,295,3,170.300617467179
st_s002,st_s002,8,2016,2015,68.6937602052197,-131.64161998437,2016-08-28,15,189,373,482,408,287,3,119.836075228569
st_s002,st_s002,7,2017,2015,68.6937602052197,-131.64161998437,2017-07-14,2,280,554,603,734,297,3,106.318030332377
st_s002,st_s002,5,2018,2015,68.6937602052197,-131.64161998437,2018-05-30,3,124,268,323,252,288,3,108.502944454155
st_s002,st_s002,8,2018,2015,68.6937602052197,-131.64161998437,2018-08-18,17,288,505,603,534,285,3,118.290441504685
st_s002,st_s002,6,2019,2015,68.6937602052197,-131.64161998437,2019-06-18,5,143,257,276,262,293,3,74.5464545466737
st_s002,st_s002,7,2019,2015,68.6937602052197,-131.64161998437,2019-07-20,2,343,774,620,1081,293,3,96.0518454698635
st_s002,st_s002,8,2019,2015,68.6937602052197,-131.64161998437,2019-08-21,3,307,516,632,887,286,3,317.385318149013
st_s002,st_s002,6,2020,2015,68.6937602052197,-131.64161998437,2020-06-04,17,270,427,553,413,288,3,202.131495388394
st_s002,st_s002,8,2020,2015,68.6937602052197,-131.64161998437,2020-08-23,18,330,594,718,690,295,3,156.53714010888
st_s002,st_s002,5,2021,2015,68.6937602052197,-131.64161998437,2021-05-22,11,306,457,573,592,290,3,297.270467967486
st_s002,st_s002,6,2021,2015,68.6937602052197,-131.64161998437,2021-06-07,8,182,269,367,201,291,3,118.419169510094
st_s002,st_s002,6,2021,2015,68.6937602052197,-131.64161998437,2021-06-23,8,150,246,286,326,298,3,89.9963292406146
st_s002,st_s002,8,2021,2015,68.6937602052197,-131.64161998437,2021-08-26,8,268,497,526,487,294,3,71.5932846369688
st_s002,st_s002,6,2022,2015,68.6937602052197,-131.64161998437,2022-06-26,2,219,391,404,427,297,3,73.1125601539115
st_s002,st_s002,8,2022,2015,68.6937602052197,-131.64161998437,2022-08-13,14,289,535,625,603,298,3,122.033389761664
st_s002,st_s002,6,2024,2015,68.6937602052197,-131.64161998437,2024-06-15,17,245,389,487,307,293,3,125.793284399631
st_s002,st_s002,6,2013,2010,68.6937602052197,-131.64161998437,2013-06-08,14,224,352,472,311,291,3,179.277373957582
st_s002,st_s002,7,2013,2010,68.6937602052197,-131.64161998437,2013-07-10,2,154,221,276,195,294,3,115.819129562029
st_s002,st_s002,8,2013,2010,68.6937602052197,-131.64161998437,2013-08-11,13,274,500,584,697,306,3,159.719289461726
st_s002,st_s002,6,2014,2010,68.6937602052197,-131.64161998437,2014-06-27,1,58,152,208,218,296,3,270.079053684313
st_s002,st_s002,7,2014,2010,68.6937602052197,-131.64161998437,2014-07-13,17,384,640,740,804,302,3,161.309201253151
st_s002,st_s002,7,2015,2015,68.6937602052197,-131.64161998437,2015-07-16,3,409,690,789,892,298,3,154.134303754721
st_s002,st_s002,7,2016,2015,68.6937602052197,-131.64161998437,2016-07-02,14,355,604,686,674,300,3,100.539039296245
st_s002,st_s002,5,2017,2015,68.6937602052197,-131.64161998437,2017-05-18,3,237,608,593,1243,287,3,503.407691759274
st_s002,st_s002,6,2017,2015,68.6937602052197,-131.64161998437,2017-06-03,7,115,191,272,122,288,3,108.052500882071
st_s002,st_s002,6,2017,2015,68.6937602052197,-131.64161998437,2017-06-19,3,111,221,283,160,296,3,70.5607633915332
st_s002,st_s002,6,2018,2015,68.6937602052197,-131.64161998437,2018-06-22,5,193,284,339,324,299,3,82.2232392466468
st_s002,st_s002,8,2018,2015,68.6937602052197,-131.64161998437,2018-08-25,16,324,579,704,716,286,3,168.827439735532
st_s002,st_s002,5,2019,2015,68.6937602052197,-131.64161998437,2019-05-24,20,320,493,612,612,290,3,221.747935941966
st_s002,st_s002,6,2019,2015,68.6937602052197,-131.64161998437,2019-06-09,7,164,263,311,288,295,3,78.204065984131
st_s002,st_s002,7,2019,2015,68.6937602052197,-131.64161998437,2019-07-27,8,390,684,754,790,294,3,112.308757405098
st_s002,st_s002,5,2020,2015,68.6937602052197,-131.64161998437,2020-05-26,4,137,495,632,648,282,3,160.318646826537
st_s002,st_s002,6,2021,2015,68.6937602052197,-131.64161998437,2021-06-14,5,165,279,348,229,293,3,82.6956576668391
st_s002,st_s002,7,2021,2015,68.6937602052197,-131.64161998437,2021-07-16,11,227,466,531,609,294,3,140.157340504394
st_s002,st_s002,6,2022,2015,68.6937602052197,-131.64161998437,2022-06-01,5,272,464,595,579,286,3,235.775720356775
st_s002,st_s002,7,2022,2015,68.6937602052197,-131.64161998437,2022-07-03,8,168,303,347,344,301,3,80.6328179825961
st_s002,st_s002,8,2022,2015,68.6937602052197,-131.64161998437,2022-08-04,8,188,380,483,440,298,3,120.857527647778
st_s002,st_s002,5,2023,2015,68.6937602052197,-131.64161998437,2023-05-19,2,129,309,399,404,283,3,153.487136143021
st_s002,st_s002,6,2023,2015,68.6937602052197,-131.64161998437,2023-06-04,10,175,295,379,295,296,3,91.659024567489
st_s002,st_s002,7,2023,2015,68.6937602052197,-131.64161998437,2023-07-22,11,295,513,543,716,302,3,129.949132880287
st_s002,st_s002,7,2013,2010,68.6937602052197,-131.64161998437,2013-07-10,1,127,209,268,194,294,3,121.500950343446
st_s002,st_s002,8,2013,2010,68.6937602052197,-131.64161998437,2013-08-11,12,284,495,565,706,306,3,154.477911227701
st_s002,st_s002,6,2014,2010,68.6937602052197,-131.64161998437,2014-06-27,2,81,160,215,195,296,3,232.805297045742
st_s002,st_s002,7,2014,2010,68.6937602052197,-131.64161998437,2014-07-13,18,400,642,756,827,302,3,191.995286800855
st_s002,st_s002,8,2014,2010,68.6937602052197,-131.64161998437,2014-08-14,18,372,632,719,741,288,3,145.671296023278
st_s002,st_s002,7,2015,2015,68.6937602052197,-131.64161998437,2015-07-16,2,354,636,709,947,297,3,199.079524586289
st_s002,st_s002,7,2016,2015,68.6937602052197,-131.64161998437,2016-07-02,14,365,603,690,648,300,3,94.9701797086893
st_s002,st_s002,6,2017,2015,68.6937602052197,-131.64161998437,2017-06-03,8,121,194,273,138,287,3,111.937104883843
st_s002,st_s002,6,2017,2015,68.6937602052197,-131.64161998437,2017-06-19,5,137,231,284,224,297,3,64.3654092037884
st_s002,st_s002,7,2017,2015,68.6937602052197,-131.64161998437,2017-07-05,14,276,462,541,469,294,3,88.2109221108231
st_s002,st_s002,6,2018,2015,68.6937602052197,-131.64161998437,2018-06-22,5,179,270,326,303,299,3,79.3299618429862
st_s002,st_s002,7,2018,2015,68.6937602052197,-131.64161998437,2018-07-24,3,312,595,646,1047,294,3,206.835618459657
st_s002,st_s002,5,2019,2015,68.6937602052197,-131.64161998437,2019-05-24,21,316,486,615,620,290,3,265.989009216408
st_s002,st_s002,6,2019,2015,68.6937602052197,-131.64161998437,2019-06-09,6,168,255,298,279,295,3,69.1317993923423
st_s002,st_s002,7,2019,2015,68.6937602052197,-131.64161998437,2019-07-27,12,411,672,742,826,295,3,122.126105090927
st_s002,st_s002,8,2019,2015,68.6937602052197,-131.64161998437,2019-08-12,3,400,686,599,842,281,3,74.0696665710513
st_s002,st_s002,5,2020,2015,68.6937602052197,-131.64161998437,2020-05-26,3,541,796,859,1263,282,3,146.828625447855
st_s002,st_s002,6,2021,2015,68.6937602052197,-131.64161998437,2021-06-14,5,103,227,287,245,293,3,96.4601407298041
st_s002,st_s002,7,2021,2015,68.6937602052197,-131.64161998437,2021-07-16,11,267,463,537,605,294,3,162.582608815231
st_s002,st_s002,6,2022,2015,68.6937602052197,-131.64161998437,2022-06-01,5,267,466,601,595,285,3,249.600397381909
st_s002,st_s002,7,2022,2015,68.6937602052197,-131.64161998437,2022-07-03,9,186,307,355,352,301,3,87.7672307826904
st_s002,st_s002,8,2022,2015,68.6937602052197,-131.64161998437,2022-08-04,10,210,399,486,412,298,3,87.9965651372086
st_s002,st_s002,6,2023,2015,68.6937602052197,-131.64161998437,2023-06-04,10,186,304,380,278,296,3,95.3638789859256
st_s002,st_s002,7,2023,2015,68.6937602052197,-131.64161998437,2023-07-22,9,297,499,529,623,302,3,87.8425325032707
st_s002,st_s002,7,2022,2015,68.6937602052197,-131.64161998437,2022-07-06,3,309,606,554,938,302,3,103.001527468534
st_s002,st_s002,5,2023,2015,68.6937602052197,-131.64161998437,2023-05-22,4,308,460,553,585,292,3,135.552135019966
st_s002,st_s002,6,2023,2015,68.6937602052197,-131.64161998437,2023-06-07,2,127,262,281,289,296,3,65.0554622753041
st_s002,st_s002,7,2023,2015,68.6937602052197,-131.64161998437,2023-07-09,7,350,588,615,658,301,3,75.6727117217209
st_s002,st_s002,7,2023,2015,68.6937602052197,-131.64161998437,2023-07-25,2,370,708,707,676,305,3,63.0809154737918
st_s002,st_s002,7,2024,2015,68.6937602052197,-131.64161998437,2024-07-11,11,190,326,391,574,296,3,200.642940836666
st_s002,st_s002,8,2022,2015,68.6937602052197,-131.64161998437,2022-08-30,12,192,379,474,445,289,3,122.18182555523
st_s002,st_s002,5,2023,2015,68.6937602052197,-131.64161998437,2023-05-29,6,165,274,359,250,294,3,143.616612182145
st_s002,st_s002,6,2023,2015,68.6937602052197,-131.64161998437,2023-06-30,7,152,312,377,345,306,3,93.6274449493713
st_s002,st_s002,6,2024,2015,68.6937602052197,-131.64161998437,2024-06-16,16,220,372,456,337,294,3,115.936914316973
st_s002,st_s002,5,2023,2015,68.6937602052197,-131.64161998437,2023-05-20,14,201,339,423,388,288,3,147.909049855801
st_s002,st_s002,6,2024,2015,68.6937602052197,-131.64161998437,2024-06-23,9,149,267,323,275,294,3,84.6403015993428
st_s002,st_s002,8,2022,2015,68.6937602052197,-131.64161998437,2022-08-05,13,246,456,551,495,299,3,116.061319452948
st_s002,st_s002,5,2023,2015,68.6937602052197,-131.64161998437,2023-05-20,15,203,325,421,427,287,3,214.823208581696
st_s002,st_s002,6,2023,2015,68.6937602052197,-131.64161998437,2023-06-21,3,158,238,271,156,295,3,58.9765695071268
st_s002,st_s002,7,2023,2015,68.6937602052197,-131.64161998437,2023-07-23,2,449,780,821,846,300,3,97.092760866413
st_s002,st_s002,6,2024,2015,68.6937602052197,-131.64161998437,2024-06-23,11,161,275,328,278,294,3,80.6978869173701
st_s002,st_s002,8,2022,2015,68.6937602052197,-131.64161998437,2022-08-12,19,356,652,729,818,296,3,139.261406709102
st_s002,st_s002,6,2023,2015,68.6937602052197,-131.64161998437,2023-06-12,3,121,215,276,110,295,3,75.7136555605477
st_s002,st_s002,7,2023,2015,68.6937602052197,-131.64161998437,2023-07-30,2,363,668,607,878,301,3,72.6159079169795
st_s002,st_s002,5,2024,2015,68.6937602052197,-131.64161998437,2024-05-29,4,337,581,702,941,284,3,279.134831637343
st_s002,st_s002,6,2024,2015,68.6937602052197,-131.64161998437,2024-06-14,17,241,405,512,380,290,3,134.251193512825
st_s002,st_s002,8,2022,2015,68.6937602052197,-131.64161998437,2022-08-12,18,391,669,743,783,295,3,132.897553571504
st_s002,st_s002,7,2023,2015,68.6937602052197,-131.64161998437,2023-07-30,2,355,613,543,998,302,3,76.9776366521641
st_s002,st_s002,5,2024,2015,68.6937602052197,-131.64161998437,2024-05-29,3,324,582,701,773,285,3,251.940708980617
st_s002,st_s002,6,2024,2015,68.6937602052197,-131.64161998437,2024-06-14,17,263,413,515,377,290,3,132.939323178518
st_s002_ref,st_s002_ref,6,1985,1990,68.5406702051966,-131.947049984511,1985-06-22,1,198,293,243,253,295,6,5.72525868987424
st_s002_ref,st_s002_ref,7,1985,1990,68.5406702051966,-131.947049984511,1985-07-08,1,224,308,255,352,288,6,9.64409487841543
st_s002_ref,st_s002_ref,8,1985,1990,68.5406702051966,-131.947049984511,1985-08-25,1,341,426,318,271,282,6,4.07885932409268
st_s002_ref,st_s002_ref,6,1986,1990,68.5406702051966,-131.947049984511,1986-06-09,5,336,453,493,661,282,6,16.5041241969823
st_s002_ref,st_s002_ref,6,1986,1990,68.5406702051966,-131.947049984511,1986-06-25,1,182,187,231,63,291,6,7.97774875307048
st_s002_ref,st_s002_ref,6,1988,1990,68.5406702051966,-131.947049984511,1988-06-14,1,132,165,176,191,291,6,7.63385708266091
st_s002_ref,st_s002_ref,6,1988,1990,68.5406702051966,-131.947049984511,1988-06-30,1,192,241,161,248,294,6,6.56649077249909
st_s002_ref,st_s002_ref,9,1989,1990,68.5406702051966,-131.947049984511,1989-09-05,1,328,311,374,116,286,6,10.6273919556542
st_s002_ref,st_s002_ref,8,1990,1990,68.5406702051966,-131.947049984511,1990-08-07,1,201,245,228,312,287,6,9.02851878305133
st_s002_ref,st_s002_ref,6,1991,1990,68.5406702051966,-131.947049984511,1991-06-07,2,244,224,217,205,284,6,4.69782109889984
st_s002_ref,st_s002_ref,7,1994,1990,68.5406702051966,-131.947049984511,1994-07-01,1,183,235,250,122,295,6,13.067892677846
st_s002_ref,st_s002_ref,8,1994,1990,68.5406702051966,-131.947049984511,1994-08-18,1,250,417,290,308,291,6,6.91995056202658
st_s002_ref,st_s002_ref,5,1998,1995,68.5406702051966,-131.947049984511,1998-05-25,2,259,227,264,255,288,6,8.37765415062327
st_s002_ref,st_s002_ref,7,1998,1995,68.5406702051966,-131.947049984511,1998-07-12,2,152,269,236,238,290,6,12.7434603788296
st_s002_ref,st_s002_ref,7,1998,1995,68.5406702051966,-131.947049984511,1998-07-28,1,220,275,238,256,292,6,9.42856843716386
st_s002_ref,st_s002_ref,7,1999,1995,68.5406702051966,-131.947049984511,1999-07-31,1,190,292,251,269,294,6,12.9020571641036
st_s002_ref,st_s002_ref,6,2004,2000,68.5406702051966,-131.947049984511,2004-06-10,2,289,322,396,381,287,6,15.2214552285788
st_s002_ref,st_s002_ref,8,2005,2005,68.5406702051966,-131.947049984511,2005-08-16,1,194,202,221,130,291,6,5.62209169452125
st_s002_ref,st_s002_ref,6,2006,2005,68.5406702051966,-131.947049984511,2006-06-16,1,196,206,174,177,294,6,4.44519971410363
st_s002_ref,st_s002_ref,8,2006,2005,68.5406702051966,-131.947049984511,2006-08-03,1,138,236,160,56,294,6,7.06875679095875
st_s002_ref,st_s002_ref,9,2006,2005,68.5406702051966,-131.947049984511,2006-09-04,1,207,238,246,110,286,6,12.4565486575751
st_s002_ref,st_s002_ref,6,2007,2005,68.5406702051966,-131.947049984511,2007-06-19,1,174,275,207,165,288,6,6.07884671962601
st_s002_ref,st_s002_ref,8,2007,2005,68.5406702051966,-131.947049984511,2007-08-06,1,164,237,187,274,291,6,5.4579529336087
st_s002_ref,st_s002_ref,8,2007,2005,68.5406702051966,-131.947049984511,2007-08-22,1,226,266,223,242,287,6,4.37784890839749
st_s002_ref,st_s002_ref,8,2010,2010,68.5406702051966,-131.947049984511,2010-08-30,5,275,213,200,344,286,6,4.4713437551199
st_s002_ref,st_s002_ref,7,1985,1990,68.5406702051966,-131.947049984511,1985-07-31,1,206,299,234,311,287,6,8.17521297110209
st_s002_ref,st_s002_ref,6,1987,1990,68.5406702051966,-131.947049984511,1987-06-03,5,379,477,477,602,283,6,11.5015620487939
st_s002_ref,st_s002_ref,6,1988,1990,68.5406702051966,-131.947049984511,1988-06-21,2,240,251,248,201,293,6,7.26244346823546
st_s002_ref,st_s002_ref,6,1989,1990,68.5406702051966,-131.947049984511,1989-06-08,1,268,328,347,316,290,6,10.592000570815
st_s002_ref,st_s002_ref,8,1989,1990,68.5406702051966,-131.947049984511,1989-08-27,3,447,577,512,484,291,6,11.2124719579691
st_s002_ref,st_s002_ref,6,1990,1990,68.5406702051966,-131.947049984511,1990-06-27,2,229,273,270,311,291,6,8.63613287358326
st_s002_ref,st_s002_ref,8,1990,1990,68.5406702051966,-131.947049984511,1990-08-14,1,209,246,273,298,290,6,14.5581071459734
st_s002_ref,st_s002_ref,5,1991,1990,68.5406702051966,-131.947049984511,1991-05-13,11,454,384,394,462,287,6,5.90900778936874
st_s002_ref,st_s002_ref,5,1991,1990,68.5406702051966,-131.947049984511,1991-05-29,2,215,186,238,223,289,6,9.3285774639522
st_s002_ref,st_s002_ref,6,1991,1990,68.5406702051966,-131.947049984511,1991-06-14,1,227,285,309,228,291,6,16.6958906238774
st_s002_ref,st_s002_ref,6,1994,1990,68.5406702051966,-131.947049984511,1994-06-06,3,213,226,202,190,287,6,3.76394293631018
st_s002_ref,st_s002_ref,5,1995,1995,68.5406702051966,-131.947049984511,1995-05-24,15,761,700,771,1039,278,6,13.5040487714914
st_s002_ref,st_s002_ref,7,1995,1995,68.5406702051966,-131.947049984511,1995-07-11,1,166,149,160,315,296,6,7.02612689808391
st_s002_ref,st_s002_ref,7,1996,1995,68.5406702051966,-131.947049984511,1996-07-13,142,529,483,355,1121,292,6,7.05374723190602
st_s002_ref,st_s002_ref,8,1996,1995,68.5406702051966,-131.947049984511,1996-08-14,1,170,285,240,220,290,6,7.92834991356261
st_s002_ref,st_s002_ref,7,1998,1995,68.5406702051966,-131.947049984511,1998-07-19,8,444,536,331,1087,296,6,8.05555867656
st_s002_ref,st_s002_ref,8,1998,1995,68.5406702051966,-131.947049984511,1998-08-20,2,310,339,329,354,290,6,10.436406303369
st_s002_ref,st_s002_ref,9,1998,1995,68.5406702051966,-131.947049984511,1998-09-05,21,690,695,600,604,283,6,5.92737442603528
st_s002_ref,st_s002_ref,7,2004,2000,68.5406702051966,-131.947049984511,2004-07-19,1,308,281,289,249,292,6,6.08430662542169
st_s002_ref,st_s002_ref,6,2005,2005,68.5406702051966,-131.947049984511,2005-06-20,2,168,189,249,247,288,6,23.9680027812418
st_s002_ref,st_s002_ref,7,2006,2005,68.5406702051966,-131.947049984511,2006-07-09,1,170,212,154,136,288,6,3.02545529100452
st_s002_ref,st_s002_ref,7,2006,2005,68.5406702051966,-131.947049984511,2006-07-25,1,143,189,211,195,290,6,16.3851615458481
st_s002_ref,st_s002_ref,8,2006,2005,68.5406702051966,-131.947049984511,2006-08-10,1,168,225,194,112,290,6,6.5824744230869
st_s002_ref,st_s002_ref,7,2007,2005,68.5406702051966,-131.947049984511,2007-07-12,24,345,374,276,606,293,6,6.26849710396946
st_s002_ref,st_s002_ref,8,2007,2005,68.5406702051966,-131.947049984511,2007-08-29,2,242,270,298,593,287,6,17.5387600079948
st_s002_ref,st_s002_ref,8,2008,2005,68.5406702051966,-131.947049984511,2008-08-15,1,258,402,288,276,284,6,4.75425850077574
st_s002_ref,st_s002_ref,7,2009,2005,68.5406702051966,-131.947049984511,2009-07-17,1,252,366,312,292,286,6,13.0071385459747
st_s002_ref,st_s002_ref,9,2009,2005,68.5406702051966,-131.947049984511,2009-09-03,2,406,439,351,432,287,6,4.8632048548303
st_s002_ref,st_s002_ref,5,2010,2010,68.5406702051966,-131.947049984511,2010-05-01,10,936,991,975,1003,276,6,14.7334186662364
st_s002_ref,st_s002_ref,7,2010,2010,68.5406702051966,-131.947049984511,2010-07-04,2,319,419,395,1062,294,6,17.8941190559394
st_s002_ref,st_s002_ref,8,2010,2010,68.5406702051966,-131.947049984511,2010-08-05,1,219,213,233,292,300,6,16.1162305802674
st_s002_ref,st_s002_ref,7,2011,2010,68.5406702051966,-131.947049984511,2011-07-07,1,186,350,264,339,294,6,18.0344282695314
st_s002_ref,st_s002_ref,8,2011,2010,68.5406702051966,-131.947049984511,2011-08-08,7,340,488,358,655,289,6,11.8682037214572
st_s002_ref,st_s002_ref,8,1985,1990,68.5406702051966,-131.947049984511,1985-08-07,1,281,368,378,323,289,6,12.4260788564729
st_s002_ref,st_s002_ref,8,1986,1990,68.5406702051966,-131.947049984511,1986-08-10,1,185,265,244,223,292,6,20.4094175963852
st_s002_ref,st_s002_ref,7,1988,1990,68.5406702051966,-131.947049984511,1988-07-14,1,150,285,232,326,297,6,13.6986541295647
st_s002_ref,st_s002_ref,6,1989,1990,68.5406702051966,-131.947049984511,1989-06-15,2,146,244,237,190,287,6,26.2220381285498
st_s002_ref,st_s002_ref,8,1989,1990,68.5406702051966,-131.947049984511,1989-08-18,3,156,264,239,423,289,6,12.7650266191568
st_s002_ref,st_s002_ref,7,1990,1990,68.5406702051966,-131.947049984511,1990-07-04,1,168,209,245,283,295,6,20.3769903485453
st_s002_ref,st_s002_ref,6,1994,1990,68.5406702051966,-131.947049984511,1994-06-13,1,197,279,208,234,291,6,3.03839340927231
st_s002_ref,st_s002_ref,7,1995,1995,68.5406702051966,-131.947049984511,1995-07-02,1,196,204,170,270,292,6,5.1524451478226
st_s002_ref,st_s002_ref,8,2003,2000,68.5406702051966,-131.947049984511,2003-08-09,2,219,271,232,301,288,6,6.82340972832605
st_s002_ref,st_s002_ref,6,2004,2000,68.5406702051966,-131.947049984511,2004-06-08,3,376,460,507,600,286,6,11.9909695895999
st_s002_ref,st_s002_ref,7,2004,2000,68.5406702051966,-131.947049984511,2004-07-26,1,174,229,245,96,295,6,13.9378291873169
st_s002_ref,st_s002_ref,5,2005,2005,68.5406702051966,-131.947049984511,2005-05-26,9,69,108,106,159,281,6,4.37218053084357
st_s002_ref,st_s002_ref,8,2005,2005,68.5406702051966,-131.947049984511,2005-08-14,3,158,200,177,290,287,6,13.8260471047519
st_s002_ref,st_s002_ref,6,2006,2005,68.5406702051966,-131.947049984511,2006-06-14,2,235,317,296,239,295,6,17.7157905838774
st_s002_ref,st_s002_ref,8,2006,2005,68.5406702051966,-131.947049984511,2006-08-01,4,159,184,207,285,297,6,16.9291623031033
st_s002_ref,st_s002_ref,7,2007,2005,68.5406702051966,-131.947049984511,2007-07-03,2,139,223,203,232,290,6,16.3569886949838
st_s002_ref,st_s002_ref,9,2007,2005,68.5406702051966,-131.947049984511,2007-09-05,2,182,239,275,301,284,6,19.5623712951545
st_s002_ref,st_s002_ref,7,2008,2005,68.5406702051966,-131.947049984511,2008-07-05,1,153,186,209,152,296,6,8.56248950031872
st_s002_ref,st_s002_ref,6,2009,2005,68.5406702051966,-131.947049984511,2009-06-22,1,323,444,292,390,292,6,6.22110627444116
st_s002_ref,st_s002_ref,7,2009,2005,68.5406702051966,-131.947049984511,2009-07-08,3,207,314,239,403,287,6,7.9350447391358
st_s002_ref,st_s002_ref,8,2009,2005,68.5406702051966,-131.947049984511,2009-08-25,3,499,686,701,1315,292,6,35.1979408713779
st_s002_ref,st_s002_ref,5,2011,2010,68.5406702051966,-131.947049984511,2011-05-27,2,361,485,527,616,291,6,17.2032445590524
st_s002_ref,st_s002_ref,8,2011,2010,68.5406702051966,-131.947049984511,2011-08-31,3,209,282,229,343,282,6,9.16217470746536
st_s002_ref,st_s002_ref,7,1986,1990,68.5406702051966,-131.947049984511,1986-07-16,1,296,422,438,449,292,6,27.2960918897468
st_s002_ref,st_s002_ref,9,1986,1990,68.5406702051966,-131.947049984511,1986-09-02,2,257,382,379,584,287,6,30.9658006542118
st_s002_ref,st_s002_ref,8,1988,1990,68.5406702051966,-131.947049984511,1988-08-06,3,451,610,453,954,289,6,11.4540502740936
st_s002_ref,st_s002_ref,6,1989,1990,68.5406702051966,-131.947049984511,1989-06-22,2,167,227,222,192,294,6,6.20060364355246
st_s002_ref,st_s002_ref,7,1991,1990,68.5406702051966,-131.947049984511,1991-07-30,2,220,300,299,311,290,6,20.5885563031956
st_s002_ref,st_s002_ref,7,1994,1990,68.5406702051966,-131.947049984511,1994-07-22,1,206,318,275,383,293,6,8.50812730091625
st_s002_ref,st_s002_ref,6,1995,1995,68.5406702051966,-131.947049984511,1995-06-07,1,113,141,154,149,293,6,9.58701692886758
st_s002_ref,st_s002_ref,6,1996,1995,68.5406702051966,-131.947049984511,1996-06-09,7,400,442,492,403,288,6,12.3391458979781
st_s002_ref,st_s002_ref,8,1996,1995,68.5406702051966,-131.947049984511,1996-08-28,3,253,400,427,392,278,6,64.5159216829861
st_s002_ref,st_s002_ref,6,1998,1995,68.5406702051966,-131.947049984511,1998-06-15,2,207,239,174,242,291,6,3.67236877375546
st_s002_ref,st_s002_ref,6,1999,1995,68.5406702051966,-131.947049984511,1999-06-02,2,292,360,385,491,287,6,5.08307667957652
st_s002_ref,st_s002_ref,7,1999,1995,68.5406702051966,-131.947049984511,1999-07-04,1,280,321,355,192,289,6,14.503523472497
st_s002_ref,st_s002_ref,8,1999,1995,68.5406702051966,-131.947049984511,1999-08-21,2,129,259,268,261,288,6,72.2762311046377
st_s002_ref,st_s002_ref,7,2004,2000,68.5406702051966,-131.947049984511,2004-07-01,2,201,210,212,313,291,6,9.53794940716683
st_s002_ref,st_s002_ref,6,2005,2005,68.5406702051966,-131.947049984511,2005-06-18,2,190,223,201,270,286,6,6.3837837488543
st_s002_ref,st_s002_ref,6,2006,2005,68.5406702051966,-131.947049984511,2006-06-05,11,271,353,377,300,282,6,18.2899434826987
st_s002_ref,st_s002_ref,7,2007,2005,68.5406702051966,-131.947049984511,2007-07-10,1,247,308,347,290,298,6,22.2114972215836
st_s002_ref,st_s002_ref,6,2008,2005,68.5406702051966,-131.947049984511,2008-06-26,2,134,201,203,320,297,6,21.1144554809129
st_s002_ref,st_s002_ref,7,2008,2005,68.5406702051966,-131.947049984511,2008-07-28,1,385,525,429,1229,293,6,18.0566942033639
st_s002_ref,st_s002_ref,6,2009,2005,68.5406702051966,-131.947049984511,2009-06-13,6,233,362,313,315,285,6,12.9496198265952
st_s002_ref,st_s002_ref,8,2010,2010,68.5406702051966,-131.947049984511,2010-08-19,1,106,224,238,196,290,6,164.617483645766
st_s002_ref,st_s002_ref,9,2010,2010,68.5406702051966,-131.947049984511,2010-09-04,4,166,197,215,265,282,6,7.83346265790942
st_s002_ref,st_s002_ref,8,1999,1995,68.5406702051966,-131.947049984511,1999-08-08,1,182,214,224,447,292,6,7.422137683832
st_s002_ref,st_s002_ref,8,1999,1995,68.5406702051966,-131.947049984511,1999-08-24,2,219,251,212,247,285,6,6.10311666915809
st_s002_ref,st_s002_ref,6,2001,2000,68.5406702051966,-131.947049984511,2001-06-10,7,385,405,492,475,283,6,21.1377450730709
st_s002_ref,st_s002_ref,5,2002,2000,68.5406702051966,-131.947049984511,2002-05-28,6,652,541,497,585,276,6,4.87413907512702
st_s002_ref,st_s002_ref,8,2004,2000,68.5406702051966,-131.947049984511,2004-08-05,1,59,178,167,323,286,6,644.755638564691
st_s002_ref,st_s002_ref,7,2006,2005,68.5406702051966,-131.947049984511,2006-07-26,2,130,160,154,264,292,6,11.7415661748203
st_s002_ref,st_s002_ref,6,2008,2005,68.5406702051966,-131.947049984511,2008-06-29,1,149,215,211,421,291,6,10.5349846458095
st_s002_ref,st_s002_ref,8,2008,2005,68.5406702051966,-131.947049984511,2008-08-16,2,291,326,264,682,285,6,8.21590004727112
st_s002_ref,st_s002_ref,5,2010,2010,68.5406702051966,-131.947049984511,2010-05-02,10,1087,1147,1362,1461,275,6,47.9311221593599
st_s002_ref,st_s002_ref,5,2011,2010,68.5406702051966,-131.947049984511,2011-05-21,7,1555,1337,1241,1147,273,6,5.0603917944407
st_s002_ref,st_s002_ref,6,2011,2010,68.5406702051966,-131.947049984511,2011-06-22,1,356,378,337,1240,297,6,10.8490904626028
st_s002_ref,st_s002_ref,6,2016,2015,68.5406702051966,-131.947049984511,2016-06-19,1,410,517,418,1245,297,6,17.1000918751067
st_s002_ref,st_s002_ref,8,2016,2015,68.5406702051966,-131.947049984511,2016-08-06,5,358,535,605,1196,288,6,95.9975002621175
st_s002_ref,st_s002_ref,5,2017,2015,68.5406702051966,-131.947049984511,2017-05-21,3,372,495,564,800,282,6,25.6887196413363
st_s002_ref,st_s002_ref,8,2017,2015,68.5406702051966,-131.947049984511,2017-08-09,8,217,211,118,374,293,6,4.66092790867571
st_s002_ref,st_s002_ref,6,2019,2015,68.5406702051966,-131.947049984511,2019-06-28,1,250,329,262,338,289,6,7.90453437725247
st_s002_ref,st_s002_ref,8,2020,2015,68.5406702051966,-131.947049984511,2020-08-01,2,293,420,356,1179,294,6,23.6282718138193
st_s002_ref,st_s002_ref,6,2021,2015,68.5406702051966,-131.947049984511,2021-06-17,1,193,272,216,286,290,6,12.2151046862681
st_s002_ref,st_s002_ref,7,2021,2015,68.5406702051966,-131.947049984511,2021-07-19,2,337,476,450,1095,290,6,26.0870179305809
st_s002_ref,st_s002_ref,6,2022,2015,68.5406702051966,-131.947049984511,2022-06-02,1,372,461,580,593,278,6,41.667844812481
st_s002_ref,st_s002_ref,6,2022,2015,68.5406702051966,-131.947049984511,2022-06-19,2,224,256,243,274,286,6,8.46144967416514
st_s002_ref,st_s002_ref,7,2022,2015,68.5406702051966,-131.947049984511,2022-07-06,10,493,555,407,1304,298,6,8.61010932249221
st_s002_ref,st_s002_ref,6,2023,2015,68.5406702051966,-131.947049984511,2023-06-24,2,228,272,250,357,288,6,8.74153673283839
st_s002_ref,st_s002_ref,7,1999,1995,68.5406702051966,-131.947049984511,1999-07-14,1,121,220,189,308,290,6,40.3593727784642
st_s002_ref,st_s002_ref,7,1999,1995,68.5406702051966,-131.947049984511,1999-07-30,2,161,250,263,389,291,6,32.8125718931389
st_s002_ref,st_s002_ref,6,2000,2000,68.5406702051966,-131.947049984511,2000-06-14,24,513,412,393,392,287,6,4.43384029304389
st_s002_ref,st_s002_ref,8,2000,2000,68.5406702051966,-131.947049984511,2000-08-17,1,168,147,181,156,285,6,7.66890459514198
st_s002_ref,st_s002_ref,8,2001,2000,68.5406702051966,-131.947049984511,2001-08-04,1,215,230,186,395,289,6,7.46813987826231
st_s002_ref,st_s002_ref,8,2001,2000,68.5406702051966,-131.947049984511,2001-08-20,2,167,216,211,325,286,6,19.7670593073639
st_s002_ref,st_s002_ref,8,2002,2000,68.5406702051966,-131.947049984511,2002-08-07,1,161,150,187,337,286,6,14.3042344041972
st_s002_ref,st_s002_ref,8,2003,2000,68.5406702051966,-131.947049984511,2003-08-26,1,312,275,314,312,289,6,8.59135457621922
st_s002_ref,st_s002_ref,8,2005,2005,68.5406702051966,-131.947049984511,2005-08-15,2,160,164,181,339,288,6,14.5451780625327
st_s002_ref,st_s002_ref,6,2006,2005,68.5406702051966,-131.947049984511,2006-06-15,1,199,262,323,378,290,6,21.0785131417991
st_s002_ref,st_s002_ref,8,2006,2005,68.5406702051966,-131.947049984511,2006-08-02,1,127,167,227,293,295,6,40.0098399594636
st_s002_ref,st_s002_ref,9,2006,2005,68.5406702051966,-131.947049984511,2006-09-03,2,222,229,271,381,283,6,17.7035851797402
st_s002_ref,st_s002_ref,6,2007,2005,68.5406702051966,-131.947049984511,2007-06-18,2,193,209,232,306,288,6,11.3939665788327
st_s002_ref,st_s002_ref,9,2007,2005,68.5406702051966,-131.947049984511,2007-09-06,2,332,272,333,362,283,6,7.19217973396698
st_s002_ref,st_s002_ref,6,2008,2005,68.5406702051966,-131.947049984511,2008-06-20,2,190,174,184,330,287,6,10.5678656706604
st_s002_ref,st_s002_ref,7,2011,2010,68.5406702051966,-131.947049984511,2011-07-15,1,168,210,169,395,294,6,8.61182417334706
st_s002_ref,st_s002_ref,7,2011,2010,68.5406702051966,-131.947049984511,2011-07-31,2,258,254,203,367,295,6,4.70090811982864
st_s002_ref,st_s002_ref,5,2012,2010,68.5406702051966,-131.947049984511,2012-05-30,23,537,494,460,650,281,6,6.74549682266475
st_s002_ref,st_s002_ref,7,2012,2010,68.5406702051966,-131.947049984511,2012-07-01,1,207,240,271,367,296,6,19.6433928217832
st_s002_ref,st_s002_ref,8,2012,2010,68.5406702051966,-131.947049984511,2012-08-18,2,183,247,292,381,290,6,61.4984225225127
st_s002_ref,st_s002_ref,7,2013,2010,68.5406702051966,-131.947049984511,2013-07-04,4,309,367,381,1100,290,6,21.9782592243395
st_s002_ref,st_s002_ref,9,2013,2010,68.5406702051966,-131.947049984511,2013-09-06,1,410,474,586,571,283,6,58.8455701605494
st_s002_ref,st_s002_ref,7,2014,2010,68.5406702051966,-131.947049984511,2014-07-07,2,154,191,185,354,293,6,11.6836414483527
st_s002_ref,st_s002_ref,6,2016,2015,68.5406702051966,-131.947049984511,2016-06-26,7,323,493,520,1089,296,6,63.1345140434841
st_s002_ref,st_s002_ref,7,2016,2015,68.5406702051966,-131.947049984511,2016-07-28,1,161,330,407,294,294,6,614.654344633735
st_s002_ref,st_s002_ref,8,2016,2015,68.5406702051966,-131.947049984511,2016-08-13,3,314,480,543,1189,293,6,83.5801033121932
st_s002_ref,st_s002_ref,6,2017,2015,68.5406702051966,-131.947049984511,2017-06-29,2,203,347,370,726,291,6,79.8664028134511
st_s002_ref,st_s002_ref,8,2020,2015,68.5406702051966,-131.947049984511,2020-08-24,1,269,243,198,264,290,6,4.10138145672157
st_s002_ref,st_s002_ref,6,2021,2015,68.5406702051966,-131.947049984511,2021-06-24,1,271,310,261,418,297,6,9.2100621805053
st_s002_ref,st_s002_ref,8,2021,2015,68.5406702051966,-131.947049984511,2021-08-11,4,446,515,420,1213,287,6,12.4908640864017
st_s002_ref,st_s002_ref,6,2023,2015,68.5406702051966,-131.947049984511,2023-06-12,1,129,240,286,409,287,6,75.2043508338647
st_s002_ref,st_s002_ref,7,2023,2015,68.5406702051966,-131.947049984511,2023-07-04,1,282,415,340,1323,302,6,9.58318771627579
st_s002_ref,st_s002_ref,7,2023,2015,68.5406702051966,-131.947049984511,2023-07-26,6,542,529,439,1248,296,6,9.72126616751497
st_s002_ref,st_s002_ref,7,1999,1995,68.5406702051966,-131.947049984511,1999-07-05,7,630,651,634,1224,284,6,13.083876018121
st_s002_ref,st_s002_ref,7,2004,2000,68.5406702051966,-131.947049984511,2004-07-02,5,397,499,402,1076,291,6,11.6352951501232
st_s002_ref,st_s002_ref,7,2004,2000,68.5406702051966,-131.947049984511,2004-07-18,1,173,225,203,249,293,6,10.6985820478522
st_s002_ref,st_s002_ref,7,2007,2005,68.5406702051966,-131.947049984511,2007-07-11,1,276,320,338,435,298,6,20.4942418244154
st_s002_ref,st_s002_ref,8,2007,2005,68.5406702051966,-131.947049984511,2007-08-12,2,171,215,207,409,288,6,16.7368050306802
st_s002_ref,st_s002_ref,8,2007,2005,68.5406702051966,-131.947049984511,2007-08-28,3,174,246,244,383,286,6,22.7036028399426
st_s002_ref,st_s002_ref,9,2009,2005,68.5406702051966,-131.947049984511,2009-09-02,5,256,320,322,472,285,6,10.9641933734307
st_s002_ref,st_s002_ref,8,2010,2010,68.5406702051966,-131.947049984511,2010-08-04,1,181,189,215,399,294,6,13.8744298918596
st_s002_ref,st_s002_ref,6,2012,2010,68.5406702051966,-131.947049984511,2012-06-22,1,217,214,211,323,293,6,7.54549710061689
st_s002_ref,st_s002_ref,8,2012,2010,68.5406702051966,-131.947049984511,2012-08-09,1,164,205,185,405,291,6,10.7811728674083
st_s002_ref,st_s002_ref,8,2013,2010,68.5406702051966,-131.947049984511,2013-08-12,1,225,231,211,356,296,6,6.04876179805603
st_s002_ref,st_s002_ref,8,2013,2010,68.5406702051966,-131.947049984511,2013-08-28,1,229,298,333,443,283,6,82.5245926009544
st_s002_ref,st_s002_ref,5,2017,2015,68.5406702051966,-131.947049984511,2017-05-19,66,658,654,636,1143,280,6,11.7276132303123
st_s002_ref,st_s002_ref,8,2017,2015,68.5406702051966,-131.947049984511,2017-08-07,2,168,256,287,452,294,6,77.3665773783226
st_s002_ref,st_s002_ref,6,2019,2015,68.5406702051966,-131.947049984511,2019-06-26,7,204,211,134,352,285,6,6.2100619714666
st_s002_ref,st_s002_ref,5,2020,2015,68.5406702051966,-131.947049984511,2020-05-27,45,721,769,812,1155,281,6,20.0210922536036
st_s002_ref,st_s002_ref,6,2020,2015,68.5406702051966,-131.947049984511,2020-06-28,1,184,178,211,229,289,6,11.1460010605494
st_s002_ref,st_s002_ref,6,2021,2015,68.5406702051966,-131.947049984511,2021-06-15,1,243,346,351,1015,295,6,10.2561762188908
st_s002_ref,st_s002_ref,7,2021,2015,68.5406702051966,-131.947049984511,2021-07-17,1,268,326,344,403,295,6,17.0279220700841
st_s002_ref,st_s002_ref,7,2022,2015,68.5406702051966,-131.947049984511,2022-07-16,1,325,458,418,1118,289,6,13.5621884384818
st_s002_ref,st_s002_ref,7,2023,2015,68.5406702051966,-131.947049984511,2023-07-09,1,145,296,299,372,296,6,114.119612729286
st_s002_ref,st_s002_ref,8,2023,2015,68.5406702051966,-131.947049984511,2023-08-05,3,398,457,363,1002,292,6,10.1401816324992
st_s002_ref,st_s002_ref,6,2000,2000,68.5406702051966,-131.947049984511,2000-06-12,22,235,272,233,305,283,6,6.68123909825797
st_s002_ref,st_s002_ref,8,2000,2000,68.5406702051966,-131.947049984511,2000-08-31,2,110,159,169,303,281,6,16.9485527246488
st_s002_ref,st_s002_ref,7,2001,2000,68.5406702051966,-131.947049984511,2001-07-17,5,178,203,168,597,295,6,14.9953392258664
st_s002_ref,st_s002_ref,7,2002,2000,68.5406702051966,-131.947049984511,2002-07-20,2,132,220,187,407,298,6,29.4723629926845
st_s002_ref,st_s002_ref,9,2002,2000,68.5406702051966,-131.947049984511,2002-09-06,3,158,157,242,367,288,6,28.0180491210367
st_s002_ref,st_s002_ref,7,2004,2000,68.5406702051966,-131.947049984511,2004-07-25,2,147,245,214,717,293,6,11.8925741196934
st_s002_ref,st_s002_ref,8,2004,2000,68.5406702051966,-131.947049984511,2004-08-10,3,425,454,334,978,294,6,8.45837177073732
st_s002_ref,st_s002_ref,8,2005,2005,68.5406702051966,-131.947049984511,2005-08-29,3,163,196,154,402,284,6,5.5357474990131
st_s002_ref,st_s002_ref,6,2007,2005,68.5406702051966,-131.947049984511,2007-06-16,3,228,236,226,439,289,6,9.04642900455708
st_s002_ref,st_s002_ref,9,2007,2005,68.5406702051966,-131.947049984511,2007-09-04,2,183,178,250,316,284,6,22.5330525914371
st_s002_ref,st_s002_ref,7,2008,2005,68.5406702051966,-131.947049984511,2008-07-04,1,136,231,149,274,295,6,5.35318641714349
st_s002_ref,st_s002_ref,6,2012,2010,68.5406702051966,-131.947049984511,2012-06-13,3,189,225,209,400,289,6,10.6313150583648
st_s002_ref,st_s002_ref,5,2013,2010,68.5406702051966,-131.947049984511,2013-05-31,1,670,735,711,1252,281,6,13.6145223509143
st_s002_ref,st_s002_ref,6,2014,2010,68.5406702051966,-131.947049984511,2014-06-03,2,260,341,418,408,279,6,41.1122346734977
st_s002_ref,st_s002_ref,5,2015,2015,68.5406702051966,-131.947049984511,2015-05-21,19,440,581,646,836,282,6,26.4368693165507
st_s002_ref,st_s002_ref,8,2015,2015,68.5406702051966,-131.947049984511,2015-08-09,2,285,336,306,754,292,6,12.2160584192962
st_s002_ref,st_s002_ref,6,2016,2015,68.5406702051966,-131.947049984511,2016-06-24,6,313,507,561,581,294,6,98.6599064006597
st_s002_ref,st_s002_ref,7,2017,2015,68.5406702051966,-131.947049984511,2017-07-29,6,70,102,86,277,290,6,11.0530275283146
st_s002_ref,st_s002_ref,6,2018,2015,68.5406702051966,-131.947049984511,2018-06-30,2,180,264,266,366,290,6,28.4800268166281
st_s002_ref,st_s002_ref,7,2018,2015,68.5406702051966,-131.947049984511,2018-07-16,1,200,269,293,315,292,6,24.742191790585
st_s002_ref,st_s002_ref,6,2019,2015,68.5406702051966,-131.947049984511,2019-06-17,2,224,246,249,338,287,6,9.3574735020456
st_s002_ref,st_s002_ref,8,2019,2015,68.5406702051966,-131.947049984511,2019-08-20,14,707,804,750,1328,275,6,14.6795874542035
st_s002_ref,st_s002_ref,7,2013,2010,68.5406702051966,-131.947049984511,2013-07-21,2,131,159,171,122,294,6,10.9029266115696
st_s002_ref,st_s002_ref,5,2015,2015,68.5406702051966,-131.947049984511,2015-05-24,12,123,223,308,229,290,6,132.046965321697
st_s002_ref,st_s002_ref,5,2016,2015,68.5406702051966,-131.947049984511,2016-05-10,6,453,778,746,1097,282,6,66.8212395077582
st_s002_ref,st_s002_ref,6,2016,2015,68.5406702051966,-131.947049984511,2016-06-11,5,115,183,215,321,288,6,27.7894785659831
st_s002_ref,st_s002_ref,6,2017,2015,68.5406702051966,-131.947049984511,2017-06-14,1,49,106,116,16,290,6,71.8274186181977
st_s002_ref,st_s002_ref,6,2017,2015,68.5406702051966,-131.947049984511,2017-06-30,6,132,221,265,224,293,6,47.4036639867252
st_s002_ref,st_s002_ref,8,2017,2015,68.5406702051966,-131.947049984511,2017-08-01,4,101,163,186,233,296,6,27.932902941949
st_s002_ref,st_s002_ref,9,2017,2015,68.5406702051966,-131.947049984511,2017-09-02,2,125,322,390,378,286,6,436.41785143596
st_s002_ref,st_s002_ref,6,2018,2015,68.5406702051966,-131.947049984511,2018-06-17,2,100,130,137,116,289,6,10.1721213260824
st_s002_ref,st_s002_ref,5,2021,2015,68.5406702051966,-131.947049984511,2021-05-24,3,165,245,302,284,284,6,25.7379131563391
st_s002_ref,st_s002_ref,6,2024,2015,68.5406702051966,-131.947049984511,2024-06-17,11,162,253,295,250,293,6,34.0472030244999
st_s002_ref,st_s002_ref,6,2013,2010,68.5406702051966,-131.947049984511,2013-06-26,4,121,179,151,254,296,6,8.08527864480492
st_s002_ref,st_s002_ref,6,2014,2010,68.5406702051966,-131.947049984511,2014-06-29,1,123,156,162,210,296,6,10.6593745177225
st_s002_ref,st_s002_ref,5,2015,2015,68.5406702051966,-131.947049984511,2015-05-15,4,1082,1287,1372,1507,277,6,46.732309953234
st_s002_ref,st_s002_ref,6,2016,2015,68.5406702051966,-131.947049984511,2016-06-18,6,122,259,314,311,296,6,84.979783180441
st_s002_ref,st_s002_ref,7,2016,2015,68.5406702051966,-131.947049984511,2016-07-04,15,293,559,622,681,298,6,163.241008800629
st_s002_ref,st_s002_ref,6,2017,2015,68.5406702051966,-131.947049984511,2017-06-05,6,91,153,205,125,287,6,26.2350371558739
st_s002_ref,st_s002_ref,6,2017,2015,68.5406702051966,-131.947049984511,2017-06-21,2,100,165,188,126,296,6,23.3396277921798
st_s002_ref,st_s002_ref,6,2018,2015,68.5406702051966,-131.947049984511,2018-06-08,6,109,172,193,181,287,6,16.3131822642374
st_s002_ref,st_s002_ref,7,2018,2015,68.5406702051966,-131.947049984511,2018-07-26,4,110,220,241,244,298,6,57.9584041306436
st_s002_ref,st_s002_ref,6,2019,2015,68.5406702051966,-131.947049984511,2019-06-27,3,72,180,179,218,291,6,50.0477846969035
st_s002_ref,st_s002_ref,7,2019,2015,68.5406702051966,-131.947049984511,2019-07-13,6,131,247,240,284,296,6,28.7140186175647
st_s002_ref,st_s002_ref,6,2020,2015,68.5406702051966,-131.947049984511,2020-06-13,2,101,186,201,208,295,6,22.7377791365635
st_s002_ref,st_s002_ref,6,2021,2015,68.5406702051966,-131.947049984511,2021-06-16,1,86,138,156,93,295,6,16.1295684638791
st_s002_ref,st_s002_ref,8,2022,2015,68.5406702051966,-131.947049984511,2022-08-22,2,73,111,128,97,282,6,21.2947353860501
st_s002_ref,st_s002_ref,5,2023,2015,68.5406702051966,-131.947049984511,2023-05-21,3,202,354,395,439,281,6,41.6396901345756
st_s002_ref,st_s002_ref,6,2024,2015,68.5406702051966,-131.947049984511,2024-06-08,2,221,434,565,589,293,6,304.363153926326
st_s002_ref,st_s002_ref,6,2024,2015,68.5406702051966,-131.947049984511,2024-06-24,7,95,192,210,209,296,6,28.0653753467587
st_s002_ref,st_s002_ref,7,2013,2010,68.5406702051966,-131.947049984511,2013-07-19,6,76,149,158,187,293,6,61.3749422457973
st_s002_ref,st_s002_ref,6,2014,2010,68.5406702051966,-131.947049984511,2014-06-04,8,113,184,260,150,286,6,122.300073369809
st_s002_ref,st_s002_ref,6,2014,2010,68.5406702051966,-131.947049984511,2014-06-20,5,88,112,136,96,288,6,15.2189748025927
st_s002_ref,st_s002_ref,7,2014,2010,68.5406702051966,-131.947049984511,2014-07-06,7,97,173,217,217,293,6,96.0498255272963
st_s002_ref,st_s002_ref,8,2015,2015,68.5406702051966,-131.947049984511,2015-08-10,1,71,140,116,233,296,6,14.1146603534795
st_s002_ref,st_s002_ref,7,2016,2015,68.5406702051966,-131.947049984511,2016-07-27,6,96,183,242,237,294,6,189.762203527279
st_s002_ref,st_s002_ref,7,2017,2015,68.5406702051966,-131.947049984511,2017-07-30,8,51,108,124,121,294,6,67.3469269819595
st_s002_ref,st_s002_ref,8,2018,2015,68.5406702051966,-131.947049984511,2018-08-18,7,76,163,198,161,284,6,96.6570085595154
st_s002_ref,st_s002_ref,6,2019,2015,68.5406702051966,-131.947049984511,2019-06-18,7,69,133,153,196,291,6,44.8640440029964
st_s002_ref,st_s002_ref,7,2019,2015,68.5406702051966,-131.947049984511,2019-07-20,2,167,477,267,1030,294,6,11.4649295777314
st_s002_ref,st_s002_ref,8,2019,2015,68.5406702051966,-131.947049984511,2019-08-21,2,79,214,214,483,285,6,126.970715406169
st_s002_ref,st_s002_ref,6,2020,2015,68.5406702051966,-131.947049984511,2020-06-04,17,167,296,400,285,285,6,188.120245561835
st_s002_ref,st_s002_ref,8,2020,2015,68.5406702051966,-131.947049984511,2020-08-23,6,44,124,146,230,293,6,322.610355538381
st_s002_ref,st_s002_ref,5,2021,2015,68.5406702051966,-131.947049984511,2021-05-22,13,187,229,235,379,286,6,13.6825960525349
st_s002_ref,st_s002_ref,6,2021,2015,68.5406702051966,-131.947049984511,2021-06-23,6,99,177,180,126,296,6,26.9929949362192
st_s002_ref,st_s002_ref,8,2021,2015,68.5406702051966,-131.947049984511,2021-08-26,4,65,179,179,163,292,6,124.935048484255
st_s002_ref,st_s002_ref,8,2022,2015,68.5406702051966,-131.947049984511,2022-08-13,5,78,165,204,157,297,6,197.927039534699
st_s002_ref,st_s002_ref,5,2023,2015,68.5406702051966,-131.947049984511,2023-05-28,8,112,195,236,227,284,6,47.3469120834689
st_s002_ref,st_s002_ref,6,2024,2015,68.5406702051966,-131.947049984511,2024-06-15,20,151,281,331,296,291,6,62.2336066031196
st_s002_ref,st_s002_ref,7,2013,2010,68.5406702051966,-131.947049984511,2013-07-10,4,104,149,157,184,292,6,16.5554539639237
st_s002_ref,st_s002_ref,8,2013,2010,68.5406702051966,-131.947049984511,2013-08-11,5,95,159,153,230,304,6,20.3735324149669
st_s002_ref,st_s002_ref,6,2014,2010,68.5406702051966,-131.947049984511,2014-06-11,4,121,183,206,140,289,6,17.2233023454397
st_s002_ref,st_s002_ref,6,2014,2010,68.5406702051966,-131.947049984511,2014-06-27,2,77,117,139,69,295,6,16.8022082012288
st_s002_ref,st_s002_ref,7,2014,2010,68.5406702051966,-131.947049984511,2014-07-13,2,46,107,125,104,300,6,76.1571840513424
st_s002_ref,st_s002_ref,7,2016,2015,68.5406702051966,-131.947049984511,2016-07-02,11,202,436,525,409,296,6,442.276232221543
st_s002_ref,st_s002_ref,5,2017,2015,68.5406702051966,-131.947049984511,2017-05-18,6,241,507,580,1306,281,6,262.851881589498
st_s002_ref,st_s002_ref,6,2017,2015,68.5406702051966,-131.947049984511,2017-06-03,6,89,165,228,139,286,6,106.269983675542
st_s002_ref,st_s002_ref,6,2017,2015,68.5406702051966,-131.947049984511,2017-06-19,5,71,157,193,102,296,6,114.146268860063
st_s002_ref,st_s002_ref,6,2018,2015,68.5406702051966,-131.947049984511,2018-06-22,2,103,195,213,235,294,6,22.1719704386788
st_s002_ref,st_s002_ref,5,2019,2015,68.5406702051966,-131.947049984511,2019-05-24,29,208,364,469,448,286,6,152.192197904323
st_s002_ref,st_s002_ref,7,2019,2015,68.5406702051966,-131.947049984511,2019-07-27,7,89,225,192,281,293,6,25.0073257181342
st_s002_ref,st_s002_ref,6,2021,2015,68.5406702051966,-131.947049984511,2021-06-14,3,92,149,177,78,292,6,25.3352424987466
st_s002_ref,st_s002_ref,7,2021,2015,68.5406702051966,-131.947049984511,2021-07-16,7,126,243,271,238,293,6,59.6500819040691
st_s002_ref,st_s002_ref,6,2022,2015,68.5406702051966,-131.947049984511,2022-06-01,5,55,138,194,125,284,6,676.865651956157
st_s002_ref,st_s002_ref,8,2022,2015,68.5406702051966,-131.947049984511,2022-08-04,4,71,137,160,164,296,6,63.7705047586457
st_s002_ref,st_s002_ref,6,2023,2015,68.5406702051966,-131.947049984511,2023-06-04,5,106,157,183,155,294,6,17.3833672535656
st_s002_ref,st_s002_ref,7,2023,2015,68.5406702051966,-131.947049984511,2023-07-06,8,125,246,265,295,301,6,61.6568262188798
st_s002_ref,st_s002_ref,6,2024,2015,68.5406702051966,-131.947049984511,2024-06-06,3,238,450,574,662,283,6,136.383144019984
st_s002_ref,st_s002_ref,7,2013,2010,68.5406702051966,-131.947049984511,2013-07-10,3,83,132,149,172,292,6,27.9374290564801
st_s002_ref,st_s002_ref,8,2013,2010,68.5406702051966,-131.947049984511,2013-08-11,5,94,162,151,230,304,6,19.3703353009772
st_s002_ref,st_s002_ref,6,2014,2010,68.5406702051966,-131.947049984511,2014-06-11,5,124,194,210,161,289,6,17.9737170051361
st_s002_ref,st_s002_ref,6,2014,2010,68.5406702051966,-131.947049984511,2014-06-27,3,76,113,141,47,295,6,18.6463122817321
st_s002_ref,st_s002_ref,7,2014,2010,68.5406702051966,-131.947049984511,2014-07-13,2,56,113,131,99,300,6,47.8474650541755
st_s002_ref,st_s002_ref,8,2014,2010,68.5406702051966,-131.947049984511,2014-08-14,2,80,139,164,115,288,6,36.5675956498691
st_s002_ref,st_s002_ref,5,2015,2015,68.5406702051966,-131.947049984511,2015-05-13,6,713,1038,1099,1423,280,6,84.8592018623852
st_s002_ref,st_s002_ref,7,2016,2015,68.5406702051966,-131.947049984511,2016-07-02,11,201,437,518,412,296,6,428.921911947499
st_s002_ref,st_s002_ref,6,2017,2015,68.5406702051966,-131.947049984511,2017-06-03,6,95,161,226,131,286,6,77.6585701634246
st_s002_ref,st_s002_ref,6,2017,2015,68.5406702051966,-131.947049984511,2017-06-19,5,83,159,197,89,296,6,63.048074687837
st_s002_ref,st_s002_ref,6,2018,2015,68.5406702051966,-131.947049984511,2018-06-22,2,100,188,208,232,294,6,22.4775839830101
st_s002_ref,st_s002_ref,5,2019,2015,68.5406702051966,-131.947049984511,2019-05-24,28,210,356,446,439,286,6,96.1625612151003
st_s002_ref,st_s002_ref,7,2019,2015,68.5406702051966,-131.947049984511,2019-07-27,6,123,243,220,319,293,6,21.5709705810679
st_s002_ref,st_s002_ref,6,2021,2015,68.5406702051966,-131.947049984511,2021-06-14,3,83,145,173,62,292,6,30.4340596624835
st_s002_ref,st_s002_ref,7,2021,2015,68.5406702051966,-131.947049984511,2021-07-16,7,135,250,281,223,293,6,52.6902537106927
st_s002_ref,st_s002_ref,6,2022,2015,68.5406702051966,-131.947049984511,2022-06-01,5,59,133,190,122,284,6,412.832315200674
st_s002_ref,st_s002_ref,8,2022,2015,68.5406702051966,-131.947049984511,2022-08-04,6,88,146,168,197,296,6,33.889875296727
st_s002_ref,st_s002_ref,6,2023,2015,68.5406702051966,-131.947049984511,2023-06-04,5,109,157,177,153,294,6,14.843402738001
st_s002_ref,st_s002_ref,7,2023,2015,68.5406702051966,-131.947049984511,2023-07-06,7,120,237,267,233,301,6,82.8359127946793
st_s002_ref,st_s002_ref,7,2022,2015,68.5406702051966,-131.947049984511,2022-07-06,3,181,435,281,855,300,6,22.5212543576007
st_s002_ref,st_s002_ref,5,2023,2015,68.5406702051966,-131.947049984511,2023-05-22,2,103,257,343,297,289,6,481.273517898594
st_s002_ref,st_s002_ref,7,2023,2015,68.5406702051966,-131.947049984511,2023-07-09,5,148,224,246,322,299,6,25.5975125346512
st_s002_ref,st_s002_ref,8,2022,2015,68.5406702051966,-131.947049984511,2022-08-30,1,48,78,119,78,288,6,81.9517854434964
st_s002_ref,st_s002_ref,5,2023,2015,68.5406702051966,-131.947049984511,2023-05-29,1,96,155,199,101,290,6,68.9157149164901
st_s002_ref,st_s002_ref,6,2023,2015,68.5406702051966,-131.947049984511,2023-06-30,4,156,245,265,261,303,6,25.4525480231573
st_s002_ref,st_s002_ref,8,2023,2015,68.5406702051966,-131.947049984511,2023-08-01,2,187,663,168,1142,298,6,18.6774265435881
st_s002_ref,st_s002_ref,6,2024,2015,68.5406702051966,-131.947049984511,2024-06-16,15,150,262,311,308,292,6,47.1260947382517
st_s002_ref,st_s002_ref,8,2022,2015,68.5406702051966,-131.947049984511,2022-08-05,6,93,184,223,179,297,6,130.843648759685
st_s002_ref,st_s002_ref,5,2023,2015,68.5406702051966,-131.947049984511,2023-05-20,7,779,930,1033,1130,285,6,48.0964012981238
st_s002_ref,st_s002_ref,6,2023,2015,68.5406702051966,-131.947049984511,2023-06-21,6,113,170,173,231,293,6,18.0381795353904
st_s002_ref,st_s002_ref,5,2024,2015,68.5406702051966,-131.947049984511,2024-05-22,3,1558,1514,1361,1793,275,6,8.98098490466211
st_s002_ref,st_s002_ref,6,2024,2015,68.5406702051966,-131.947049984511,2024-06-23,7,126,195,226,190,293,6,39.2402272770306
st_s002_ref,st_s002_ref,5,2022,2015,68.5406702051966,-131.947049984511,2022-05-24,3,510,687,804,952,283,6,52.3305393600789
st_s002_ref,st_s002_ref,6,2022,2015,68.5406702051966,-131.947049984511,2022-06-09,7,112,171,205,148,283,6,17.492317556808
st_s002_ref,st_s002_ref,8,2022,2015,68.5406702051966,-131.947049984511,2022-08-12,5,65,161,197,125,294,6,225.834338310974
st_s002_ref,st_s002_ref,6,2024,2015,68.5406702051966,-131.947049984511,2024-06-14,21,178,303,380,339,288,6,75.7136467529541
st_s002_ref,st_s002_ref,5,2022,2015,68.5406702051966,-131.947049984511,2022-05-24,2,852,1151,1164,1289,282,6,53.79607882521
st_s002_ref,st_s002_ref,6,2022,2015,68.5406702051966,-131.947049984511,2022-06-09,6,103,163,201,149,282,6,34.4076309945522
st_s002_ref,st_s002_ref,8,2022,2015,68.5406702051966,-131.947049984511,2022-08-12,6,78,169,201,178,294,6,114.651794108068
st_s002_ref,st_s002_ref,6,2024,2015,68.5406702051966,-131.947049984511,2024-06-14,20,160,296,374,320,288,6,101.228275316073
st_s003,st_s003,7,1984,1990,68.3782602051642,-122.500239984592,1984-07-11,15,421,522,435,727,296,3,21.583840724625
st_s003,st_s003,6,1985,1990,68.3782602051642,-122.500239984592,1985-06-12,5,359,429,395,382,285,3,26.5159229076529
st_s003,st_s003,6,1985,1990,68.3782602051642,-122.500239984592,1985-06-28,2,384,495,375,267,293,3,12.5860010968162
st_s003,st_s003,7,1985,1990,68.3782602051642,-122.500239984592,1985-07-30,5,302,505,370,381,288,3,18.4813595172666
st_s003,st_s003,7,1986,1990,68.3782602051642,-122.500239984592,1986-07-17,1,326,370,306,285,288,3,18.9830689874579
st_s003,st_s003,7,1987,1990,68.3782602051642,-122.500239984592,1987-07-20,3,272,385,313,321,292,3,14.7640239762582
st_s003,st_s003,7,1988,1990,68.3782602051642,-122.500239984592,1988-07-06,1,240,241,191,135,294,3,8.9377459488788
st_s003,st_s003,6,1989,1990,68.3782602051642,-122.500239984592,1989-06-23,3,354,366,303,267,289,3,16.8840861992902
st_s003,st_s003,8,1989,1990,68.3782602051642,-122.500239984592,1989-08-26,1,363,527,458,444,290,3,24.4757256076384
st_s003,st_s003,7,1990,1990,68.3782602051642,-122.500239984592,1990-07-28,1,345,443,270,240,288,3,5.79098006135512
st_s003,st_s003,9,1992,1990,68.3782602051642,-122.500239984592,1992-09-03,2,501,649,541,472,283,3,13.8425891669021
st_s003,st_s003,6,1996,1995,68.3782602051642,-122.500239984592,1996-06-26,2,324,412,347,323,296,3,21.7835828967075
st_s003,st_s003,8,1996,1995,68.3782602051642,-122.500239984592,1996-08-29,3,410,518,357,322,281,3,8.43894858474738
st_s003,st_s003,6,1997,1995,68.3782602051642,-122.500239984592,1997-06-13,27,1017,1184,1122,693,279,3,42.9456587343796
st_s003,st_s003,6,1997,1995,68.3782602051642,-122.500239984592,1997-06-29,6,247,338,289,253,291,3,18.0252698774471
st_s003,st_s003,7,1997,1995,68.3782602051642,-122.500239984592,1997-07-31,2,237,294,231,243,292,3,14.2911245065828
st_s003,st_s003,8,1997,1995,68.3782602051642,-122.500239984592,1997-08-16,2,282,365,276,226,290,3,9.44568659561621
st_s003,st_s003,5,1998,1995,68.3782602051642,-122.500239984592,1998-05-31,3,438,457,417,318,288,3,20.5367226187414
st_s003,st_s003,7,1998,1995,68.3782602051642,-122.500239984592,1998-07-02,3,222,385,249,256,298,3,7.25413578754104
st_s003,st_s003,8,1999,1995,68.3782602051642,-122.500239984592,1999-08-06,1,253,380,233,212,292,3,5.05036156877583
st_s003,st_s003,9,2003,2000,68.3782602051642,-122.500239984592,2003-09-02,3,314,369,291,227,290,3,9.05217495999907
st_s003,st_s003,7,2004,2000,68.3782602051642,-122.500239984592,2004-07-02,5,419,467,392,404,291,3,13.6850571247131
st_s003,st_s003,7,2004,2000,68.3782602051642,-122.500239984592,2004-07-18,3,250,388,245,257,294,3,6.55733388371344
st_s003,st_s003,7,2006,2005,68.3782602051642,-122.500239984592,2006-07-08,3,217,334,246,250,292,3,9.02833881455376
st_s003,st_s003,8,2007,2005,68.3782602051642,-122.500239984592,2007-08-12,1,370,589,385,403,286,3,6.60733864658626
st_s003,st_s003,8,2007,2005,68.3782602051642,-122.500239984592,2007-08-28,1,437,518,414,384,286,3,12.754463622687
st_s003,st_s003,6,2009,2005,68.3782602051642,-122.500239984592,2009-06-30,1,312,329,282,275,295,3,11.5234975674558
st_s003,st_s003,8,2009,2005,68.3782602051642,-122.500239984592,2009-08-01,1,221,341,245,291,293,3,20.950875468588
st_s003,st_s003,9,2009,2005,68.3782602051642,-122.500239984592,2009-09-02,5,305,311,301,260,284,3,20.2076750679
st_s003,st_s003,6,2010,2010,68.3782602051642,-122.500239984592,2010-06-01,24,691,763,661,558,287,3,27.2706448273883
st_s003,st_s003,7,2010,2010,68.3782602051642,-122.500239984592,2010-07-03,37,400,435,365,550,293,3,16.9559887155792
st_s003,st_s003,6,2011,2010,68.3782602051642,-122.500239984592,2011-06-20,5,296,331,247,230,293,3,8.56260485186532
st_s003,st_s003,7,2011,2010,68.3782602051642,-122.500239984592,2011-07-06,2,300,403,262,194,294,3,7.35476046881215
st_s003,st_s003,8,2011,2010,68.3782602051642,-122.500239984592,2011-08-07,1,370,519,377,260,298,3,11.8696369397582
st_s003,st_s003,6,1985,1990,68.3782602051642,-122.500239984592,1985-06-19,2,304,362,296,274,291,3,12.8981233376406
st_s003,st_s003,8,1985,1990,68.3782602051642,-122.500239984592,1985-08-06,3,361,522,379,284,286,3,12.330612681832
st_s003,st_s003,6,1987,1990,68.3782602051642,-122.500239984592,1987-06-25,1,296,357,290,240,292,3,12.6331988977895
st_s003,st_s003,7,1987,1990,68.3782602051642,-122.500239984592,1987-07-11,2,248,378,290,288,299,3,12.7054806503645
st_s003,st_s003,7,1988,1990,68.3782602051642,-122.500239984592,1988-07-29,2,338,451,412,404,298,3,24.7309747688988
st_s003,st_s003,6,1989,1990,68.3782602051642,-122.500239984592,1989-06-14,3,410,443,453,414,281,3,39.9224161069488
st_s003,st_s003,6,1990,1990,68.3782602051642,-122.500239984592,1990-06-01,3,1530,1432,1427,698,280,3,48.0860847697246
st_s003,st_s003,6,1990,1990,68.3782602051642,-122.500239984592,1990-06-17,18,415,585,607,494,290,3,67.5373574156138
st_s003,st_s003,7,1992,1990,68.3782602051642,-122.500239984592,1992-07-24,3,375,533,443,630,298,3,20.4675462635103
st_s003,st_s003,8,1992,1990,68.3782602051642,-122.500239984592,1992-08-25,1,432,590,524,453,288,3,23.6420699777271
st_s003,st_s003,7,1993,1990,68.3782602051642,-122.500239984592,1993-07-11,1,274,423,397,367,295,3,28.697269512352
st_s003,st_s003,7,1993,1990,68.3782602051642,-122.500239984592,1993-07-27,1,270,410,344,346,292,3,22.6444247880639
st_s003,st_s003,8,1993,1990,68.3782602051642,-122.500239984592,1993-08-12,1,376,528,431,403,287,3,22.2927801192448
st_s003,st_s003,6,1994,1990,68.3782602051642,-122.500239984592,1994-06-12,3,236,286,285,276,289,3,27.5025027601416
st_s003,st_s003,6,1996,1995,68.3782602051642,-122.500239984592,1996-06-17,3,253,305,266,267,292,3,12.1102240031585
st_s003,st_s003,7,1996,1995,68.3782602051642,-122.500239984592,1996-07-03,1,289,375,320,274,296,3,11.5956165880918
st_s003,st_s003,7,1996,1995,68.3782602051642,-122.500239984592,1996-07-19,2,216,401,296,363,297,3,25.7908848348196
st_s003,st_s003,6,1997,1995,68.3782602051642,-122.500239984592,1997-06-20,1,249,276,242,146,291,3,13.7894241826089
st_s003,st_s003,7,1997,1995,68.3782602051642,-122.500239984592,1997-07-22,5,309,429,279,336,300,3,7.60673452128371
st_s003,st_s003,6,1998,1995,68.3782602051642,-122.500239984592,1998-06-07,1,242,305,262,266,291,3,20.3636720629031
st_s003,st_s003,6,1998,1995,68.3782602051642,-122.500239984592,1998-06-23,2,215,349,240,360,294,3,12.918478042928
st_s003,st_s003,6,1999,1995,68.3782602051642,-122.500239984592,1999-06-10,12,757,841,765,621,284,3,37.9358123327164
st_s003,st_s003,6,1999,1995,68.3782602051642,-122.500239984592,1999-06-26,2,294,385,250,345,295,3,13.6806560696908
st_s003,st_s003,8,1999,1995,68.3782602051642,-122.500239984592,1999-08-13,2,344,464,383,331,294,3,11.6220600637621
st_s003,st_s003,7,2003,2000,68.3782602051642,-122.500239984592,2003-07-07,4,211,253,157,284,295,3,7.30905048023225
st_s003,st_s003,8,2003,2000,68.3782602051642,-122.500239984592,2003-08-24,2,370,467,348,312,285,3,10.9402540239186
st_s003,st_s003,6,2004,2000,68.3782602051642,-122.500239984592,2004-06-23,3,216,253,260,221,291,3,34.0764253653111
st_s003,st_s003,7,2004,2000,68.3782602051642,-122.500239984592,2004-07-09,3,273,404,264,219,292,3,6.31002528228244
st_s003,st_s003,8,2004,2000,68.3782602051642,-122.500239984592,2004-08-10,5,351,423,344,349,293,3,17.6665187150732
st_s003,st_s003,6,2005,2005,68.3782602051642,-122.500239984592,2005-06-10,5,257,281,282,276,290,3,28.2544396959088
st_s003,st_s003,6,2005,2005,68.3782602051642,-122.500239984592,2005-06-26,4,284,362,310,270,292,3,17.6040903434124
st_s003,st_s003,7,2005,2005,68.3782602051642,-122.500239984592,2005-07-12,15,285,338,241,344,290,3,8.1063772652041
st_s003,st_s003,8,2005,2005,68.3782602051642,-122.500239984592,2005-08-29,2,259,290,231,221,283,3,6.73364556311633
st_s003,st_s003,6,2006,2005,68.3782602051642,-122.500239984592,2006-06-13,10,393,384,365,320,290,3,15.8153247668426
st_s003,st_s003,7,2006,2005,68.3782602051642,-122.500239984592,2006-07-31,3,227,413,305,304,295,3,14.223115930756
st_s003,st_s003,9,2006,2005,68.3782602051642,-122.500239984592,2006-09-01,6,232,307,180,144,282,3,4.17146499060659
st_s003,st_s003,7,2007,2005,68.3782602051642,-122.500239984592,2007-07-02,14,270,305,264,356,294,3,15.3784861122374
st_s003,st_s003,9,2007,2005,68.3782602051642,-122.500239984592,2007-09-04,3,304,393,308,298,283,3,10.1680466317948
st_s003,st_s003,7,2008,2005,68.3782602051642,-122.500239984592,2008-07-04,2,304,369,333,295,295,3,18.0976750726502
st_s003,st_s003,6,2010,2010,68.3782602051642,-122.500239984592,2010-06-08,3,275,344,293,254,291,3,22.8165483258051
st_s003,st_s003,7,2011,2010,68.3782602051642,-122.500239984592,2011-07-13,2,220,372,241,234,297,3,9.09948289650341
st_s003,st_s003,6,1984,1990,68.3782602051642,-122.500239984592,1984-06-07,33,522,561,583,365,284,3,46.6754017108442
st_s003,st_s003,7,1984,1990,68.3782602051642,-122.500239984592,1984-07-09,2,300,493,410,670,292,3,49.2074473471949
st_s003,st_s003,7,1984,1990,68.3782602051642,-122.500239984592,1984-07-25,1,285,347,278,265,296,3,11.726377723305
st_s003,st_s003,8,1985,1990,68.3782602051642,-122.500239984592,1985-08-13,5,402,580,418,371,291,3,11.1602967862376
st_s003,st_s003,8,1985,1990,68.3782602051642,-122.500239984592,1985-08-29,5,435,563,488,428,287,3,29.7761348120155
st_s003,st_s003,6,1986,1990,68.3782602051642,-122.500239984592,1986-06-29,2,244,329,288,262,297,3,18.1883247055108
st_s003,st_s003,8,1986,1990,68.3782602051642,-122.500239984592,1986-08-16,1,198,325,287,300,289,3,35.3628853662339
st_s003,st_s003,8,1987,1990,68.3782602051642,-122.500239984592,1987-08-03,1,254,404,282,217,290,3,10.4432445858122
st_s003,st_s003,8,1987,1990,68.3782602051642,-122.500239984592,1987-08-19,1,343,432,330,301,289,3,13.5379294666815
st_s003,st_s003,7,1988,1990,68.3782602051642,-122.500239984592,1988-07-04,11,190,234,186,268,290,3,13.7638427212283
st_s003,st_s003,8,1989,1990,68.3782602051642,-122.500239984592,1989-08-24,1,369,507,443,433,291,3,16.3294008767586
st_s003,st_s003,7,1990,1990,68.3782602051642,-122.500239984592,1990-07-26,1,435,676,564,1261,289,3,58.074907537728
st_s003,st_s003,8,1991,1990,68.3782602051642,-122.500239984592,1991-08-30,1,336,397,286,344,283,3,12.013739398531
st_s003,st_s003,6,1992,1990,68.3782602051642,-122.500239984592,1992-06-13,31,805,882,881,788,287,3,60.390955946559
st_s003,st_s003,7,1992,1990,68.3782602051642,-122.500239984592,1992-07-31,39,559,794,691,1046,285,3,33.9112680633903
st_s003,st_s003,9,1992,1990,68.3782602051642,-122.500239984592,1992-09-01,6,453,642,564,536,283,3,23.6015817996882
st_s003,st_s003,8,1994,1990,68.3782602051642,-122.500239984592,1994-08-06,1,297,434,361,316,291,3,23.3173485211914
st_s003,st_s003,6,1995,1995,68.3782602051642,-122.500239984592,1995-06-06,23,590,705,734,556,282,3,75.5173482957434
st_s003,st_s003,7,1995,1995,68.3782602051642,-122.500239984592,1995-07-08,1,256,330,233,239,290,3,13.6525534167128
st_s003,st_s003,7,1995,1995,68.3782602051642,-122.500239984592,1995-07-24,2,217,325,222,217,291,3,10.973371449887
st_s003,st_s003,6,1996,1995,68.3782602051642,-122.500239984592,1996-06-08,4,775,818,751,702,286,3,29.687299238926
st_s003,st_s003,7,1996,1995,68.3782602051642,-122.500239984592,1996-07-10,1,176,385,290,290,294,3,17.22335527079
st_s003,st_s003,6,1997,1995,68.3782602051642,-122.500239984592,1997-06-11,18,1150,1116,970,474,277,3,23.1927675367582
st_s003,st_s003,8,1997,1995,68.3782602051642,-122.500239984592,1997-08-30,3,264,355,336,275,284,3,27.6598432268415
st_s003,st_s003,6,1998,1995,68.3782602051642,-122.500239984592,1998-06-14,4,203,294,254,212,287,3,13.9059282592742
st_s003,st_s003,7,1998,1995,68.3782602051642,-122.500239984592,1998-07-16,1,239,477,361,281,297,3,28.5997100031515
st_s003,st_s003,6,1999,1995,68.3782602051642,-122.500239984592,1999-06-17,6,354,418,394,410,293,3,30.6396149720834
st_s003,st_s003,8,2003,2000,68.3782602051642,-122.500239984592,2003-08-31,3,368,427,342,293,290,3,11.2569811131637
st_s003,st_s003,6,2005,2005,68.3782602051642,-122.500239984592,2005-06-17,1,442,487,445,498,286,3,20.3774586012852
st_s003,st_s003,8,2005,2005,68.3782602051642,-122.500239984592,2005-08-20,4,540,628,554,1173,286,3,40.943110590196
st_s003,st_s003,6,2006,2005,68.3782602051642,-122.500239984592,2006-06-20,3,234,309,270,229,294,3,19.983676276913
st_s003,st_s003,8,2006,2005,68.3782602051642,-122.500239984592,2006-08-07,15,253,257,174,254,294,3,7.71557603845985
st_s003,st_s003,8,2006,2005,68.3782602051642,-122.500239984592,2006-08-23,5,278,379,308,266,292,3,12.8837498082272
st_s003,st_s003,7,2007,2005,68.3782602051642,-122.500239984592,2007-07-09,14,220,241,213,326,292,3,20.5485626365965
st_s003,st_s003,7,2007,2005,68.3782602051642,-122.500239984592,2007-07-25,3,317,417,310,225,294,3,7.4873532806859
st_s003,st_s003,8,2007,2005,68.3782602051642,-122.500239984592,2007-08-26,3,257,449,314,270,290,3,14.7427849442821
st_s003,st_s003,6,2008,2005,68.3782602051642,-122.500239984592,2008-06-09,21,591,698,689,751,292,3,60.5248302479988
st_s003,st_s003,6,2008,2005,68.3782602051642,-122.500239984592,2008-06-25,2,192,328,246,235,294,3,12.8855832805656
st_s003,st_s003,8,2009,2005,68.3782602051642,-122.500239984592,2009-08-15,2,389,547,423,319,287,3,12.7436950468445
st_s003,st_s003,5,2010,2010,68.3782602051642,-122.500239984592,2010-05-30,20,926,1041,1001,715,280,3,48.2104080767725
st_s003,st_s003,6,2010,2010,68.3782602051642,-122.500239984592,2010-06-15,23,681,730,633,635,281,3,23.5798663541021
st_s003,st_s003,8,2010,2010,68.3782602051642,-122.500239984592,2010-08-18,1,218,348,242,196,290,3,8.37701979309775
st_s003,st_s003,9,2011,2010,68.3782602051642,-122.500239984592,2011-09-06,2,223,258,231,182,284,3,11.9945812523987
st_s003,st_s003,6,1987,1990,68.3782602051642,-122.500239984592,1987-06-23,1,142,260,246,233,290,3,40.5658329553814
st_s003,st_s003,6,1996,1995,68.3782602051642,-122.500239984592,1996-06-15,3,275,277,281,276,292,3,28.1410182906743
st_s003,st_s003,6,1997,1995,68.3782602051642,-122.500239984592,1997-06-18,1,215,284,284,278,293,3,44.7572070961896
st_s003,st_s003,8,1997,1995,68.3782602051642,-122.500239984592,1997-08-21,2,150,341,231,593,289,3,40.2626496370866
st_s003,st_s003,7,2004,2000,68.3782602051642,-122.500239984592,2004-07-07,3,224,384,290,243,295,3,9.5658091937056
st_s003,st_s003,7,2005,2005,68.3782602051642,-122.500239984592,2005-07-10,3,426,578,436,438,296,3,16.1718318989485
st_s003,st_s003,6,2006,2005,68.3782602051642,-122.500239984592,2006-06-11,20,387,432,402,367,288,3,26.9684882434565
st_s003,st_s003,8,2006,2005,68.3782602051642,-122.500239984592,2006-08-14,1,220,335,277,243,294,3,18.1512164980309
st_s003,st_s003,6,2022,2015,68.3782602051642,-122.500239984592,2022-06-18,4,363,404,403,382,290,3,40.300522652519
st_s003,st_s003,7,2022,2015,68.3782602051642,-122.500239984592,2022-07-05,13,1177,1488,1468,1419,295,3,75.9015850538145
st_s003,st_s003,6,2000,2000,68.3782602051642,-122.500239984592,2000-06-13,48,767,1035,1079,585,279,3,62.8366638336428
st_s003,st_s003,9,2000,2000,68.3782602051642,-122.500239984592,2000-09-01,6,234,251,227,376,280,3,39.057167840432
st_s003,st_s003,8,2003,2000,68.3782602051642,-122.500239984592,2003-08-09,2,303,413,273,410,283,3,14.7271692419587
st_s003,st_s003,6,2004,2000,68.3782602051642,-122.500239984592,2004-06-08,10,1556,1468,1387,945,275,3,39.0803757238582
st_s003,st_s003,7,2004,2000,68.3782602051642,-122.500239984592,2004-07-26,1,246,314,213,427,294,3,15.3749350158182
st_s003,st_s003,8,2005,2005,68.3782602051642,-122.500239984592,2005-08-30,6,230,225,216,283,280,3,34.9901194078317
st_s003,st_s003,6,2008,2005,68.3782602051642,-122.500239984592,2008-06-03,3,1540,1645,1612,1323,276,3,70.0058803090379
st_s003,st_s003,6,2012,2010,68.3782602051642,-122.500239984592,2012-06-14,1,229,279,278,211,289,3,35.2957982355694
st_s003,st_s003,6,2014,2010,68.3782602051642,-122.500239984592,2014-06-20,1,224,253,233,215,290,3,21.1128045347493
st_s003,st_s003,7,2014,2010,68.3782602051642,-122.500239984592,2014-07-06,1,227,288,198,449,293,3,15.9161876317755
st_s003,st_s003,6,2020,2015,68.3782602051642,-122.500239984592,2020-06-20,1,374,421,418,363,293,3,20.8628955732457
st_s003,st_s003,7,2022,2015,68.3782602051642,-122.500239984592,2022-07-27,24,635,910,711,741,289,3,24.8744369853308
st_s003,st_s003,7,2023,2015,68.3782602051642,-122.500239984592,2023-07-03,13,452,753,571,510,296,3,23.9801560519711
st_s003,st_s003,8,1999,1995,68.3782602051642,-122.500239984592,1999-08-21,6,249,322,219,410,285,3,16.2815837407523
st_s003,st_s003,6,2000,2000,68.3782602051642,-122.500239984592,2000-06-20,5,260,252,273,268,288,3,51.5171561512155
st_s003,st_s003,7,2000,2000,68.3782602051642,-122.500239984592,2000-07-06,4,294,330,285,426,293,3,32.5977054518146
st_s003,st_s003,6,2001,2000,68.3782602051642,-122.500239984592,2001-06-23,1,446,499,475,440,281,3,24.9346599947268
st_s003,st_s003,7,2001,2000,68.3782602051642,-122.500239984592,2001-07-25,1,427,576,425,1353,301,3,26.5096206617806
st_s003,st_s003,9,2003,2000,68.3782602051642,-122.500239984592,2003-09-01,2,369,420,252,310,290,3,5.76471162952201
st_s003,st_s003,6,2004,2000,68.3782602051642,-122.500239984592,2004-06-15,22,651,692,756,793,281,3,100.809055814428
st_s003,st_s003,7,2004,2000,68.3782602051642,-122.500239984592,2004-07-01,1,237,253,232,360,290,3,34.4668928047103
st_s003,st_s003,6,2008,2005,68.3782602051642,-122.500239984592,2008-06-10,4,741,714,695,836,283,3,38.9680218786158
st_s003,st_s003,7,2008,2005,68.3782602051642,-122.500239984592,2008-07-28,3,235,322,215,439,288,3,18.5766286263503
st_s003,st_s003,6,2010,2010,68.3782602051642,-122.500239984592,2010-06-16,2,214,305,235,336,285,3,28.224656468215
st_s003,st_s003,6,2013,2010,68.3782602051642,-122.500239984592,2013-06-24,2,239,294,260,397,295,3,40.2359478828377
st_s003,st_s003,7,2013,2010,68.3782602051642,-122.500239984592,2013-07-10,2,208,269,247,321,291,3,24.8459017425459
st_s003,st_s003,8,2013,2010,68.3782602051642,-122.500239984592,2013-08-11,2,696,726,590,965,296,3,14.1564030946256
st_s003,st_s003,6,2014,2010,68.3782602051642,-122.500239984592,2014-06-11,12,458,478,433,448,285,3,27.0100842935227
st_s003,st_s003,6,2015,2015,68.3782602051642,-122.500239984592,2015-06-30,3,638,708,601,792,295,3,27.1164890078961
st_s003,st_s003,7,2016,2015,68.3782602051642,-122.500239984592,2016-07-02,10,176,221,172,294,291,3,17.908938261784
st_s003,st_s003,7,2017,2015,68.3782602051642,-122.500239984592,2017-07-21,9,282,313,245,367,293,3,19.8107801443838
st_s003,st_s003,8,2017,2015,68.3782602051642,-122.500239984592,2017-08-06,1,467,518,436,1200,289,3,54.0901013405434
st_s003,st_s003,8,2017,2015,68.3782602051642,-122.500239984592,2017-08-22,19,393,288,216,342,285,3,8.11824630266424
st_s003,st_s003,6,2018,2015,68.3782602051642,-122.500239984592,2018-06-06,10,1290,1507,1489,1031,280,3,60.7574576304321
st_s003,st_s003,6,2018,2015,68.3782602051642,-122.500239984592,2018-06-22,5,257,303,280,307,294,3,26.8723873633152
st_s003,st_s003,7,2018,2015,68.3782602051642,-122.500239984592,2018-07-08,45,601,727,667,750,286,3,32.8809750733537
st_s003,st_s003,7,2018,2015,68.3782602051642,-122.500239984592,2018-07-24,25,881,1476,1537,1135,300,3,78.9724972852446
st_s003,st_s003,6,2019,2015,68.3782602051642,-122.500239984592,2019-06-09,17,634,658,657,534,283,3,49.1589595423919
st_s003,st_s003,6,2020,2015,68.3782602051642,-122.500239984592,2020-06-11,26,1070,1431,1581,904,278,3,94.1872105001501
st_s003,st_s003,7,2020,2015,68.3782602051642,-122.500239984592,2020-07-29,21,900,1394,1269,878,290,3,43.8296276539983
st_s003,st_s003,8,2020,2015,68.3782602051642,-122.500239984592,2020-08-30,18,776,1186,994,589,284,3,29.7174765653002
st_s003,st_s003,7,2021,2015,68.3782602051642,-122.500239984592,2021-07-16,19,814,1279,1099,818,286,3,41.0619281533149
st_s003,st_s003,9,2021,2015,68.3782602051642,-122.500239984592,2021-09-02,17,781,1132,870,501,285,3,19.7708407456394
st_s003,st_s003,8,2022,2015,68.3782602051642,-122.500239984592,2022-08-01,13,458,797,681,522,290,3,28.3915993276921
st_s003,st_s003,6,2023,2015,68.3782602051642,-122.500239984592,2023-06-11,2,279,377,287,350,282,3,17.2235512024445
st_s003,st_s003,7,2023,2015,68.3782602051642,-122.500239984592,2023-07-30,1,349,593,406,1169,295,3,27.0602231801364
st_s003,st_s003,8,1999,1995,68.3782602051642,-122.500239984592,1999-08-28,4,326,259,189,262,279,3,6.95178597020407
st_s003,st_s003,6,2000,2000,68.3782602051642,-122.500239984592,2000-06-11,16,1084,1058,973,892,278,3,37.2808042895727
st_s003,st_s003,8,2000,2000,68.3782602051642,-122.500239984592,2000-08-30,8,262,239,190,346,278,3,10.5510619417042
st_s003,st_s003,9,2001,2000,68.3782602051642,-122.500239984592,2001-09-02,1,368,467,319,386,289,3,15.2795413099463
st_s003,st_s003,6,2002,2000,68.3782602051642,-122.500239984592,2002-06-17,2,557,561,592,584,283,3,53.5719184665645
st_s003,st_s003,9,2002,2000,68.3782602051642,-122.500239984592,2002-09-05,3,343,391,415,387,279,3,54.589935819333
st_s003,st_s003,7,2006,2005,68.3782602051642,-122.500239984592,2006-07-30,2,248,351,238,410,292,3,14.8840618937348
st_s003,st_s003,7,2011,2010,68.3782602051642,-122.500239984592,2011-07-12,1,212,339,243,462,295,3,20.017514731776
st_s003,st_s003,8,2014,2010,68.3782602051642,-122.500239984592,2014-08-21,1,286,457,309,357,286,3,11.7307302376812
st_s003,st_s003,6,2015,2015,68.3782602051642,-122.500239984592,2015-06-05,8,383,389,358,379,285,3,24.9305816253808
st_s003,st_s003,7,2016,2015,68.3782602051642,-122.500239984592,2016-07-09,1,261,350,256,438,297,3,23.1035488856321
st_s003,st_s003,6,2017,2015,68.3782602051642,-122.500239984592,2017-06-26,1,352,473,413,394,296,3,16.2463952586372
st_s003,st_s003,7,2017,2015,68.3782602051642,-122.500239984592,2017-07-12,2,193,339,199,374,294,3,14.6989522724941
st_s003,st_s003,7,2017,2015,68.3782602051642,-122.500239984592,2017-07-28,2,241,353,220,444,291,3,15.4558899050738
st_s003,st_s003,8,2017,2015,68.3782602051642,-122.500239984592,2017-08-13,2,303,410,306,443,295,3,23.2857903837492
st_s003,st_s003,6,2019,2015,68.3782602051642,-122.500239984592,2019-06-16,6,289,326,320,345,285,3,36.5802955362781
st_s003,st_s003,8,2019,2015,68.3782602051642,-122.500239984592,2019-08-03,5,719,1094,829,765,290,3,21.4439676356093
st_s003,st_s003,7,2021,2015,68.3782602051642,-122.500239984592,2021-07-23,22,740,1186,945,750,290,3,26.1789463405716
st_s003,st_s003,6,2022,2015,68.3782602051642,-122.500239984592,2022-06-16,4,295,372,384,364,286,3,43.4225621180372
st_s003,st_s003,7,2022,2015,68.3782602051642,-122.500239984592,2022-07-20,1,527,826,614,1035,296,3,17.2119887432355
st_s003,st_s003,8,2022,2015,68.3782602051642,-122.500239984592,2022-08-06,22,629,1022,898,780,292,3,43.520960270741
st_s003,st_s003,5,2023,2015,68.3782602051642,-122.500239984592,2023-05-30,13,1159,1385,1427,1115,278,3,81.3349429508944
st_s003,st_s003,8,2012,2010,68.3782602051642,-122.500239984592,2012-08-22,2,203,338,227,363,290,3,15.5503393619082
st_s003,st_s003,8,2013,2010,68.3782602051642,-122.500239984592,2013-08-09,3,360,486,235,247,294,3,2.74108577203352
st_s003,st_s003,8,2013,2010,68.3782602051642,-122.500239984592,2013-08-25,6,265,230,147,245,279,3,4.10608117995279
st_s003,st_s003,6,2014,2010,68.3782602051642,-122.500239984592,2014-06-09,3,959,961,994,996,278,3,133.767072790684
st_s003,st_s003,5,2015,2015,68.3782602051642,-122.500239984592,2015-05-27,2,878,901,1047,1121,278,3,202.081613107298
st_s003,st_s003,8,2013,2010,68.3782602051642,-122.500239984592,2013-08-12,2,188,364,214,333,300,3,8.43580798713904
st_s003,st_s003,8,2013,2010,68.3782602051642,-122.500239984592,2013-08-28,6,125,260,141,155,282,3,6.78925933393531
st_s003,st_s003,6,2014,2010,68.3782602051642,-122.500239984592,2014-06-12,2,195,266,312,147,290,3,88.1170237121382
st_s003,st_s003,6,2014,2010,68.3782602051642,-122.500239984592,2014-06-28,5,122,226,144,116,292,3,9.65327539285843
st_s003,st_s003,8,2014,2010,68.3782602051642,-122.500239984592,2014-08-15,6,144,320,173,196,293,3,8.97759036333799
st_s003,st_s003,8,2016,2015,68.3782602051642,-122.500239984592,2016-08-20,4,114,229,106,89,293,3,6.84328704019876
st_s003,st_s003,6,2017,2015,68.3782602051642,-122.500239984592,2017-06-04,1,151,171,250,114,286,3,367.09827014806
st_s003,st_s003,6,2017,2015,68.3782602051642,-122.500239984592,2017-06-20,4,102,223,156,63,290,3,24.401693385573
st_s003,st_s003,7,2018,2015,68.3782602051642,-122.500239984592,2018-07-09,5,581,1126,1277,879,293,3,131.198723852026
st_s003,st_s003,6,2019,2015,68.3782602051642,-122.500239984592,2019-06-10,3,1404,1809,1649,1513,288,3,67.6881399088836
st_s003,st_s003,7,2019,2015,68.3782602051642,-122.500239984592,2019-07-28,4,684,1168,1039,945,296,3,45.3598524164405
st_s003,st_s003,6,2020,2015,68.3782602051642,-122.500239984592,2020-06-12,3,864,1117,1220,1102,284,3,152.970647536652
st_s003,st_s003,7,2020,2015,68.3782602051642,-122.500239984592,2020-07-14,23,915,1491,1626,703,295,3,76.7466013680267
st_s003,st_s003,7,2020,2015,68.3782602051642,-122.500239984592,2020-07-30,3,757,1289,1134,723,293,3,38.4072425531006
st_s003,st_s003,8,2020,2015,68.3782602051642,-122.500239984592,2020-08-31,18,717,1216,924,395,285,3,27.3153606249087
st_s003,st_s003,6,2021,2015,68.3782602051642,-122.500239984592,2021-06-15,5,130,170,170,86,292,3,29.9079466811594
st_s003,st_s003,7,2022,2015,68.3782602051642,-122.500239984592,2022-07-04,2,824,1375,1451,643,300,3,63.7626675925168
st_s003,st_s003,7,2022,2015,68.3782602051642,-122.500239984592,2022-07-20,3,702,1170,857,618,299,3,16.7051174403918
st_s003,st_s003,8,2022,2015,68.3782602051642,-122.500239984592,2022-08-05,11,474,911,736,425,298,3,26.0378335956418
st_s003,st_s003,6,2024,2015,68.3782602051642,-122.500239984592,2024-06-23,10,333,583,371,180,294,3,15.9789587441904
st_s003,st_s003,7,2014,2010,68.3782602051642,-122.500239984592,2014-07-05,5,183,284,220,210,292,3,9.5844410808837
st_s003,st_s003,8,2014,2010,68.3782602051642,-122.500239984592,2014-08-06,9,105,243,141,187,289,3,13.3106805359883
st_s003,st_s003,8,2014,2010,68.3782602051642,-122.500239984592,2014-08-22,9,223,391,245,241,290,3,8.28177668885735
st_s003,st_s003,6,2015,2015,68.3782602051642,-122.500239984592,2015-06-22,5,157,240,179,116,295,3,10.946243736851
st_s003,st_s003,6,2016,2015,68.3782602051642,-122.500239984592,2016-06-24,7,102,193,129,104,294,3,9.89598405244193
st_s003,st_s003,7,2016,2015,68.3782602051642,-122.500239984592,2016-07-10,6,159,233,143,148,299,3,5.47770618556603
st_s003,st_s003,7,2017,2015,68.3782602051642,-122.500239984592,2017-07-29,8,135,276,161,177,294,3,9.07007522836307
st_s003,st_s003,8,2017,2015,68.3782602051642,-122.500239984592,2017-08-30,4,102,143,122,96,290,3,14.6909028309442
st_s003,st_s003,7,2018,2015,68.3782602051642,-122.500239984592,2018-07-16,3,522,966,990,573,292,3,47.6839559802312
st_s003,st_s003,7,2019,2015,68.3782602051642,-122.500239984592,2019-07-19,3,358,859,757,1052,296,3,85.1848086277695
st_s003,st_s003,8,2020,2015,68.3782602051642,-122.500239984592,2020-08-22,25,724,1270,1176,613,291,3,48.4785715480305
st_s003,st_s003,7,2021,2015,68.3782602051642,-122.500239984592,2021-07-08,21,800,1349,1243,641,292,3,46.1695321145432
st_s003,st_s003,7,2021,2015,68.3782602051642,-122.500239984592,2021-07-24,23,804,1335,1057,571,295,3,27.0750349836954
st_s003,st_s003,7,2022,2015,68.3782602051642,-122.500239984592,2022-07-11,2,398,770,667,400,295,3,33.1735345352713
st_s003,st_s003,7,2022,2015,68.3782602051642,-122.500239984592,2022-07-27,2,560,952,735,157,290,3,22.0497700421803
st_s003,st_s003,6,2023,2015,68.3782602051642,-122.500239984592,2023-06-12,9,213,318,262,157,286,3,17.3881355768699
st_s003,st_s003,7,2023,2015,68.3782602051642,-122.500239984592,2023-07-30,11,284,492,295,286,299,3,9.68354024911459
st_s003,st_s003,5,2024,2015,68.3782602051642,-122.500239984592,2024-05-29,2,112,262,255,87,283,3,33.626776443003
st_s003,st_s003,6,2013,2010,68.3782602051642,-122.500239984592,2013-06-07,3,362,642,648,461,281,3,68.5310076002596
st_s003,st_s003,8,2013,2010,68.3782602051642,-122.500239984592,2013-08-10,2,298,597,376,684,296,3,16.7344646502265
st_s003,st_s003,7,2014,2010,68.3782602051642,-122.500239984592,2014-07-12,2,312,545,419,671,290,3,26.4909859852159
st_s003,st_s003,8,2014,2010,68.3782602051642,-122.500239984592,2014-08-13,8,161,331,232,244,293,3,16.5449875036254
st_s003,st_s003,8,2014,2010,68.3782602051642,-122.500239984592,2014-08-29,9,188,346,205,121,288,3,10.1535519437142
st_s003,st_s003,5,2016,2015,68.3782602051642,-122.500239984592,2016-05-30,3,1510,1901,1907,1338,283,3,68.5267510753129
st_s003,st_s003,6,2017,2015,68.3782602051642,-122.500239984592,2017-06-18,4,113,194,153,68,292,3,15.6042034375204
st_s003,st_s003,6,2018,2015,68.3782602051642,-122.500239984592,2018-06-21,6,76,154,124,62,295,3,17.2353400397945
st_s003,st_s003,6,2019,2015,68.3782602051642,-122.500239984592,2019-06-08,2,1170,1611,1326,754,285,3,24.7257611651191
st_s003,st_s003,6,2019,2015,68.3782602051642,-122.500239984592,2019-06-24,12,137,212,187,122,293,3,20.0445272920042
st_s003,st_s003,7,2019,2015,68.3782602051642,-122.500239984592,2019-07-26,15,771,1379,1233,534,292,3,37.1621256145322
st_s003,st_s003,7,2021,2015,68.3782602051642,-122.500239984592,2021-07-31,4,288,468,339,465,294,3,17.0847321528425
st_s003,st_s003,6,2022,2015,68.3782602051642,-122.500239984592,2022-06-16,5,124,218,172,79,289,3,16.7134113619871
st_s003,st_s003,7,2022,2015,68.3782602051642,-122.500239984592,2022-07-02,10,737,1296,1281,664,301,3,58.7336702668015
st_s003,st_s003,7,2022,2015,68.3782602051642,-122.500239984592,2022-07-18,23,629,1148,906,497,292,3,28.6855701018356
st_s003,st_s003,8,2022,2015,68.3782602051642,-122.500239984592,2022-08-03,2,558,1088,1004,698,292,3,61.5867210004847
st_s003,st_s003,6,2023,2015,68.3782602051642,-122.500239984592,2023-06-19,14,272,464,348,266,294,3,14.4173405947725
st_s003,st_s003,8,2023,2015,68.3782602051642,-122.500239984592,2023-08-06,14,296,517,323,334,296,3,9.42747781900336
st_s003,st_s003,7,2022,2015,68.3782602051642,-122.500239984592,2022-07-28,2,999,1736,1587,742,292,3,48.4009443088038
st_s003,st_s003,8,2022,2015,68.3782602051642,-122.500239984592,2022-08-13,15,309,608,443,374,297,3,19.1618397134319
st_s003,st_s003,6,2023,2015,68.3782602051642,-122.500239984592,2023-06-29,3,432,883,807,633,299,3,58.2440299735938
st_s003,st_s003,7,2023,2015,68.3782602051642,-122.500239984592,2023-07-15,2,414,830,499,800,300,3,18.6464379747336
st_s003,st_s003,6,2022,2015,68.3782602051642,-122.500239984592,2022-06-17,9,178,282,248,177,291,3,20.5653580327618
st_s003,st_s003,7,2022,2015,68.3782602051642,-122.500239984592,2022-07-03,15,821,1392,1386,470,300,3,47.5168707155602
st_s003,st_s003,8,2022,2015,68.3782602051642,-122.500239984592,2022-08-20,18,508,873,685,350,285,3,20.9125647490265
st_s003,st_s003,7,2022,2015,68.3782602051642,-122.500239984592,2022-07-10,2,590,1069,917,1239,303,3,49.8108069363833
st_s003,st_s003,6,2023,2015,68.3782602051642,-122.500239984592,2023-06-11,9,162,270,209,161,286,3,11.2497800636151
st_s003,st_s003,6,2023,2015,68.3782602051642,-122.500239984592,2023-06-27,3,583,1144,908,464,299,3,38.5747957796438
st_s003,st_s003,7,2023,2015,68.3782602051642,-122.500239984592,2023-07-13,2,497,962,629,1004,299,3,27.3181423114093
st_s003,st_s003,5,2024,2015,68.3782602051642,-122.500239984592,2024-05-28,3,802,1253,1172,1056,284,3,72.3641511440199
st_s003,st_s003,6,2024,2015,68.3782602051642,-122.500239984592,2024-06-13,8,207,354,270,167,289,3,16.3668243902997
st_s003,st_s003,6,2024,2015,68.3782602051642,-122.500239984592,2024-06-29,2,433,698,517,487,301,3,14.4028002071653
st_s003_ref,st_s003_ref,7,1984,1990,68.3153902052157,-122.542059984485,1984-07-11,1,554,711,682,1205,301,2,114.655436539093
st_s003_ref,st_s003_ref,6,1997,1995,68.3153902052157,-122.542059984485,1997-06-13,1,1368,1183,1162,595,281,2,129.272530124721
st_s003_ref,st_s003_ref,6,1997,1995,68.3153902052157,-122.542059984485,1997-06-29,28,673,676,598,608,287,2,67.1972558276511
st_s003_ref,st_s003_ref,9,2003,2000,68.3153902052157,-122.542059984485,2003-09-02,2,319,303,293,229,292,2,85.963480504492
st_s003_ref,st_s003_ref,6,2011,2010,68.3153902052157,-122.542059984485,2011-06-20,3,508,927,994,830,293,2,126.741072347624
st_s003_ref,st_s003_ref,6,2009,2005,68.3153902052157,-122.542059984485,2009-06-21,58,429,475,435,486,286,2,57.5835182872898
st_s003_ref,st_s003_ref,6,2005,2005,68.3153902052157,-122.542059984485,2005-06-17,26,682,733,718,813,285,2,119.747552818433
st_s003_ref,st_s003_ref,8,2005,2005,68.3153902052157,-122.542059984485,2005-08-04,2,371,610,455,695,282,2,7.44316608797733
st_s003_ref,st_s003_ref,8,2012,2010,68.3153902052157,-122.542059984485,2012-08-01,3,343,361,251,809,304,2,5.67894266781909
st_s003_ref,st_s003_ref,6,2014,2010,68.3153902052157,-122.542059984485,2014-06-20,1,489,730,954,857,294,2,487.667701682215
st_s003_ref,st_s003_ref,6,2000,2000,68.3153902052157,-122.542059984485,2000-06-20,1,517,823,1018,854,289,2,406.334133720913
st_s003_ref,st_s003_ref,7,2000,2000,68.3153902052157,-122.542059984485,2000-07-06,1,538,821,976,1093,297,2,420.234917957399
st_s003_ref,st_s003_ref,6,2001,2000,68.3153902052157,-122.542059984485,2001-06-23,1,642,815,973,804,280,2,422.013562590762
st_s003_ref,st_s003_ref,6,2020,2015,68.3153902052157,-122.542059984485,2020-06-11,19,1436,1403,1444,1238,278,2,197.501565068333
st_s003_ref,st_s003_ref,6,2023,2015,68.3153902052157,-122.542059984485,2023-06-16,15,277,251,222,339,293,2,64.1109260699356
st_s003_ref,st_s003_ref,6,2000,2000,68.3153902052157,-122.542059984485,2000-06-27,4,573,615,655,755,290,2,167.614549962135
st_s003_ref,st_s003_ref,6,2014,2010,68.3153902052157,-122.542059984485,2014-06-12,2,993,1150,1170,1024,289,2,181.845921883927
st_s003_ref,st_s003_ref,6,2017,2015,68.3153902052157,-122.542059984485,2017-06-04,2,543,1069,1000,983,287,2,89.1566220201923
st_s003_ref,st_s003_ref,6,2021,2015,68.3153902052157,-122.542059984485,2021-06-15,1,456,732,909,788,296,2,347.373222543751
st_s003_ref,st_s003_ref,8,2017,2015,68.3153902052157,-122.542059984485,2017-08-30,1,333,582,699,729,293,2,274.604344524695
st_s003_ref,st_s003_ref,6,2018,2015,68.3153902052157,-122.542059984485,2018-06-21,1,291,646,850,617,296,2,272.867044634636
st_s003_ref,st_s003_ref,6,2019,2015,68.3153902052157,-122.542059984485,2019-06-08,2,1193,1464,1544,1246,284,2,217.338910192655
st_s003_ref,st_s003_ref,6,2019,2015,68.3153902052157,-122.542059984485,2019-06-24,1,412,790,1001,937,297,2,410.784141645418
st_s003_ref,st_s003_ref,6,2024,2015,68.3153902052157,-122.542059984485,2024-06-05,1,405,704,880,801,286,2,371.106361075108
st_s004,st_s004,8,1986,1990,67.9419572050712,-161.099034984902,1986-08-17,20,692,737,553,638,282,3,14.8805223481442
st_s004,st_s004,7,2005,2005,67.9419572050712,-161.099034984902,2005-07-20,38,516,592,374,309,294,3,8.72759125542269
st_s004,st_s004,9,2005,2005,67.9419572050712,-161.099034984902,2005-09-06,53,502,528,363,238,279,3,10.4269580368352
st_s004,st_s004,7,2006,2005,67.9419572050712,-161.099034984902,2006-07-07,54,458,630,487,391,284,3,17.287814994814
st_s004,st_s004,8,2006,2005,67.9419572050712,-161.099034984902,2006-08-24,64,476,659,439,256,286,3,11.3666338741094
st_s004,st_s004,8,2007,2005,67.9419572050712,-161.099034984902,2007-08-27,30,556,679,499,379,290,3,15.112177318442
st_s004,st_s004,8,2009,2005,67.9419572050712,-161.099034984902,2009-08-16,27,487,532,438,390,288,3,22.9271343924253
st_s004,st_s004,7,1986,1990,67.9419572050712,-161.099034984902,1986-07-07,5,484,567,361,418,299,3,8.09120117513565
st_s004,st_s004,8,1986,1990,67.9419572050712,-161.099034984902,1986-08-08,120,619,643,530,560,283,3,19.6781783910999
st_s004,st_s004,8,1986,1990,67.9419572050712,-161.099034984902,1986-08-24,50,347,511,303,255,281,3,8.64069253508893
st_s004,st_s004,7,2005,2005,67.9419572050712,-161.099034984902,2005-07-27,20,806,798,594,625,297,3,12.2390198418942
st_s004,st_s004,8,2007,2005,67.9419572050712,-161.099034984902,2007-08-18,28,433,555,412,355,290,3,14.7884943932885
st_s004,st_s004,5,2008,2005,67.9419572050712,-161.099034984902,2008-05-16,63,985,997,928,601,275,3,36.5629079401388
st_s004,st_s004,8,2008,2005,67.9419572050712,-161.099034984902,2008-08-20,26,399,518,332,297,288,3,9.64711673361917
st_s004,st_s004,6,2009,2005,67.9419572050712,-161.099034984902,2009-06-04,22,633,870,940,744,284,3,95.8446035744718
st_s004,st_s004,6,2009,2005,67.9419572050712,-161.099034984902,2009-06-20,94,558,814,672,351,287,3,23.9783750840838
st_s004,st_s004,6,2010,2010,67.9419572050712,-161.099034984902,2010-06-07,11,681,858,857,653,292,3,56.8590794183418
st_s004,st_s004,6,2010,2010,67.9419572050712,-161.099034984902,2010-06-23,23,477,668,557,477,298,3,33.0157645452504
st_s004,st_s004,8,1990,1990,67.9419572050712,-161.099034984902,1990-08-10,19,608,703,493,513,291,3,10.7061081870894
st_s004,st_s004,8,1995,1995,67.9419572050712,-161.099034984902,1995-08-24,41,268,366,282,209,285,3,15.2503691296015
st_s004,st_s004,8,2007,2005,67.9419572050712,-161.099034984902,2007-08-09,76,546,818,673,376,291,3,24.2591290181836
st_s004,st_s004,8,2007,2005,67.9419572050712,-161.099034984902,2007-08-25,32,452,541,346,316,291,3,8.7063737512631
st_s004,st_s004,7,2009,2005,67.9419572050712,-161.099034984902,2009-07-13,27,819,1012,870,836,296,3,35.5925576491775
st_s004,st_s004,5,2010,2010,67.9419572050712,-161.099034984902,2010-05-29,2,603,801,883,966,292,3,112.660811171278
st_s004,st_s004,6,2010,2010,67.9419572050712,-161.099034984902,2010-06-30,41,290,339,250,321,300,3,14.4264384783034
st_s004,st_s004,8,2023,2015,67.9419572050712,-161.099034984902,2023-08-05,24,388,430,277,320,291,3,8.24333975462389
st_s004,st_s004,8,2023,2015,67.9419572050712,-161.099034984902,2023-08-05,22,385,426,275,316,290,3,10.102267098373
st_s004,st_s004,7,1999,1995,67.9419572050712,-161.099034984902,1999-07-28,23,378,433,251,284,290,3,5.57817614661661
st_s004,st_s004,8,1999,1995,67.9419572050712,-161.099034984902,1999-08-29,51,398,458,297,231,283,3,9.84092952040724
st_s004,st_s004,6,2000,2000,67.9419572050712,-161.099034984902,2000-06-28,56,418,530,353,248,289,3,10.2959129173348
st_s004,st_s004,8,2001,2000,67.9419572050712,-161.099034984902,2001-08-18,55,630,768,767,774,277,3,66.1790549534551
st_s004,st_s004,6,2002,2000,67.9419572050712,-161.099034984902,2002-06-02,2,525,624,630,513,286,3,58.725686777268
st_s004,st_s004,7,2002,2000,67.9419572050712,-161.099034984902,2002-07-20,1,325,339,248,341,294,3,11.9638105914755
st_s004,st_s004,8,2002,2000,67.9419572050712,-161.099034984902,2002-08-05,33,572,563,397,421,291,3,8.73142392225799
st_s004,st_s004,8,2003,2000,67.9419572050712,-161.099034984902,2003-08-24,35,558,742,752,331,281,3,43.9706255834611
st_s004,st_s004,7,2004,2000,67.9419572050712,-161.099034984902,2004-07-25,8,396,522,302,420,294,3,9.07806563706743
st_s004,st_s004,8,2004,2000,67.9419572050712,-161.099034984902,2004-08-26,49,521,726,600,380,284,3,23.3744117868627
st_s004,st_s004,5,2005,2005,67.9419572050712,-161.099034984902,2005-05-25,14,710,897,1030,789,281,3,149.027559543267
st_s004,st_s004,7,2005,2005,67.9419572050712,-161.099034984902,2005-07-28,6,545,584,370,431,294,3,9.53119350249657
st_s004,st_s004,7,2007,2005,67.9419572050712,-161.099034984902,2007-07-02,1,416,633,427,522,297,3,10.3589590010605
st_s004,st_s004,8,2007,2005,67.9419572050712,-161.099034984902,2007-08-19,25,451,504,307,319,291,3,6.34362177521771
st_s004,st_s004,9,2007,2005,67.9419572050712,-161.099034984902,2007-09-04,29,620,679,513,385,286,3,14.2353439905316
st_s004,st_s004,7,2008,2005,67.9419572050712,-161.099034984902,2008-07-04,30,573,771,659,341,294,3,27.5159445721033
st_s004,st_s004,8,2008,2005,67.9419572050712,-161.099034984902,2008-08-21,13,509,531,432,400,286,3,20.6937316275045
st_s004,st_s004,5,2009,2005,67.9419572050712,-161.099034984902,2009-05-20,4,955,1057,1109,883,277,3,81.6257040714561
st_s004,st_s004,6,2009,2005,67.9419572050712,-161.099034984902,2009-06-21,23,793,939,808,1198,288,3,40.2172445993346
st_s004,st_s004,6,2010,2010,67.9419572050712,-161.099034984902,2010-06-08,34,546,711,625,351,289,3,28.8871157461314
st_s004,st_s004,6,2010,2010,67.9419572050712,-161.099034984902,2010-06-24,1,637,794,764,840,295,3,55.8254191543876
st_s004,st_s004,8,2010,2010,67.9419572050712,-161.099034984902,2010-08-27,17,356,347,261,229,286,3,14.4027502704293
st_s004,st_s004,5,2011,2010,67.9419572050712,-161.099034984902,2011-05-26,2,767,843,936,1061,288,3,110.866183195375
st_s004,st_s004,8,2011,2010,67.9419572050712,-161.099034984902,2011-08-14,43,623,807,847,548,284,3,63.6343963185714
st_s004,st_s004,6,2012,2010,67.9419572050712,-161.099034984902,2012-06-13,8,627,797,768,612,290,3,49.3809063635698
st_s004,st_s004,8,2013,2010,67.9419572050712,-161.099034984902,2013-08-19,31,395,449,279,316,285,3,7.60660576797385
st_s004,st_s004,5,2014,2010,67.9419572050712,-161.099034984902,2014-05-02,13,1450,1393,1382,964,276,3,48.0801888508263
st_s004,st_s004,5,2014,2010,67.9419572050712,-161.099034984902,2014-05-18,57,663,689,755,500,275,3,93.9625801972599
st_s004,st_s004,6,2014,2010,67.9419572050712,-161.099034984902,2014-06-19,28,542,803,792,395,283,3,43.4580310974231
st_s004,st_s004,7,2014,2010,67.9419572050712,-161.099034984902,2014-07-05,8,905,1043,927,996,290,3,36.6179917234116
st_s004,st_s004,8,2014,2010,67.9419572050712,-161.099034984902,2014-08-06,30,375,467,295,345,292,3,8.93546823246869
st_s004,st_s004,6,2015,2015,67.9419572050712,-161.099034984902,2015-06-22,11,580,722,506,515,288,3,12.1666020752406
st_s004,st_s004,7,2015,2015,67.9419572050712,-161.099034984902,2015-07-24,29,588,803,586,315,292,3,15.0373656992282
st_s004,st_s004,5,2016,2015,67.9419572050712,-161.099034984902,2016-05-07,20,614,572,600,394,276,3,69.8315196569552
st_s004,st_s004,5,2018,2015,67.9419572050712,-161.099034984902,2018-05-13,11,1251,1130,1139,774,274,3,53.5868882958899
st_s004,st_s004,5,2018,2015,67.9419572050712,-161.099034984902,2018-05-29,63,650,721,735,453,280,3,60.9973075985114
st_s004,st_s004,5,2019,2015,67.9419572050712,-161.099034984902,2019-05-16,6,1249,1360,1488,1379,281,3,155.572857124338
st_s004,st_s004,6,2019,2015,67.9419572050712,-161.099034984902,2019-06-17,92,539,708,534,255,286,3,15.3399256163664
st_s004,st_s004,8,2019,2015,67.9419572050712,-161.099034984902,2019-08-04,109,516,693,730,681,284,3,99.8386973881126
st_s004,st_s004,8,2019,2015,67.9419572050712,-161.099034984902,2019-08-20,47,567,742,597,425,283,3,21.7625018411697
st_s004,st_s004,5,2020,2015,67.9419572050712,-161.099034984902,2020-05-18,15,534,608,657,371,275,3,69.8699878176088
st_s004,st_s004,6,2020,2015,67.9419572050712,-161.099034984902,2020-06-03,12,722,975,1053,719,284,3,94.587700665598
st_s004,st_s004,6,2020,2015,67.9419572050712,-161.099034984902,2020-06-19,37,528,761,561,306,289,3,15.8399089323867
st_s004,st_s004,7,2020,2015,67.9419572050712,-161.099034984902,2020-07-21,17,440,493,286,284,290,3,6.43672867985264
st_s004,st_s004,8,2020,2015,67.9419572050712,-161.099034984902,2020-08-22,16,558,582,418,422,288,3,13.0935779530618
st_s004,st_s004,6,2021,2015,67.9419572050712,-161.099034984902,2021-06-06,104,507,704,721,322,282,3,49.2570335216763
st_s004,st_s004,6,2021,2015,67.9419572050712,-161.099034984902,2021-06-22,18,656,863,644,401,291,3,16.0405487127706
st_s004,st_s004,8,2021,2015,67.9419572050712,-161.099034984902,2021-08-09,55,829,1015,846,1017,280,3,27.4212820281608
st_s004,st_s004,5,2022,2015,67.9419572050712,-161.099034984902,2022-05-31,3,620,813,918,579,277,3,104.903017095024
st_s004,st_s004,5,2023,2015,67.9419572050712,-161.099034984902,2023-05-31,100,726,860,967,579,277,3,95.0512826428763
st_s004,st_s004,6,2023,2015,67.9419572050712,-161.099034984902,2023-06-05,42,501,603,563,339,281,3,32.454828714098
st_s004,st_s004,6,2023,2015,67.9419572050712,-161.099034984902,2023-06-22,96,580,776,646,323,282,3,22.6879498600731
st_s004,st_s004,7,2023,2015,67.9419572050712,-161.099034984902,2023-07-19,66,658,849,674,701,288,3,26.0228231868584
st_s004,st_s004,5,2022,2015,67.9419572050712,-161.099034984902,2022-05-31,23,656,806,914,627,278,3,103.252394959279
st_s004,st_s004,5,2023,2015,67.9419572050712,-161.099034984902,2023-05-31,100,768,912,979,597,277,3,74.8776270133688
st_s004,st_s004,6,2023,2015,67.9419572050712,-161.099034984902,2023-06-22,98,578,775,619,324,282,3,19.8835312785019
st_s004,st_s004,9,1999,1995,67.9419572050712,-161.099034984902,1999-09-05,24,393,440,360,301,282,3,15.8287204577577
st_s004,st_s004,6,2000,2000,67.9419572050712,-161.099034984902,2000-06-03,30,754,852,947,662,278,3,104.959899558314
st_s004,st_s004,7,2000,2000,67.9419572050712,-161.099034984902,2000-07-05,99,389,602,569,276,285,3,37.2714219017035
st_s004,st_s004,7,2000,2000,67.9419572050712,-161.099034984902,2000-07-21,54,422,582,392,258,291,3,11.607534403045
st_s004,st_s004,7,2001,2000,67.9419572050712,-161.099034984902,2001-07-08,56,423,539,360,223,288,3,11.0447202540964
st_s004,st_s004,6,2002,2000,67.9419572050712,-161.099034984902,2002-06-25,3,489,724,754,1161,288,3,104.031077743858
st_s004,st_s004,7,2002,2000,67.9419572050712,-161.099034984902,2002-07-27,43,398,534,342,294,288,3,11.0097224892918
st_s004,st_s004,6,2004,2000,67.9419572050712,-161.099034984902,2004-06-30,20,746,945,747,1244,294,3,34.8524052632883
st_s004,st_s004,8,2004,2000,67.9419572050712,-161.099034984902,2004-08-01,64,374,629,601,347,288,3,47.4888915889542
st_s004,st_s004,5,2005,2005,67.9419572050712,-161.099034984902,2005-05-16,88,1045,1185,1265,903,273,3,87.7454024478035
st_s004,st_s004,6,2005,2005,67.9419572050712,-161.099034984902,2005-06-17,2,475,625,671,1015,295,3,94.8131663040787
st_s004,st_s004,7,2005,2005,67.9419572050712,-161.099034984902,2005-07-03,57,457,583,369,220,288,3,9.52375854694713
st_s004,st_s004,7,2005,2005,67.9419572050712,-161.099034984902,2005-07-19,37,477,543,357,354,290,3,8.6193192813838
st_s004,st_s004,9,2005,2005,67.9419572050712,-161.099034984902,2005-09-05,57,485,558,369,214,278,3,9.40574336197277
st_s004,st_s004,7,2006,2005,67.9419572050712,-161.099034984902,2006-07-06,80,425,662,504,267,287,3,17.9908949761898
st_s004,st_s004,8,2006,2005,67.9419572050712,-161.099034984902,2006-08-23,50,340,442,298,256,284,3,13.1960308621371
st_s004,st_s004,7,2007,2005,67.9419572050712,-161.099034984902,2007-07-25,37,432,564,370,314,294,3,9.58272899242797
st_s004,st_s004,8,2007,2005,67.9419572050712,-161.099034984902,2007-08-10,2,748,1037,782,1025,290,3,22.6007395515568
st_s004,st_s004,8,2007,2005,67.9419572050712,-161.099034984902,2007-08-26,24,467,519,404,313,289,3,15.1257523898394
st_s004,st_s004,7,2008,2005,67.9419572050712,-161.099034984902,2008-07-27,39,475,535,372,363,287,3,11.7884301596587
st_s004,st_s004,6,2009,2005,67.9419572050712,-161.099034984902,2009-06-12,4,574,754,750,847,290,3,42.7974315280255
st_s004,st_s004,5,2010,2010,67.9419572050712,-161.099034984902,2010-05-30,40,584,707,738,540,283,3,68.397456545683
st_s004,st_s004,7,2010,2010,67.9419572050712,-161.099034984902,2010-07-01,2,750,896,886,1032,298,3,67.3328577480714
st_s004,st_s004,6,2012,2010,67.9419572050712,-161.099034984902,2012-06-20,16,671,767,636,562,289,3,24.8113888846725
st_s004,st_s004,7,2012,2010,67.9419572050712,-161.099034984902,2012-07-06,27,622,673,515,485,295,3,16.4914334412227
st_s004,st_s004,7,2012,2010,67.9419572050712,-161.099034984902,2012-07-22,30,504,662,462,281,290,3,12.4683878074896
st_s004,st_s004,8,2012,2010,67.9419572050712,-161.099034984902,2012-08-07,77,359,393,237,165,283,3,6.78856832959709
st_s004,st_s004,9,2015,2015,67.9419572050712,-161.099034984902,2015-09-01,98,520,666,525,333,279,3,18.0766454716898
st_s004,st_s004,7,2016,2015,67.9419572050712,-161.099034984902,2016-07-01,2,612,739,575,689,297,3,20.0611691683081
st_s004,st_s004,9,2016,2015,67.9419572050712,-161.099034984902,2016-09-03,61,355,427,308,209,284,3,12.0779000962985
st_s004,st_s004,6,2017,2015,67.9419572050712,-161.099034984902,2017-06-02,109,470,633,701,310,282,3,71.1435422848829
st_s004,st_s004,7,2017,2015,67.9419572050712,-161.099034984902,2017-07-20,30,372,452,310,273,293,3,10.6686587593813
st_s004,st_s004,6,2018,2015,67.9419572050712,-161.099034984902,2018-06-05,112,497,707,734,404,282,3,60.091767368084
st_s004,st_s004,6,2018,2015,67.9419572050712,-161.099034984902,2018-06-21,39,425,569,603,401,285,3,69.4093008205601
st_s004,st_s004,7,2018,2015,67.9419572050712,-161.099034984902,2018-07-23,81,541,763,551,271,290,3,14.686287505514
st_s004,st_s004,6,2019,2015,67.9419572050712,-161.099034984902,2019-06-24,63,529,681,424,257,289,3,9.29073045554501
st_s004,st_s004,8,2019,2015,67.9419572050712,-161.099034984902,2019-08-11,24,507,615,421,485,287,3,11.8522407668347
st_s004,st_s004,5,2020,2015,67.9419572050712,-161.099034984902,2020-05-25,79,915,1006,1048,874,275,3,85.8717567469097
st_s004,st_s004,7,2020,2015,67.9419572050712,-161.099034984902,2020-07-28,43,521,708,492,377,286,3,12.6509172291506
st_s004,st_s004,8,2020,2015,67.9419572050712,-161.099034984902,2020-08-29,4,575,711,654,608,284,3,33.0198513215493
st_s004,st_s004,5,2021,2015,67.9419572050712,-161.099034984902,2021-05-28,111,432,591,666,324,278,3,80.9136473517123
st_s004,st_s004,5,2022,2015,67.9419572050712,-161.099034984902,2022-05-24,7,1241,1322,1362,877,275,3,63.3534781345268
st_s004,st_s004,6,2022,2015,67.9419572050712,-161.099034984902,2022-06-05,8,594,803,889,711,283,3,108.190761404332
st_s004,st_s004,7,2022,2015,67.9419572050712,-161.099034984902,2022-07-09,38,379,490,333,290,292,3,11.6512241557414
st_s004,st_s004,8,2022,2015,67.9419572050712,-161.099034984902,2022-08-29,75,519,788,795,440,281,3,51.5106335505463
st_s004,st_s004,5,2023,2015,67.9419572050712,-161.099034984902,2023-05-19,9,1438,1643,1532,811,273,3,33.9882213636862
st_s004,st_s004,7,2023,2015,67.9419572050712,-161.099034984902,2023-07-02,60,499,774,800,513,286,3,60.6173525228351
st_s004,st_s004,7,2023,2015,67.9419572050712,-161.099034984902,2023-07-24,69,503,690,531,404,290,3,19.8710805140865
st_s004,st_s004,8,1999,1995,67.9419572050712,-161.099034984902,1999-08-27,59,363,461,311,225,284,3,11.0315674667372
st_s004,st_s004,6,2001,2000,67.9419572050712,-161.099034984902,2001-06-29,106,309,363,254,247,289,3,10.7182458975429
st_s004,st_s004,8,2001,2000,67.9419572050712,-161.099034984902,2001-08-16,113,587,876,1004,809,282,3,132.869045427362
st_s004,st_s004,7,2002,2000,67.9419572050712,-161.099034984902,2002-07-18,51,329,473,293,237,292,3,10.3152035694541
st_s004,st_s004,8,2002,2000,67.9419572050712,-161.099034984902,2002-08-03,18,432,458,304,345,293,3,8.64115340038968
st_s004,st_s004,8,2003,2000,67.9419572050712,-161.099034984902,2003-08-06,62,620,812,692,427,284,3,26.7483982359595
st_s004,st_s004,6,2004,2000,67.9419572050712,-161.099034984902,2004-06-05,3,521,751,785,809,293,3,75.1087507335281
st_s004,st_s004,8,2004,2000,67.9419572050712,-161.099034984902,2004-08-24,55,604,771,721,443,287,3,37.3662005053048
st_s004,st_s004,5,2005,2005,67.9419572050712,-161.099034984902,2005-05-23,9,622,760,880,639,277,3,140.596090839444
st_s004,st_s004,6,2005,2005,67.9419572050712,-161.099034984902,2005-06-24,19,576,598,370,565,289,3,8.98190761666252
st_s004,st_s004,7,2005,2005,67.9419572050712,-161.099034984902,2005-07-26,4,686,753,417,477,295,3,4.89886571032189
st_s004,st_s004,6,2006,2005,67.9419572050712,-161.099034984902,2006-06-27,3,498,608,490,487,289,3,22.4815737843733
st_s004,st_s004,8,2006,2005,67.9419572050712,-161.099034984902,2006-08-14,105,440,676,642,306,285,3,38.0881585881707
st_s004,st_s004,8,2006,2005,67.9419572050712,-161.099034984902,2006-08-30,25,338,426,328,275,283,3,17.2949980039071
st_s004,st_s004,5,2007,2005,67.9419572050712,-161.099034984902,2007-05-29,23,542,742,842,592,283,3,110.511368848591
st_s004,st_s004,6,2007,2005,67.9419572050712,-161.099034984902,2007-06-14,16,395,367,245,270,287,3,6.59707310354477
st_s004,st_s004,8,2007,2005,67.9419572050712,-161.099034984902,2007-08-17,37,379,463,329,318,289,3,13.2138187472336
st_s004,st_s004,8,2008,2005,67.9419572050712,-161.099034984902,2008-08-19,26,416,432,334,287,286,3,17.4027492297915
st_s004,st_s004,9,2008,2005,67.9419572050712,-161.099034984902,2008-09-04,23,568,609,509,462,286,3,21.49964979535
st_s004,st_s004,5,2009,2005,67.9419572050712,-161.099034984902,2009-05-02,8,1181,1026,1008,789,278,3,58.6855331185132
st_s004,st_s004,6,2009,2005,67.9419572050712,-161.099034984902,2009-06-19,96,512,721,590,306,287,3,21.5799095560219
st_s004,st_s004,7,2009,2005,67.9419572050712,-161.099034984902,2009-07-21,29,886,978,745,1138,294,3,27.0198372590548
st_s004,st_s004,5,2010,2010,67.9419572050712,-161.099034984902,2010-05-21,24,452,571,688,413,277,3,127.671699396608
st_s004,st_s004,6,2010,2010,67.9419572050712,-161.099034984902,2010-06-22,12,474,613,525,351,295,3,24.8013855841795
st_s004,st_s004,7,2010,2010,67.9419572050712,-161.099034984902,2010-07-08,9,414,597,447,392,294,3,14.6924665620764
st_s004,st_s004,6,2011,2010,67.9419572050712,-161.099034984902,2011-06-25,7,664,766,638,959,281,3,23.7305855565466
st_s004,st_s004,7,2011,2010,67.9419572050712,-161.099034984902,2011-07-27,33,372,476,361,334,290,3,17.2984761788602
st_s004,st_s004,5,2013,2010,67.9419572050712,-161.099034984902,2013-05-29,3,736,934,1069,1082,285,3,128.565142397968
st_s004,st_s004,8,2014,2010,67.9419572050712,-161.099034984902,2014-08-04,20,367,461,306,346,290,3,12.4588555327934
st_s004,st_s004,9,2014,2010,67.9419572050712,-161.099034984902,2014-09-05,58,319,442,316,246,278,3,14.5017076526599
st_s004,st_s004,7,2015,2015,67.9419572050712,-161.099034984902,2015-07-22,92,995,1445,1615,1086,289,3,105.532073804112
st_s004,st_s004,5,2016,2015,67.9419572050712,-161.099034984902,2016-05-05,8,1099,1268,1309,940,278,3,77.99845677104
st_s004,st_s004,7,2016,2015,67.9419572050712,-161.099034984902,2016-07-24,22,321,413,235,241,292,3,6.82448365622723
st_s004,st_s004,8,2016,2015,67.9419572050712,-161.099034984902,2016-08-25,76,545,839,904,566,281,3,72.8286253856264
st_s004,st_s004,7,2017,2015,67.9419572050712,-161.099034984902,2017-07-11,3,472,550,409,616,293,3,19.8926536426065
st_s004,st_s004,7,2017,2015,67.9419572050712,-161.099034984902,2017-07-27,43,460,540,455,373,291,3,24.5203730013274
st_s004,st_s004,5,2018,2015,67.9419572050712,-161.099034984902,2018-05-27,80,547,683,812,405,280,3,107.63630137283
st_s004,st_s004,6,2018,2015,67.9419572050712,-161.099034984902,2018-06-12,87,600,821,681,347,281,3,22.591420093786
st_s004,st_s004,6,2018,2015,67.9419572050712,-161.099034984902,2018-06-28,34,990,1274,1189,876,282,3,48.5984948587075
st_s004,st_s004,5,2019,2015,67.9419572050712,-161.099034984902,2019-05-30,3,541,715,809,1001,290,3,117.901004829908
st_s004,st_s004,6,2019,2015,67.9419572050712,-161.099034984902,2019-06-15,48,487,687,539,260,285,3,18.2501849310482
st_s004,st_s004,6,2020,2015,67.9419572050712,-161.099034984902,2020-06-01,71,644,860,1003,637,283,3,121.722085829905
st_s004,st_s004,7,2020,2015,67.9419572050712,-161.099034984902,2020-07-19,16,361,471,324,331,291,3,11.5241230754729
st_s004,st_s004,8,2020,2015,67.9419572050712,-161.099034984902,2020-08-04,29,293,394,323,254,285,3,27.1814059192759
st_s004,st_s004,8,2020,2015,67.9419572050712,-161.099034984902,2020-08-20,18,434,542,388,362,288,3,15.1322223910155
st_s004,st_s004,7,2022,2015,67.9419572050712,-161.099034984902,2022-07-31,51,472,653,538,377,288,3,24.1577146876412
st_s004,st_s004,6,2023,2015,67.9419572050712,-161.099034984902,2023-06-15,73,891,1146,1203,635,281,3,66.5840061601665
st_s004,st_s004,8,2023,2015,67.9419572050712,-161.099034984902,2023-08-03,2,502,543,449,330,290,3,17.0957933347085
st_s004,st_s004,6,2013,2010,67.9419572050712,-161.099034984902,2013-06-24,11,346,642,612,215,291,3,31.8794464196105
st_s004,st_s004,7,2013,2010,67.9419572050712,-161.099034984902,2013-07-10,5,111,312,94,77,292,3,15.7965043650909
st_s004,st_s004,7,2014,2010,67.9419572050712,-161.099034984902,2014-07-29,7,225,461,259,139,289,3,13.39240618035
st_s004,st_s004,6,2015,2015,67.9419572050712,-161.099034984902,2015-06-14,18,262,450,399,110,290,3,26.2692845627958
st_s004,st_s004,9,2015,2015,67.9419572050712,-161.099034984902,2015-09-02,51,240,440,303,99,282,3,15.8778097095934
st_s004,st_s004,5,2016,2015,67.9419572050712,-161.099034984902,2016-05-15,12,406,664,786,423,277,3,99.6646722386525
st_s004,st_s004,6,2016,2015,67.9419572050712,-161.099034984902,2016-06-16,7,276,441,252,196,295,3,7.71454418770544
st_s004,st_s004,7,2016,2015,67.9419572050712,-161.099034984902,2016-07-02,15,257,382,215,108,297,3,8.48902985777607
st_s004,st_s004,7,2016,2015,67.9419572050712,-161.099034984902,2016-07-18,16,234,349,183,102,293,3,6.63088532628141
st_s004,st_s004,8,2016,2015,67.9419572050712,-161.099034984902,2016-08-03,7,191,331,171,78,289,3,9.33920492685654
st_s004,st_s004,9,2016,2015,67.9419572050712,-161.099034984902,2016-09-04,47,156,303,165,45,285,3,14.7093087991899
st_s004,st_s004,6,2017,2015,67.9419572050712,-161.099034984902,2017-06-03,30,265,465,484,119,287,3,38.6287773992811
st_s004,st_s004,8,2017,2015,67.9419572050712,-161.099034984902,2017-08-06,49,557,807,798,333,288,3,41.4426051012324
st_s004,st_s004,5,2018,2015,67.9419572050712,-161.099034984902,2018-05-21,4,224,732,847,784,275,3,177.105579935176
st_s004,st_s004,6,2019,2015,67.9419572050712,-161.099034984902,2019-06-09,6,83,861,780,169,283,3,14.348884722501
st_s004,st_s004,7,2019,2015,67.9419572050712,-161.099034984902,2019-07-11,5,250,430,159,220,297,3,4.21816370159955
st_s004,st_s004,8,2020,2015,67.9419572050712,-161.099034984902,2020-08-14,6,158,533,371,764,283,3,253.509659512619
st_s004,st_s004,8,2020,2015,67.9419572050712,-161.099034984902,2020-08-30,4,179,417,328,268,284,3,34.5612065081876
st_s004,st_s004,5,2021,2015,67.9419572050712,-161.099034984902,2021-05-29,11,150,363,408,77,282,3,29.704261058564
st_s004,st_s004,9,2021,2015,67.9419572050712,-161.099034984902,2021-09-02,98,552,921,918,231,283,3,34.099755655176
st_s004,st_s004,6,2022,2015,67.9419572050712,-161.099034984902,2022-06-01,13,430,844,997,772,276,3,152.511523060223
st_s004,st_s004,8,2022,2015,67.9419572050712,-161.099034984902,2022-08-20,8,226,471,366,62,286,3,23.0039525867358
st_s004,st_s004,9,2022,2015,67.9419572050712,-161.099034984902,2022-09-05,10,190,407,276,168,280,3,19.1225314682128
st_s004,st_s004,6,2023,2015,67.9419572050712,-161.099034984902,2023-06-04,10,125,381,348,36,280,3,34.796141358482
st_s004,st_s004,8,2023,2015,67.9419572050712,-161.099034984902,2023-08-23,116,547,862,923,390,283,3,55.8642859731843
st_s004,st_s004,6,2024,2015,67.9419572050712,-161.099034984902,2024-06-06,11,243,540,551,299,281,3,45.8204246618129
st_s004,st_s004,7,2024,2015,67.9419572050712,-161.099034984902,2024-07-08,14,565,917,1026,537,285,3,78.2603198558058
st_s004,st_s004,7,2024,2015,67.9419572050712,-161.099034984902,2024-07-24,6,122,312,183,211,296,3,25.3283147678716
st_s004,st_s004,7,2013,2010,67.9419572050712,-161.099034984902,2013-07-10,7,376,558,351,129,293,3,12.5232759093057
st_s004,st_s004,7,2014,2010,67.9419572050712,-161.099034984902,2014-07-29,43,295,503,329,157,289,3,13.3930487037188
st_s004,st_s004,6,2015,2015,67.9419572050712,-161.099034984902,2015-06-14,95,269,491,421,107,288,3,23.0380662726446
st_s004,st_s004,5,2016,2015,67.9419572050712,-161.099034984902,2016-05-15,29,415,656,787,431,278,3,109.856983181335
st_s004,st_s004,6,2016,2015,67.9419572050712,-161.099034984902,2016-06-16,24,330,468,314,143,294,3,11.9395500600924
st_s004,st_s004,7,2016,2015,67.9419572050712,-161.099034984902,2016-07-02,42,270,385,222,129,297,3,8.05166159516529
st_s004,st_s004,7,2016,2015,67.9419572050712,-161.099034984902,2016-07-18,35,185,291,135,54,292,3,7.33814133177616
st_s004,st_s004,8,2016,2015,67.9419572050712,-161.099034984902,2016-08-03,29,214,343,195,98,289,3,8.97485742591387
st_s004,st_s004,9,2016,2015,67.9419572050712,-161.099034984902,2016-09-04,19,99,279,160,40,285,3,34.8631309789232
st_s004,st_s004,6,2017,2015,67.9419572050712,-161.099034984902,2017-06-03,110,266,469,496,133,287,3,40.3113355116865
st_s004,st_s004,8,2017,2015,67.9419572050712,-161.099034984902,2017-08-06,109,593,826,824,358,289,3,43.8969476939835
st_s004,st_s004,6,2019,2015,67.9419572050712,-161.099034984902,2019-06-09,5,598,999,910,629,283,3,47.6071783308868
st_s004,st_s004,6,2019,2015,67.9419572050712,-161.099034984902,2019-06-25,55,391,557,276,92,292,3,6.30372555454629
st_s004,st_s004,7,2019,2015,67.9419572050712,-161.099034984902,2019-07-11,4,214,387,143,220,298,3,4.86887838111243
st_s004,st_s004,8,2020,2015,67.9419572050712,-161.099034984902,2020-08-14,4,155,560,378,781,283,3,343.486373621459
st_s004,st_s004,8,2020,2015,67.9419572050712,-161.099034984902,2020-08-30,3,116,280,90,32,284,3,16.2964934279931
st_s004,st_s004,5,2021,2015,67.9419572050712,-161.099034984902,2021-05-29,38,205,390,443,105,281,3,44.2476029568126
st_s004,st_s004,8,2021,2015,67.9419572050712,-161.099034984902,2021-08-17,6,84,471,195,252,278,3,1462.47266097021
st_s004,st_s004,9,2021,2015,67.9419572050712,-161.099034984902,2021-09-02,113,582,935,933,250,283,3,35.4918902900002
st_s004,st_s004,6,2022,2015,67.9419572050712,-161.099034984902,2022-06-01,11,418,835,1000,787,276,3,165.496648946492
st_s004,st_s004,8,2022,2015,67.9419572050712,-161.099034984902,2022-08-20,8,232,492,396,88,286,3,21.1676355982038
st_s004,st_s004,6,2023,2015,67.9419572050712,-161.099034984902,2023-06-04,9,52,377,372,88,280,3,6.10090029748785
st_s004,st_s004,8,2023,2015,67.9419572050712,-161.099034984902,2023-08-23,116,528,844,915,390,283,3,58.3413374014911
st_s004,st_s004,6,2024,2015,67.9419572050712,-161.099034984902,2024-06-06,13,296,544,564,309,282,3,50.0003751031135
st_s004,st_s004,7,2024,2015,67.9419572050712,-161.099034984902,2024-07-08,116,612,927,1037,546,285,3,81.9030288222576
st_s004,st_s004,7,2024,2015,67.9419572050712,-161.099034984902,2024-07-24,7,181,339,188,190,295,3,12.0424013387975
st_s004,st_s004,5,2013,2010,67.9419572050712,-161.099034984902,2013-05-30,12,406,672,787,468,279,3,103.326032324471
st_s004,st_s004,8,2014,2010,67.9419572050712,-161.099034984902,2014-08-05,6,187,383,236,243,292,3,14.7389073696271
st_s004,st_s004,9,2014,2010,67.9419572050712,-161.099034984902,2014-09-06,8,91,250,170,47,279,3,26.440479880216
st_s004,st_s004,6,2015,2015,67.9419572050712,-161.099034984902,2015-06-21,56,362,550,296,80,294,3,8.45824759553983
st_s004,st_s004,7,2015,2015,67.9419572050712,-161.099034984902,2015-07-23,63,624,976,892,249,294,3,27.7615293778079
st_s004,st_s004,5,2016,2015,67.9419572050712,-161.099034984902,2016-05-06,7,582,862,864,397,277,3,49.8823947126852
st_s004,st_s004,6,2017,2015,67.9419572050712,-161.099034984902,2017-06-26,5,182,354,141,86,292,3,6.90519338466752
st_s004,st_s004,7,2017,2015,67.9419572050712,-161.099034984902,2017-07-12,6,176,398,251,322,294,3,21.2491791045014
st_s004,st_s004,8,2017,2015,67.9419572050712,-161.099034984902,2017-08-29,7,77,258,166,78,280,3,34.2623921808029
st_s004,st_s004,5,2018,2015,67.9419572050712,-161.099034984902,2018-05-28,13,267,502,589,156,283,3,50.1972338044915
st_s004,st_s004,6,2018,2015,67.9419572050712,-161.099034984902,2018-06-29,107,548,813,714,174,291,3,23.1661131675137
st_s004,st_s004,5,2019,2015,67.9419572050712,-161.099034984902,2019-05-15,3,1554,1922,1873,1373,279,3,68.0976550712105
st_s004,st_s004,5,2019,2015,67.9419572050712,-161.099034984902,2019-05-31,71,435,714,801,335,285,3,64.9937559693393
st_s004,st_s004,8,2019,2015,67.9419572050712,-161.099034984902,2019-08-19,13,444,776,694,274,284,3,27.6486071731302
st_s004,st_s004,5,2020,2015,67.9419572050712,-161.099034984902,2020-05-17,13,745,740,857,650,276,3,156.677516151063
st_s004,st_s004,6,2020,2015,67.9419572050712,-161.099034984902,2020-06-02,116,485,763,851,385,286,3,68.7111405183717
st_s004,st_s004,6,2020,2015,67.9419572050712,-161.099034984902,2020-06-18,64,388,618,462,115,292,3,16.0572658321486
st_s004,st_s004,7,2020,2015,67.9419572050712,-161.099034984902,2020-07-04,4,239,509,251,388,290,3,9.72808509938728
st_s004,st_s004,7,2020,2015,67.9419572050712,-161.099034984902,2020-07-20,3,262,454,249,438,289,3,7.08017512745292
st_s004,st_s004,8,2020,2015,67.9419572050712,-161.099034984902,2020-08-21,6,269,443,353,328,292,3,23.542866324265
st_s004,st_s004,5,2021,2015,67.9419572050712,-161.099034984902,2021-05-20,7,245,794,921,820,273,3,168.498946775793
st_s004,st_s004,6,2021,2015,67.9419572050712,-161.099034984902,2021-06-21,11,416,700,608,197,290,3,24.5347026035466
st_s004,st_s004,8,2021,2015,67.9419572050712,-161.099034984902,2021-08-08,11,310,645,440,471,286,3,25.9008008498987
st_s004,st_s004,6,2022,2015,67.9419572050712,-161.099034984902,2022-06-08,108,453,731,761,230,283,3,42.7682681468594
st_s004,st_s004,7,2022,2015,67.9419572050712,-161.099034984902,2022-07-10,37,244,366,191,101,295,3,6.96337500055895
st_s004,st_s004,5,2023,2015,67.9419572050712,-161.099034984902,2023-05-26,13,66,339,350,315,274,3,146.539226628606
st_s004,st_s004,6,2023,2015,67.9419572050712,-161.099034984902,2023-06-11,115,473,726,806,479,284,3,85.047298061562
st_s004,st_s004,5,2024,2015,67.9419572050712,-161.099034984902,2024-05-28,10,61,312,360,64,282,3,3.31672750563094
st_s004,st_s004,7,2013,2010,67.9419572050712,-161.099034984902,2013-07-08,7,227,591,501,376,290,3,45.1597169559306
st_s004,st_s004,7,2013,2010,67.9419572050712,-161.099034984902,2013-07-24,9,123,293,151,78,289,3,16.2505140104332
st_s004,st_s004,8,2013,2010,67.9419572050712,-161.099034984902,2013-08-25,7,150,298,163,92,285,3,12.3880972172139
st_s004,st_s004,6,2014,2010,67.9419572050712,-161.099034984902,2014-06-25,93,579,889,771,190,287,3,22.7628699153114
st_s004,st_s004,8,2014,2010,67.9419572050712,-161.099034984902,2014-08-12,20,238,388,261,235,294,3,12.5745802756439
st_s004,st_s004,6,2015,2015,67.9419572050712,-161.099034984902,2015-06-28,2,342,569,340,505,284,3,8.54018552386777
st_s004,st_s004,7,2015,2015,67.9419572050712,-161.099034984902,2015-07-30,43,365,458,254,149,292,3,6.5054836118
st_s004,st_s004,8,2015,2015,67.9419572050712,-161.099034984902,2015-08-15,3,210,615,479,375,286,3,46.9824609051536
st_s004,st_s004,8,2015,2015,67.9419572050712,-161.099034984902,2015-08-31,103,403,713,607,115,280,3,21.2175222309523
st_s004,st_s004,5,2016,2015,67.9419572050712,-161.099034984902,2016-05-13,12,463,825,890,556,277,3,77.963948642033
st_s004,st_s004,5,2016,2015,67.9419572050712,-161.099034984902,2016-05-29,20,285,510,507,232,289,3,38.7053834662911
st_s004,st_s004,6,2016,2015,67.9419572050712,-161.099034984902,2016-06-14,5,349,567,319,399,286,3,7.56690614967813
st_s004,st_s004,6,2016,2015,67.9419572050712,-161.099034984902,2016-06-30,8,246,491,390,363,292,3,28.8668216831994
st_s004,st_s004,9,2016,2015,67.9419572050712,-161.099034984902,2016-09-02,65,194,372,236,48,285,3,17.2821321294966
st_s004,st_s004,5,2017,2015,67.9419572050712,-161.099034984902,2017-05-16,13,288,688,775,740,271,3,152.54395320011
st_s004,st_s004,6,2017,2015,67.9419572050712,-161.099034984902,2017-06-01,11,278,601,692,641,279,3,133.442467458834
st_s004,st_s004,7,2017,2015,67.9419572050712,-161.099034984902,2017-07-03,2,374,819,649,925,282,3,66.3161518355851
st_s004,st_s004,8,2017,2015,67.9419572050712,-161.099034984902,2017-08-20,93,265,499,365,78,283,3,16.9858437479934
st_s004,st_s004,9,2017,2015,67.9419572050712,-161.099034984902,2017-09-05,34,88,246,141,83,284,3,23.7103778523791
st_s004,st_s004,6,2018,2015,67.9419572050712,-161.099034984902,2018-06-04,14,443,744,810,252,286,3,48.8082166688012
st_s004,st_s004,7,2018,2015,67.9419572050712,-161.099034984902,2018-07-06,8,297,787,370,996,289,3,57.9716133993663
st_s004,st_s004,8,2018,2015,67.9419572050712,-161.099034984902,2018-08-23,67,425,736,677,198,285,3,27.6333897401177
st_s004,st_s004,6,2019,2015,67.9419572050712,-161.099034984902,2019-06-07,13,450,765,704,209,286,3,28.0566654044417
st_s004,st_s004,7,2019,2015,67.9419572050712,-161.099034984902,2019-07-09,7,221,499,278,528,299,3,30.7253204777098
st_s004,st_s004,8,2019,2015,67.9419572050712,-161.099034984902,2019-08-10,34,392,617,388,242,289,3,11.5208992659089
st_s004,st_s004,7,2020,2015,67.9419572050712,-161.099034984902,2020-07-11,4,282,448,314,242,295,3,14.6630764393912
st_s004,st_s004,5,2021,2015,67.9419572050712,-161.099034984902,2021-05-27,16,254,483,604,227,279,3,72.8638518222838
st_s004,st_s004,7,2021,2015,67.9419572050712,-161.099034984902,2021-07-14,10,248,666,472,697,290,3,72.3755955409567
st_s004,st_s004,5,2022,2015,67.9419572050712,-161.099034984902,2022-05-30,13,288,658,804,563,277,3,112.936874603576
st_s004,st_s004,7,2022,2015,67.9419572050712,-161.099034984902,2022-07-17,8,392,641,599,300,293,3,41.8626488804106
st_s004,st_s004,8,2022,2015,67.9419572050712,-161.099034984902,2022-08-02,30,238,380,189,79,291,3,7.60856217234962
st_s004,st_s004,8,2023,2015,67.9419572050712,-161.099034984902,2023-08-05,23,249,401,263,224,293,3,13.0820480266103
st_s004,st_s004,5,2024,2015,67.9419572050712,-161.099034984902,2024-05-19,2,421,762,732,439,278,3,52.0766261978114
st_s004,st_s004,6,2024,2015,67.9419572050712,-161.099034984902,2024-06-20,105,451,711,547,149,290,3,16.9693065652651
st_s004,st_s004,6,2022,2015,67.9419572050712,-161.099034984902,2022-06-09,108,420,686,679,169,285,3,33.6857254633929
st_s004,st_s004,7,2024,2015,67.9419572050712,-161.099034984902,2024-07-16,8,355,755,779,202,285,3,33.7273758053206
st_s004,st_s004,6,2022,2015,67.9419572050712,-161.099034984902,2022-06-09,109,425,686,684,177,285,3,35.0884369298083
st_s004,st_s004,7,2024,2015,67.9419572050712,-161.099034984902,2024-07-16,5,380,714,737,559,284,3,88.4131942671283
st_s004,st_s004,6,2022,2015,67.9419572050712,-161.099034984902,2022-06-16,7,132,395,348,67,285,3,27.6935855810328
st_s004,st_s004,8,2022,2015,67.9419572050712,-161.099034984902,2022-08-03,26,227,368,198,127,293,3,7.72386096826354
st_s004,st_s004,6,2024,2015,67.9419572050712,-161.099034984902,2024-06-05,14,320,575,615,168,283,3,41.2916263945249
st_s004,st_s004,6,2024,2015,67.9419572050712,-161.099034984902,2024-06-21,16,285,536,410,77,291,3,18.4737528602374
st_s004,st_s004,7,2024,2015,67.9419572050712,-161.099034984902,2024-07-23,12,169,311,138,58,293,3,8.17566671163609
st_s004,st_s004,6,2022,2015,67.9419572050712,-161.099034984902,2022-06-07,117,455,727,787,278,283,3,52.6960832301383
st_s004,st_s004,7,2023,2015,67.9419572050712,-161.099034984902,2023-07-12,12,378,695,697,245,286,3,36.7911804619562
st_s004,st_s004,8,2023,2015,67.9419572050712,-161.099034984902,2023-08-13,8,205,363,205,195,291,3,9.84945765327151
st_s004,st_s004,8,2023,2015,67.9419572050712,-161.099034984902,2023-08-29,117,507,813,930,845,282,3,162.919218827462
st_s004,st_s004,5,2024,2015,67.9419572050712,-161.099034984902,2024-05-27,12,179,461,522,155,278,3,30.0238367507535
st_s004,st_s004,6,2024,2015,67.9419572050712,-161.099034984902,2024-06-12,109,439,721,778,306,287,3,53.3217043549879
st_s004_ref,st_s004_ref,6,1986,1990,67.9298102052143,-161.034903984855,1986-06-14,3,615,927,870,922,293,3,54.6894729264946
st_s004_ref,st_s004_ref,8,1986,1990,67.9298102052143,-161.034903984855,1986-08-17,63,569,572,410,361,281,3,12.0285480912764
st_s004_ref,st_s004_ref,7,2005,2005,67.9298102052143,-161.034903984855,2005-07-20,51,490,590,453,309,292,3,15.7375391012845
st_s004_ref,st_s004_ref,9,2005,2005,67.9298102052143,-161.034903984855,2005-09-06,67,466,528,363,175,279,3,11.0621325493364
st_s004_ref,st_s004_ref,7,2006,2005,67.9298102052143,-161.034903984855,2006-07-07,80,367,521,400,295,285,3,18.173856022152
st_s004_ref,st_s004_ref,8,2006,2005,67.9298102052143,-161.034903984855,2006-08-24,75,452,603,395,260,283,3,11.5138478236669
st_s004_ref,st_s004_ref,8,2007,2005,67.9298102052143,-161.034903984855,2007-08-27,59,534,622,505,326,288,3,22.9923222659917
st_s004_ref,st_s004_ref,8,2009,2005,67.9298102052143,-161.034903984855,2009-08-16,58,449,544,403,292,286,3,14.6085566806199
st_s004_ref,st_s004_ref,6,2011,2010,67.9298102052143,-161.034903984855,2011-06-19,2,415,525,407,454,293,3,11.1810911091308
st_s004_ref,st_s004_ref,8,1986,1990,67.9298102052143,-161.034903984855,1986-08-24,60,354,514,353,256,281,3,14.6944577628788
st_s004_ref,st_s004_ref,7,2005,2005,67.9298102052143,-161.034903984855,2005-07-27,37,774,798,642,680,296,3,22.4998748057841
st_s004_ref,st_s004_ref,8,2007,2005,67.9298102052143,-161.034903984855,2007-08-18,61,356,501,324,249,290,3,10.3686532088067
st_s004_ref,st_s004_ref,5,2008,2005,67.9298102052143,-161.034903984855,2008-05-16,13,1100,1192,1200,913,276,3,68.2063467952854
st_s004_ref,st_s004_ref,6,2008,2005,67.9298102052143,-161.034903984855,2008-06-01,82,589,685,681,435,280,3,50.6355146864247
st_s004_ref,st_s004_ref,7,2008,2005,67.9298102052143,-161.034903984855,2008-07-03,80,589,795,543,336,291,3,12.4967675335865
st_s004_ref,st_s004_ref,8,2008,2005,67.9298102052143,-161.034903984855,2008-08-20,41,427,576,471,297,287,3,22.9469651485903
st_s004_ref,st_s004_ref,6,2009,2005,67.9298102052143,-161.034903984855,2009-06-04,79,631,869,976,743,283,3,113.198636568483
st_s004_ref,st_s004_ref,6,2009,2005,67.9298102052143,-161.034903984855,2009-06-20,90,539,770,638,353,286,3,24.0975053387533
st_s004_ref,st_s004_ref,5,2011,2010,67.9298102052143,-161.034903984855,2011-05-25,4,862,1028,1076,843,275,3,75.845484747429
st_s004_ref,st_s004_ref,6,2011,2010,67.9298102052143,-161.034903984855,2011-06-10,74,863,1125,997,688,285,3,33.1875230098457
st_s004_ref,st_s004_ref,8,1990,1990,67.9298102052143,-161.034903984855,1990-08-10,13,571,760,632,618,290,3,29.6899060515156
st_s004_ref,st_s004_ref,8,1995,1995,67.9298102052143,-161.034903984855,1995-08-24,58,295,422,328,209,284,3,19.8338310510894
st_s004_ref,st_s004_ref,8,2007,2005,67.9298102052143,-161.034903984855,2007-08-09,65,518,765,630,375,291,3,26.5438842395401
st_s004_ref,st_s004_ref,8,2007,2005,67.9298102052143,-161.034903984855,2007-08-25,34,484,602,491,429,288,3,19.6245188060358
st_s004_ref,st_s004_ref,5,2009,2005,67.9298102052143,-161.034903984855,2009-05-26,119,678,754,736,488,279,3,48.6688151806291
st_s004_ref,st_s004_ref,6,2009,2005,67.9298102052143,-161.034903984855,2009-06-11,106,666,933,919,559,285,3,54.7451873056752
st_s004_ref,st_s004_ref,7,2009,2005,67.9298102052143,-161.034903984855,2009-07-13,40,630,744,573,1029,296,3,18.9414520430116
st_s004_ref,st_s004_ref,6,2011,2010,67.9298102052143,-161.034903984855,2011-06-01,10,795,1038,1083,887,280,3,83.1724746646325
st_s004_ref,st_s004_ref,5,2021,2015,67.9298102052143,-161.034903984855,2021-05-14,6,1357,1269,1234,827,275,3,41.0399316588379
st_s004_ref,st_s004_ref,8,2022,2015,67.9298102052143,-161.034903984855,2022-08-02,61,427,518,334,260,288,3,7.60729546940602
st_s004_ref,st_s004_ref,8,2023,2015,67.9298102052143,-161.034903984855,2023-08-05,58,401,491,286,325,290,3,6.70906516048995
st_s004_ref,st_s004_ref,5,2021,2015,67.9298102052143,-161.034903984855,2021-05-14,2,1503,1672,1735,1467,274,3,88.8506631736928
st_s004_ref,st_s004_ref,8,2021,2015,67.9298102052143,-161.034903984855,2021-08-18,82,510,708,569,383,281,3,21.7795827607722
st_s004_ref,st_s004_ref,8,2022,2015,67.9298102052143,-161.034903984855,2022-08-02,53,433,524,336,262,288,3,7.55102763958507
st_s004_ref,st_s004_ref,8,2023,2015,67.9298102052143,-161.034903984855,2023-08-05,60,404,491,286,323,290,3,6.62040585951441
st_s004_ref,st_s004_ref,7,1999,1995,67.9298102052143,-161.034903984855,1999-07-28,29,628,704,611,714,287,3,26.9698195072388
st_s004_ref,st_s004_ref,8,1999,1995,67.9298102052143,-161.034903984855,1999-08-29,64,396,490,355,191,282,3,13.2831841614343
st_s004_ref,st_s004_ref,6,2000,2000,67.9298102052143,-161.034903984855,2000-06-28,68,441,532,355,203,288,3,10.4504419506868
st_s004_ref,st_s004_ref,8,2001,2000,67.9298102052143,-161.034903984855,2001-08-18,106,786,1002,971,894,276,3,59.7371583257001
st_s004_ref,st_s004_ref,7,2002,2000,67.9298102052143,-161.034903984855,2002-07-20,63,293,391,245,201,294,3,10.2614901602251
st_s004_ref,st_s004_ref,8,2003,2000,67.9298102052143,-161.034903984855,2003-08-24,99,561,743,753,369,281,3,49.2858584836863
st_s004_ref,st_s004_ref,6,2004,2000,67.9298102052143,-161.034903984855,2004-06-07,11,579,776,727,385,288,3,35.8981311863659
st_s004_ref,st_s004_ref,7,2004,2000,67.9298102052143,-161.034903984855,2004-07-25,57,358,424,322,379,292,3,19.5434320637611
st_s004_ref,st_s004_ref,8,2004,2000,67.9298102052143,-161.034903984855,2004-08-26,71,490,660,485,224,283,3,15.0174782483879
st_s004_ref,st_s004_ref,7,2005,2005,67.9298102052143,-161.034903984855,2005-07-28,12,540,585,459,491,291,3,20.6734515744241
st_s004_ref,st_s004_ref,9,2006,2005,67.9298102052143,-161.034903984855,2006-09-01,35,578,716,611,363,280,3,27.7094323040778
st_s004_ref,st_s004_ref,5,2007,2005,67.9298102052143,-161.034903984855,2007-05-31,3,609,778,790,447,283,3,61.0042125242082
st_s004_ref,st_s004_ref,7,2007,2005,67.9298102052143,-161.034903984855,2007-07-02,3,470,639,520,711,294,3,22.3629603031656
st_s004_ref,st_s004_ref,7,2007,2005,67.9298102052143,-161.034903984855,2007-07-18,78,712,961,993,832,290,3,84.5317677739302
st_s004_ref,st_s004_ref,8,2007,2005,67.9298102052143,-161.034903984855,2007-08-19,7,538,717,551,471,293,3,18.2162224912282
st_s004_ref,st_s004_ref,9,2007,2005,67.9298102052143,-161.034903984855,2007-09-04,5,688,715,638,472,288,3,36.5533677033909
st_s004_ref,st_s004_ref,7,2008,2005,67.9298102052143,-161.034903984855,2008-07-04,4,631,754,730,534,300,3,52.6133746560165
st_s004_ref,st_s004_ref,8,2008,2005,67.9298102052143,-161.034903984855,2008-08-21,40,514,564,461,363,285,3,20.1862890969046
st_s004_ref,st_s004_ref,6,2010,2010,67.9298102052143,-161.034903984855,2010-06-08,44,550,714,648,353,288,3,32.0520906044505
st_s004_ref,st_s004_ref,6,2010,2010,67.9298102052143,-161.034903984855,2010-06-24,61,416,550,395,294,293,3,14.2337319324213
st_s004_ref,st_s004_ref,7,2010,2010,67.9298102052143,-161.034903984855,2010-07-10,6,632,702,547,842,298,3,15.6872239013916
st_s004_ref,st_s004_ref,8,2010,2010,67.9298102052143,-161.034903984855,2010-08-27,70,497,537,374,227,286,3,10.683653674555
st_s004_ref,st_s004_ref,6,2011,2010,67.9298102052143,-161.034903984855,2011-06-11,7,487,641,540,307,288,3,23.863218482569
st_s004_ref,st_s004_ref,8,2011,2010,67.9298102052143,-161.034903984855,2011-08-14,103,277,282,198,187,284,3,11.3755647299522
st_s004_ref,st_s004_ref,6,2012,2010,67.9298102052143,-161.034903984855,2012-06-13,3,525,706,601,747,292,3,34.309127216933
st_s004_ref,st_s004_ref,5,2013,2010,67.9298102052143,-161.034903984855,2013-05-31,1,711,823,895,934,285,3,101.960612664681
st_s004_ref,st_s004_ref,8,2013,2010,67.9298102052143,-161.034903984855,2013-08-19,40,498,554,405,362,284,3,13.1629254534685
st_s004_ref,st_s004_ref,5,2014,2010,67.9298102052143,-161.034903984855,2014-05-18,71,692,768,825,547,275,3,79.5041714257546
st_s004_ref,st_s004_ref,6,2014,2010,67.9298102052143,-161.034903984855,2014-06-19,30,548,782,794,398,283,3,49.1434050515122
st_s004_ref,st_s004_ref,7,2014,2010,67.9298102052143,-161.034903984855,2014-07-05,5,315,345,190,375,287,3,4.1755890956105
st_s004_ref,st_s004_ref,8,2014,2010,67.9298102052143,-161.034903984855,2014-08-06,35,445,534,380,281,290,3,12.27513987585
st_s004_ref,st_s004_ref,6,2015,2015,67.9298102052143,-161.034903984855,2015-06-06,20,704,652,573,583,281,3,19.8219610437445
st_s004_ref,st_s004_ref,6,2015,2015,67.9298102052143,-161.034903984855,2015-06-22,10,594,731,537,521,289,3,12.894326503967
st_s004_ref,st_s004_ref,7,2015,2015,67.9298102052143,-161.034903984855,2015-07-24,22,593,806,589,319,291,3,15.0761096388461
st_s004_ref,st_s004_ref,5,2016,2015,67.9298102052143,-161.034903984855,2016-05-07,1,882,866,884,1025,279,3,209.095190216934
st_s004_ref,st_s004_ref,7,2017,2015,67.9298102052143,-161.034903984855,2017-07-13,43,468,557,400,491,291,3,15.8247179924259
st_s004_ref,st_s004_ref,5,2018,2015,67.9298102052143,-161.034903984855,2018-05-29,18,670,818,886,589,283,3,83.7519229018007
st_s004_ref,st_s004_ref,8,2019,2015,67.9298102052143,-161.034903984855,2019-08-04,102,609,845,914,892,284,3,129.047592461326
st_s004_ref,st_s004_ref,8,2019,2015,67.9298102052143,-161.034903984855,2019-08-20,37,573,777,628,429,283,3,22.4293918413534
st_s004_ref,st_s004_ref,5,2020,2015,67.9298102052143,-161.034903984855,2020-05-18,24,677,764,771,605,278,3,56.0079903159991
st_s004_ref,st_s004_ref,6,2020,2015,67.9298102052143,-161.034903984855,2020-06-03,44,311,344,314,266,282,3,31.5980791653356
st_s004_ref,st_s004_ref,6,2020,2015,67.9298102052143,-161.034903984855,2020-06-19,34,558,766,588,312,288,3,17.2552678771535
st_s004_ref,st_s004_ref,7,2020,2015,67.9298102052143,-161.034903984855,2020-07-21,45,407,501,362,288,288,3,14.7217201370852
st_s004_ref,st_s004_ref,8,2020,2015,67.9298102052143,-161.034903984855,2020-08-22,53,563,618,478,346,288,3,17.2974118140751
st_s004_ref,st_s004_ref,6,2021,2015,67.9298102052143,-161.034903984855,2021-06-06,22,485,630,678,368,283,3,57.8417673448734
st_s004_ref,st_s004_ref,6,2021,2015,67.9298102052143,-161.034903984855,2021-06-22,31,672,832,663,448,290,3,19.7908578012476
st_s004_ref,st_s004_ref,8,2021,2015,67.9298102052143,-161.034903984855,2021-08-09,5,520,635,509,469,285,3,20.0172968269301
st_s004_ref,st_s004_ref,5,2022,2015,67.9298102052143,-161.034903984855,2022-05-31,21,644,786,870,579,279,3,81.3821302583359
st_s004_ref,st_s004_ref,6,2023,2015,67.9298102052143,-161.034903984855,2023-06-05,30,503,604,563,288,280,3,33.3147480088284
st_s004_ref,st_s004_ref,6,2023,2015,67.9298102052143,-161.034903984855,2023-06-22,5,561,668,624,745,283,3,35.0788336663289
st_s004_ref,st_s004_ref,7,2023,2015,67.9298102052143,-161.034903984855,2023-07-19,30,630,851,674,744,288,3,28.6598270713549
st_s004_ref,st_s004_ref,6,2023,2015,67.9298102052143,-161.034903984855,2023-06-22,6,626,676,630,751,283,3,32.3668000897967
st_s004_ref,st_s004_ref,9,1999,1995,67.9298102052143,-161.034903984855,1999-09-05,54,358,438,359,257,282,3,17.9651871494601
st_s004_ref,st_s004_ref,6,2000,2000,67.9298102052143,-161.034903984855,2000-06-03,5,648,732,817,662,279,3,128.703236563763
st_s004_ref,st_s004_ref,7,2000,2000,67.9298102052143,-161.034903984855,2000-07-05,45,395,628,593,309,285,3,38.5760282101275
st_s004_ref,st_s004_ref,7,2000,2000,67.9298102052143,-161.034903984855,2000-07-21,109,165,188,107,138,290,3,6.17929121708838
st_s004_ref,st_s004_ref,6,2001,2000,67.9298102052143,-161.034903984855,2001-06-06,2,719,896,1035,1171,284,3,167.603708792754
st_s004_ref,st_s004_ref,6,2001,2000,67.9298102052143,-161.034903984855,2001-06-22,2,446,661,604,811,291,3,61.2430439405206
st_s004_ref,st_s004_ref,7,2001,2000,67.9298102052143,-161.034903984855,2001-07-08,51,424,515,339,223,287,3,9.36728581015076
st_s004_ref,st_s004_ref,8,2001,2000,67.9298102052143,-161.034903984855,2001-08-25,11,353,349,333,341,285,3,26.0037738427789
st_s004_ref,st_s004_ref,5,2002,2000,67.9298102052143,-161.034903984855,2002-05-24,3,577,715,816,832,287,3,91.5672558886805
st_s004_ref,st_s004_ref,6,2002,2000,67.9298102052143,-161.034903984855,2002-06-09,9,880,912,895,1077,277,3,55.4936689791864
st_s004_ref,st_s004_ref,6,2002,2000,67.9298102052143,-161.034903984855,2002-06-25,6,523,832,787,1071,286,3,61.4212136084485
st_s004_ref,st_s004_ref,7,2002,2000,67.9298102052143,-161.034903984855,2002-07-27,46,398,496,378,246,287,3,17.0426359056195
st_s004_ref,st_s004_ref,8,2002,2000,67.9298102052143,-161.034903984855,2002-08-12,2,673,656,583,767,282,3,23.9211212711939
st_s004_ref,st_s004_ref,8,2004,2000,67.9298102052143,-161.034903984855,2004-08-01,70,385,635,569,300,287,3,32.6844278665721
st_s004_ref,st_s004_ref,6,2005,2005,67.9298102052143,-161.034903984855,2005-06-17,5,577,810,738,517,291,3,41.9207759436779
st_s004_ref,st_s004_ref,7,2005,2005,67.9298102052143,-161.034903984855,2005-07-03,70,464,585,372,223,287,3,9.51313525635519
st_s004_ref,st_s004_ref,7,2005,2005,67.9298102052143,-161.034903984855,2005-07-19,60,478,544,393,306,290,3,12.8095858213817
st_s004_ref,st_s004_ref,9,2005,2005,67.9298102052143,-161.034903984855,2005-09-05,68,436,504,369,149,278,3,12.7014278407836
st_s004_ref,st_s004_ref,7,2006,2005,67.9298102052143,-161.034903984855,2006-07-06,79,435,666,507,270,287,3,18.9561558996175
st_s004_ref,st_s004_ref,8,2006,2005,67.9298102052143,-161.034903984855,2006-08-23,48,372,445,300,220,283,3,9.44335357964866
st_s004_ref,st_s004_ref,7,2007,2005,67.9298102052143,-161.034903984855,2007-07-25,60,436,526,372,315,293,3,12.9344330394746
st_s004_ref,st_s004_ref,8,2007,2005,67.9298102052143,-161.034903984855,2007-08-26,46,467,519,404,253,288,3,16.6563283057852
st_s004_ref,st_s004_ref,7,2008,2005,67.9298102052143,-161.034903984855,2008-07-27,61,448,542,343,267,286,3,8.57088911686931
st_s004_ref,st_s004_ref,6,2009,2005,67.9298102052143,-161.034903984855,2009-06-12,3,540,681,685,801,289,3,42.5138450772447
st_s004_ref,st_s004_ref,8,2009,2005,67.9298102052143,-161.034903984855,2009-08-15,25,758,826,652,533,285,3,18.2081359498949
st_s004_ref,st_s004_ref,5,2010,2010,67.9298102052143,-161.034903984855,2010-05-30,106,583,744,770,492,282,3,61.6682940830454
st_s004_ref,st_s004_ref,6,2011,2010,67.9298102052143,-161.034903984855,2011-06-18,2,443,543,430,487,292,3,14.461258327094
st_s004_ref,st_s004_ref,8,2011,2010,67.9298102052143,-161.034903984855,2011-08-21,11,572,632,467,465,284,3,12.5228446434707
st_s004_ref,st_s004_ref,9,2011,2010,67.9298102052143,-161.034903984855,2011-09-06,61,629,660,457,339,280,3,9.45068618783078
st_s004_ref,st_s004_ref,6,2012,2010,67.9298102052143,-161.034903984855,2012-06-04,5,497,593,636,670,290,3,67.5043832938657
st_s004_ref,st_s004_ref,6,2012,2010,67.9298102052143,-161.034903984855,2012-06-20,49,515,628,478,431,289,3,16.6959444233397
st_s004_ref,st_s004_ref,7,2012,2010,67.9298102052143,-161.034903984855,2012-07-06,49,582,633,480,435,294,3,15.8050777991505
st_s004_ref,st_s004_ref,7,2012,2010,67.9298102052143,-161.034903984855,2012-07-22,24,511,703,567,714,289,3,20.3921377565404
st_s004_ref,st_s004_ref,8,2012,2010,67.9298102052143,-161.034903984855,2012-08-07,75,435,567,349,268,283,3,8.23956078222047
st_s004_ref,st_s004_ref,8,2013,2010,67.9298102052143,-161.034903984855,2013-08-26,31,650,706,658,592,280,3,34.052231858002
st_s004_ref,st_s004_ref,9,2015,2015,67.9298102052143,-161.034903984855,2015-09-01,58,471,665,479,269,279,3,15.1625975988515
st_s004_ref,st_s004_ref,7,2016,2015,67.9298102052143,-161.034903984855,2016-07-01,3,484,595,479,667,297,3,21.2770896205288
st_s004_ref,st_s004_ref,9,2016,2015,67.9298102052143,-161.034903984855,2016-09-03,42,306,427,308,145,283,3,13.8247615742092
st_s004_ref,st_s004_ref,6,2017,2015,67.9298102052143,-161.034903984855,2017-06-02,105,469,597,637,311,282,3,59.1430942709579
st_s004_ref,st_s004_ref,7,2017,2015,67.9298102052143,-161.034903984855,2017-07-20,54,386,462,385,231,292,3,20.3225300046084
st_s004_ref,st_s004_ref,6,2018,2015,67.9298102052143,-161.034903984855,2018-06-05,14,586,774,861,535,285,3,90.4192078712025
st_s004_ref,st_s004_ref,7,2018,2015,67.9298102052143,-161.034903984855,2018-07-07,75,723,853,602,447,288,3,13.0965879684264
st_s004_ref,st_s004_ref,7,2018,2015,67.9298102052143,-161.034903984855,2018-07-23,58,466,682,478,218,289,3,13.228178517369
st_s004_ref,st_s004_ref,6,2019,2015,67.9298102052143,-161.034903984855,2019-06-24,73,573,687,462,262,289,3,10.8111152983598
st_s004_ref,st_s004_ref,8,2019,2015,67.9298102052143,-161.034903984855,2019-08-11,4,676,825,737,813,288,3,38.1622314871004
st_s004_ref,st_s004_ref,7,2020,2015,67.9298102052143,-161.034903984855,2020-07-28,61,526,738,543,347,285,3,14.9287707812512
st_s004_ref,st_s004_ref,8,2020,2015,67.9298102052143,-161.034903984855,2020-08-29,43,448,549,420,319,283,3,17.1685381409885
st_s004_ref,st_s004_ref,5,2021,2015,67.9298102052143,-161.034903984855,2021-05-28,37,396,553,632,324,278,3,80.0740100689026
st_s004_ref,st_s004_ref,8,2021,2015,67.9298102052143,-161.034903984855,2021-08-16,61,587,674,474,469,280,3,13.0951624545209
st_s004_ref,st_s004_ref,5,2022,2015,67.9298102052143,-161.034903984855,2022-05-24,11,1238,1123,1078,729,274,3,36.9003245332339
st_s004_ref,st_s004_ref,6,2022,2015,67.9298102052143,-161.034903984855,2022-06-05,3,597,766,855,665,284,3,104.099330720674
st_s004_ref,st_s004_ref,7,2022,2015,67.9298102052143,-161.034903984855,2022-07-09,62,394,500,343,248,291,3,11.1256730493541
st_s004_ref,st_s004_ref,8,2022,2015,67.9298102052143,-161.034903984855,2022-08-29,81,518,751,795,440,281,3,63.6081768700741
st_s004_ref,st_s004_ref,5,2023,2015,67.9298102052143,-161.034903984855,2023-05-19,15,1565,1690,1693,592,274,3,38.2759899750593
st_s004_ref,st_s004_ref,7,2023,2015,67.9298102052143,-161.034903984855,2023-07-24,65,503,691,489,405,290,3,15.3527534371953
st_s004_ref,st_s004_ref,8,1999,1995,67.9298102052143,-161.034903984855,1999-08-27,42,338,463,311,186,283,3,12.975493080095
st_s004_ref,st_s004_ref,6,2001,2000,67.9298102052143,-161.034903984855,2001-06-29,91,499,617,480,298,288,3,16.209793450084
st_s004_ref,st_s004_ref,7,2001,2000,67.9298102052143,-161.034903984855,2001-07-31,2,563,776,652,855,282,3,30.0448476522068
st_s004_ref,st_s004_ref,8,2001,2000,67.9298102052143,-161.034903984855,2001-08-16,111,559,875,1004,808,281,3,141.076113054358
st_s004_ref,st_s004_ref,6,2002,2000,67.9298102052143,-161.034903984855,2002-06-16,5,512,645,591,449,288,3,35.630923904263
st_s004_ref,st_s004_ref,7,2002,2000,67.9298102052143,-161.034903984855,2002-07-18,48,331,475,329,238,292,3,14.012763053074
st_s004_ref,st_s004_ref,8,2002,2000,67.9298102052143,-161.034903984855,2002-08-03,35,443,490,447,417,292,3,40.116806451943
st_s004_ref,st_s004_ref,6,2004,2000,67.9298102052143,-161.034903984855,2004-06-05,39,562,798,806,404,286,3,50.7867529766419
st_s004_ref,st_s004_ref,8,2004,2000,67.9298102052143,-161.034903984855,2004-08-24,76,741,1061,978,446,287,3,34.1796032774087
st_s004_ref,st_s004_ref,5,2005,2005,67.9298102052143,-161.034903984855,2005-05-23,2,798,907,1098,1184,284,3,158.646967164086
st_s004_ref,st_s004_ref,6,2005,2005,67.9298102052143,-161.034903984855,2005-06-24,48,669,785,573,569,288,3,15.2547990099258
st_s004_ref,st_s004_ref,8,2006,2005,67.9298102052143,-161.034903984855,2006-08-14,77,440,678,681,308,285,3,41.442161440516
st_s004_ref,st_s004_ref,5,2007,2005,67.9298102052143,-161.034903984855,2007-05-29,23,568,745,864,592,279,3,123.726064668468
st_s004_ref,st_s004_ref,6,2007,2005,67.9298102052143,-161.034903984855,2007-06-14,61,693,775,568,416,287,3,13.6244807962317
st_s004_ref,st_s004_ref,7,2007,2005,67.9298102052143,-161.034903984855,2007-07-16,61,927,1306,1393,873,290,3,85.877777420974
st_s004_ref,st_s004_ref,8,2007,2005,67.9298102052143,-161.034903984855,2007-08-17,16,376,519,353,317,286,3,11.592075756393
st_s004_ref,st_s004_ref,8,2008,2005,67.9298102052143,-161.034903984855,2008-08-19,50,414,476,374,232,285,3,17.3987755551182
st_s004_ref,st_s004_ref,9,2008,2005,67.9298102052143,-161.034903984855,2008-09-04,50,515,608,555,375,284,3,31.8534304227542
st_s004_ref,st_s004_ref,5,2009,2005,67.9298102052143,-161.034903984855,2009-05-02,40,1301,1216,1177,754,275,3,41.6391796497305
st_s004_ref,st_s004_ref,6,2009,2005,67.9298102052143,-161.034903984855,2009-06-19,69,483,687,560,308,287,3,21.6367666686265
st_s004_ref,st_s004_ref,7,2009,2005,67.9298102052143,-161.034903984855,2009-07-21,28,898,929,705,1140,293,3,21.0737272359701
st_s004_ref,st_s004_ref,5,2010,2010,67.9298102052143,-161.034903984855,2010-05-21,2,473,570,677,779,284,3,149.303412652924
st_s004_ref,st_s004_ref,6,2010,2010,67.9298102052143,-161.034903984855,2010-06-22,26,350,473,367,264,292,3,16.4486376113639
st_s004_ref,st_s004_ref,7,2010,2010,67.9298102052143,-161.034903984855,2010-07-08,2,526,622,553,608,295,3,33.5844425462587
st_s004_ref,st_s004_ref,5,2011,2010,67.9298102052143,-161.034903984855,2011-05-24,55,891,945,1018,741,276,3,92.8399361215783
st_s004_ref,st_s004_ref,7,2011,2010,67.9298102052143,-161.034903984855,2011-07-27,38,416,521,367,337,289,3,12.5756629117792
st_s004_ref,st_s004_ref,5,2012,2010,67.9298102052143,-161.034903984855,2012-05-26,112,557,726,849,498,277,3,118.81992847737
st_s004_ref,st_s004_ref,5,2013,2010,67.9298102052143,-161.034903984855,2013-05-29,5,611,754,907,947,283,3,161.064970968113
st_s004_ref,st_s004_ref,8,2014,2010,67.9298102052143,-161.034903984855,2014-08-04,54,415,509,383,349,289,3,18.4405854838099
st_s004_ref,st_s004_ref,9,2014,2010,67.9298102052143,-161.034903984855,2014-09-05,47,322,443,317,204,278,3,14.0406190424537
st_s004_ref,st_s004_ref,7,2016,2015,67.9298102052143,-161.034903984855,2016-07-24,35,359,452,339,242,290,3,14.1383894622963
st_s004_ref,st_s004_ref,8,2016,2015,67.9298102052143,-161.034903984855,2016-08-25,5,542,791,818,604,283,3,54.3866214373876
st_s004_ref,st_s004_ref,7,2017,2015,67.9298102052143,-161.034903984855,2017-07-11,25,521,645,454,618,291,3,19.6675878269519
st_s004_ref,st_s004_ref,7,2017,2015,67.9298102052143,-161.034903984855,2017-07-27,22,399,430,390,327,290,3,31.3474737333146
st_s004_ref,st_s004_ref,6,2018,2015,67.9298102052143,-161.034903984855,2018-06-12,18,637,841,720,478,282,3,25.2890560113443
st_s004_ref,st_s004_ref,5,2019,2015,67.9298102052143,-161.034903984855,2019-05-30,4,474,714,776,910,288,3,89.6168087453328
st_s004_ref,st_s004_ref,6,2019,2015,67.9298102052143,-161.034903984855,2019-06-15,69,511,736,563,262,285,3,17.6948559969378
st_s004_ref,st_s004_ref,6,2020,2015,67.9298102052143,-161.034903984855,2020-06-01,2,595,787,906,1090,292,3,121.881133861857
st_s004_ref,st_s004_ref,7,2020,2015,67.9298102052143,-161.034903984855,2020-07-19,41,340,441,332,288,289,3,17.9943583359693
st_s004_ref,st_s004_ref,8,2020,2015,67.9298102052143,-161.034903984855,2020-08-04,77,498,754,619,357,285,3,26.3846268924763
st_s004_ref,st_s004_ref,8,2020,2015,67.9298102052143,-161.034903984855,2020-08-20,1,433,542,512,420,288,3,32.4673620601718
st_s004_ref,st_s004_ref,6,2022,2015,67.9298102052143,-161.034903984855,2022-06-10,58,574,828,785,328,280,3,36.0298585507318
st_s004_ref,st_s004_ref,7,2022,2015,67.9298102052143,-161.034903984855,2022-07-31,12,479,614,503,379,287,3,25.2472926819973
st_s004_ref,st_s004_ref,6,2023,2015,67.9298102052143,-161.034903984855,2023-06-15,23,410,451,405,334,281,3,34.4342787639652
st_s004_ref,st_s004_ref,8,2023,2015,67.9298102052143,-161.034903984855,2023-08-03,15,398,549,454,450,290,3,27.2015267596942
st_s004_ref,st_s004_ref,6,2013,2010,67.9298102052143,-161.034903984855,2013-06-24,12,358,641,609,205,291,3,31.3478665653571
st_s004_ref,st_s004_ref,7,2013,2010,67.9298102052143,-161.034903984855,2013-07-10,8,269,430,265,90,291,3,11.389152080594
st_s004_ref,st_s004_ref,7,2014,2010,67.9298102052143,-161.034903984855,2014-07-29,10,267,474,275,105,289,3,10.8316555496695
st_s004_ref,st_s004_ref,5,2015,2015,67.9298102052143,-161.034903984855,2015-05-29,9,258,790,811,231,285,3,28.3753518572144
st_s004_ref,st_s004_ref,6,2015,2015,67.9298102052143,-161.034903984855,2015-06-14,45,250,485,404,90,287,3,22.2125070160552
st_s004_ref,st_s004_ref,9,2015,2015,67.9298102052143,-161.034903984855,2015-09-02,58,235,454,311,104,282,3,16.4087172329372
st_s004_ref,st_s004_ref,5,2016,2015,67.9298102052143,-161.034903984855,2016-05-15,14,368,642,768,419,277,3,99.1599527424271
st_s004_ref,st_s004_ref,6,2016,2015,67.9298102052143,-161.034903984855,2016-06-16,8,262,435,244,115,294,3,9.60941546404489
st_s004_ref,st_s004_ref,7,2016,2015,67.9298102052143,-161.034903984855,2016-07-02,20,275,411,240,71,296,3,10.5665446947301
st_s004_ref,st_s004_ref,7,2016,2015,67.9298102052143,-161.034903984855,2016-07-18,16,256,361,218,46,291,3,13.4839917530873
st_s004_ref,st_s004_ref,8,2016,2015,67.9298102052143,-161.034903984855,2016-08-03,28,224,371,241,39,289,3,20.438917975709
st_s004_ref,st_s004_ref,9,2016,2015,67.9298102052143,-161.034903984855,2016-09-04,70,212,351,206,27,285,3,19.4057617381787
st_s004_ref,st_s004_ref,6,2017,2015,67.9298102052143,-161.034903984855,2017-06-03,13,187,438,450,116,286,3,28.9372098631798
st_s004_ref,st_s004_ref,8,2017,2015,67.9298102052143,-161.034903984855,2017-08-06,33,525,796,786,339,289,3,41.8391122695474
st_s004_ref,st_s004_ref,5,2018,2015,67.9298102052143,-161.034903984855,2018-05-21,11,64,507,592,492,274,3,76.9232537302802
st_s004_ref,st_s004_ref,8,2018,2015,67.9298102052143,-161.034903984855,2018-08-25,9,325,629,466,146,286,3,21.9296012630483
st_s004_ref,st_s004_ref,5,2019,2015,67.9298102052143,-161.034903984855,2019-05-24,4,58,414,502,279,278,3,5.08131715362068
st_s004_ref,st_s004_ref,7,2019,2015,67.9298102052143,-161.034903984855,2019-07-11,8,321,482,278,221,297,3,8.58725805113406
st_s004_ref,st_s004_ref,6,2020,2015,67.9298102052143,-161.034903984855,2020-06-11,8,305,417,354,34,284,3,25.4619164436182
st_s004_ref,st_s004_ref,8,2020,2015,67.9298102052143,-161.034903984855,2020-08-14,8,168,472,306,518,286,3,65.4500967496805
st_s004_ref,st_s004_ref,5,2021,2015,67.9298102052143,-161.034903984855,2021-05-29,10,82,326,373,64,281,3,8.80305050347146
st_s004_ref,st_s004_ref,7,2021,2015,67.9298102052143,-161.034903984855,2021-07-16,8,236,531,337,291,289,3,20.4826604862436
st_s004_ref,st_s004_ref,9,2021,2015,67.9298102052143,-161.034903984855,2021-09-02,17,481,848,853,253,282,3,38.7079095835029
st_s004_ref,st_s004_ref,6,2022,2015,67.9298102052143,-161.034903984855,2022-06-01,10,229,809,954,867,276,3,182.578732055683
st_s004_ref,st_s004_ref,6,2022,2015,67.9298102052143,-161.034903984855,2022-06-17,8,336,735,623,550,287,3,33.2948596504711
st_s004_ref,st_s004_ref,8,2022,2015,67.9298102052143,-161.034903984855,2022-08-20,10,262,501,386,83,285,3,18.8598748769652
st_s004_ref,st_s004_ref,9,2022,2015,67.9298102052143,-161.034903984855,2022-09-05,3,170,291,206,239,277,3,14.2136142983215
st_s004_ref,st_s004_ref,8,2023,2015,67.9298102052143,-161.034903984855,2023-08-23,113,525,847,911,378,282,3,55.2439762853788
st_s004_ref,st_s004_ref,5,2024,2015,67.9298102052143,-161.034903984855,2024-05-21,5,176,468,519,71,278,3,24.3069691224681
st_s004_ref,st_s004_ref,6,2024,2015,67.9298102052143,-161.034903984855,2024-06-06,11,281,535,534,182,284,3,37.4426665066582
st_s004_ref,st_s004_ref,7,2024,2015,67.9298102052143,-161.034903984855,2024-07-08,108,601,906,999,516,285,3,75.5979333549671
st_s004_ref,st_s004_ref,7,2024,2015,67.9298102052143,-161.034903984855,2024-07-24,9,235,386,239,181,294,3,11.6460824599334
st_s004_ref,st_s004_ref,7,2013,2010,67.9298102052143,-161.034903984855,2013-07-10,22,296,434,281,100,291,3,11.2411612704387
st_s004_ref,st_s004_ref,7,2014,2010,67.9298102052143,-161.034903984855,2014-07-29,65,277,487,309,130,289,3,12.5999063350208
st_s004_ref,st_s004_ref,5,2015,2015,67.9298102052143,-161.034903984855,2015-05-29,10,196,762,798,205,285,3,18.7352658295816
st_s004_ref,st_s004_ref,6,2015,2015,67.9298102052143,-161.034903984855,2015-06-14,87,275,497,422,106,287,3,22.9256191628119
st_s004_ref,st_s004_ref,5,2016,2015,67.9298102052143,-161.034903984855,2016-05-15,12,267,592,737,393,277,3,82.6114105909537
st_s004_ref,st_s004_ref,6,2016,2015,67.9298102052143,-161.034903984855,2016-06-16,8,299,454,271,132,293,3,9.30247621558606
st_s004_ref,st_s004_ref,7,2016,2015,67.9298102052143,-161.034903984855,2016-07-02,62,302,428,270,105,296,3,10.399739040557
st_s004_ref,st_s004_ref,7,2016,2015,67.9298102052143,-161.034903984855,2016-07-18,43,250,383,229,47,291,3,13.3894725420115
st_s004_ref,st_s004_ref,8,2016,2015,67.9298102052143,-161.034903984855,2016-08-03,56,217,368,234,41,288,3,16.0570507783386
st_s004_ref,st_s004_ref,9,2016,2015,67.9298102052143,-161.034903984855,2016-09-04,66,188,350,218,42,285,3,17.3600219239277
st_s004_ref,st_s004_ref,6,2017,2015,67.9298102052143,-161.034903984855,2017-06-03,41,243,457,481,125,288,3,37.750369820709
st_s004_ref,st_s004_ref,8,2017,2015,67.9298102052143,-161.034903984855,2017-08-06,105,541,800,805,350,289,3,45.0044276244469
st_s004_ref,st_s004_ref,5,2019,2015,67.9298102052143,-161.034903984855,2019-05-24,4,159,572,671,449,278,3,53.8105907755418
st_s004_ref,st_s004_ref,6,2019,2015,67.9298102052143,-161.034903984855,2019-06-09,7,48,136,82,67,285,3,30.094809826784
st_s004_ref,st_s004_ref,6,2019,2015,67.9298102052143,-161.034903984855,2019-06-25,68,391,549,303,86,292,3,7.62838078607081
st_s004_ref,st_s004_ref,7,2019,2015,67.9298102052143,-161.034903984855,2019-07-11,8,306,461,270,227,297,3,9.38049700496973
st_s004_ref,st_s004_ref,8,2020,2015,67.9298102052143,-161.034903984855,2020-08-14,7,167,490,337,543,286,3,85.6559871478621
st_s004_ref,st_s004_ref,5,2021,2015,67.9298102052143,-161.034903984855,2021-05-29,12,153,374,441,108,281,3,31.6537530891939
st_s004_ref,st_s004_ref,7,2021,2015,67.9298102052143,-161.034903984855,2021-07-16,9,282,564,383,315,289,3,19.9130376537665
st_s004_ref,st_s004_ref,9,2021,2015,67.9298102052143,-161.034903984855,2021-09-02,42,476,845,843,242,282,3,35.8633152121598
st_s004_ref,st_s004_ref,6,2022,2015,67.9298102052143,-161.034903984855,2022-06-01,8,375,881,1032,910,276,3,192.047668841429
st_s004_ref,st_s004_ref,6,2022,2015,67.9298102052143,-161.034903984855,2022-06-17,8,364,761,660,459,287,3,32.7434806974079
st_s004_ref,st_s004_ref,8,2022,2015,67.9298102052143,-161.034903984855,2022-08-20,24,277,505,397,91,285,3,19.0151898608671
st_s004_ref,st_s004_ref,6,2023,2015,67.9298102052143,-161.034903984855,2023-06-04,7,70,401,387,75,279,3,14.6183994162719
st_s004_ref,st_s004_ref,8,2023,2015,67.9298102052143,-161.034903984855,2023-08-23,112,510,835,907,382,282,3,57.3872372274107
st_s004_ref,st_s004_ref,6,2024,2015,67.9298102052143,-161.034903984855,2024-06-06,11,276,531,549,204,284,3,41.4340831841585
st_s004_ref,st_s004_ref,7,2024,2015,67.9298102052143,-161.034903984855,2024-07-08,108,587,895,999,524,285,3,81.0995781530369
st_s004_ref,st_s004_ref,7,2024,2015,67.9298102052143,-161.034903984855,2024-07-24,40,274,426,262,202,294,3,10.9648738680485
st_s004_ref,st_s004_ref,5,2013,2010,67.9298102052143,-161.034903984855,2013-05-30,13,362,656,777,468,279,3,102.404728138931
st_s004_ref,st_s004_ref,8,2014,2010,67.9298102052143,-161.034903984855,2014-08-05,8,234,454,305,185,292,3,15.4067774077105
st_s004_ref,st_s004_ref,9,2014,2010,67.9298102052143,-161.034903984855,2014-09-06,64,152,326,217,48,279,3,18.3696061807487
st_s004_ref,st_s004_ref,6,2015,2015,67.9298102052143,-161.034903984855,2015-06-21,69,407,575,330,109,294,3,8.69581335198433
st_s004_ref,st_s004_ref,7,2015,2015,67.9298102052143,-161.034903984855,2015-07-23,54,571,953,864,222,293,3,26.2628368477426
st_s004_ref,st_s004_ref,5,2016,2015,67.9298102052143,-161.034903984855,2016-05-06,7,220,338,320,121,277,3,36.0811468275785
st_s004_ref,st_s004_ref,6,2017,2015,67.9298102052143,-161.034903984855,2017-06-26,16,274,408,217,60,290,3,8.50930429791801
st_s004_ref,st_s004_ref,7,2017,2015,67.9298102052143,-161.034903984855,2017-07-12,8,263,454,280,294,293,3,12.8513330255028
st_s004_ref,st_s004_ref,8,2017,2015,67.9298102052143,-161.034903984855,2017-08-29,17,152,332,204,84,280,3,15.4285663630864
st_s004_ref,st_s004_ref,5,2018,2015,67.9298102052143,-161.034903984855,2018-05-28,11,79,405,511,100,282,3,1.67567304093714
st_s004_ref,st_s004_ref,6,2018,2015,67.9298102052143,-161.034903984855,2018-06-29,100,516,807,707,174,290,3,23.2383527769327
st_s004_ref,st_s004_ref,5,2019,2015,67.9298102052143,-161.034903984855,2019-05-31,32,428,702,783,343,286,3,65.1591453778071
st_s004_ref,st_s004_ref,8,2019,2015,67.9298102052143,-161.034903984855,2019-08-19,11,425,779,707,261,284,3,28.1335063727383
st_s004_ref,st_s004_ref,5,2020,2015,67.9298102052143,-161.034903984855,2020-05-17,11,158,413,495,193,276,3,39.5991303584565
st_s004_ref,st_s004_ref,6,2020,2015,67.9298102052143,-161.034903984855,2020-06-02,67,448,741,831,375,286,3,67.8434650275553
st_s004_ref,st_s004_ref,6,2020,2015,67.9298102052143,-161.034903984855,2020-06-18,12,333,599,406,84,292,3,13.9370212299989
st_s004_ref,st_s004_ref,7,2020,2015,67.9298102052143,-161.034903984855,2020-07-04,7,323,571,403,526,289,3,19.7231415884081
st_s004_ref,st_s004_ref,7,2020,2015,67.9298102052143,-161.034903984855,2020-07-20,5,266,536,429,528,286,3,37.4265765881775
st_s004_ref,st_s004_ref,8,2020,2015,67.9298102052143,-161.034903984855,2020-08-05,7,298,680,535,907,279,3,88.1313174353918
st_s004_ref,st_s004_ref,8,2020,2015,67.9298102052143,-161.034903984855,2020-08-21,8,190,379,279,128,291,3,18.1140887067357
st_s004_ref,st_s004_ref,6,2021,2015,67.9298102052143,-161.034903984855,2021-06-21,12,439,754,634,253,290,3,24.0563509609829
st_s004_ref,st_s004_ref,8,2021,2015,67.9298102052143,-161.034903984855,2021-08-08,9,284,599,408,412,286,3,25.4446194051206
st_s004_ref,st_s004_ref,6,2022,2015,67.9298102052143,-161.034903984855,2022-06-08,17,388,695,731,209,283,3,40.2454624303327
st_s004_ref,st_s004_ref,7,2022,2015,67.9298102052143,-161.034903984855,2022-07-10,32,250,391,239,96,294,3,10.9051561298176
st_s004_ref,st_s004_ref,5,2023,2015,67.9298102052143,-161.034903984855,2023-05-26,4,226,542,619,631,274,3,157.199182722418
st_s004_ref,st_s004_ref,6,2023,2015,67.9298102052143,-161.034903984855,2023-06-11,24,430,700,777,472,286,3,86.4711378385513
st_s004_ref,st_s004_ref,5,2024,2015,67.9298102052143,-161.034903984855,2024-05-28,7,88,324,383,61,281,3,9.68741290658497
st_s004_ref,st_s004_ref,7,2013,2010,67.9298102052143,-161.034903984855,2013-07-24,58,260,419,289,103,289,3,14.8561481242298
st_s004_ref,st_s004_ref,8,2013,2010,67.9298102052143,-161.034903984855,2013-08-25,50,242,390,281,82,284,3,16.4433763078614
st_s004_ref,st_s004_ref,5,2014,2010,67.9298102052143,-161.034903984855,2014-05-08,5,168,455,469,349,275,3,72.481535362244
st_s004_ref,st_s004_ref,6,2014,2010,67.9298102052143,-161.034903984855,2014-06-25,96,555,861,756,210,286,3,25.2930996612776
st_s004_ref,st_s004_ref,8,2014,2010,67.9298102052143,-161.034903984855,2014-08-12,44,255,422,281,84,292,3,14.4211702112828
st_s004_ref,st_s004_ref,7,2015,2015,67.9298102052143,-161.034903984855,2015-07-30,49,285,437,288,91,291,3,12.5223031600585
st_s004_ref,st_s004_ref,8,2015,2015,67.9298102052143,-161.034903984855,2015-08-15,8,287,588,352,9,285,3,817.558557802976
st_s004_ref,st_s004_ref,8,2015,2015,67.9298102052143,-161.034903984855,2015-08-31,102,435,731,627,118,279,3,21.4704358137548
st_s004_ref,st_s004_ref,5,2016,2015,67.9298102052143,-161.034903984855,2016-05-29,11,251,488,479,205,287,3,35.212801560257
st_s004_ref,st_s004_ref,6,2016,2015,67.9298102052143,-161.034903984855,2016-06-14,7,295,527,332,313,287,3,12.0690719711018
st_s004_ref,st_s004_ref,6,2016,2015,67.9298102052143,-161.034903984855,2016-06-30,8,135,362,235,303,290,3,28.9376826957292
st_s004_ref,st_s004_ref,9,2016,2015,67.9298102052143,-161.034903984855,2016-09-02,74,152,354,210,17,284,3,44.3034249217657
st_s004_ref,st_s004_ref,5,2017,2015,67.9298102052143,-161.034903984855,2017-05-16,4,427,991,1122,1060,270,3,216.508445340759
st_s004_ref,st_s004_ref,6,2017,2015,67.9298102052143,-161.034903984855,2017-06-01,12,226,502,575,474,280,3,99.5106895748852
st_s004_ref,st_s004_ref,7,2017,2015,67.9298102052143,-161.034903984855,2017-07-03,17,353,608,483,195,290,3,23.1714673769629
st_s004_ref,st_s004_ref,8,2017,2015,67.9298102052143,-161.034903984855,2017-08-20,83,267,522,366,82,283,3,16.3180369333729
st_s004_ref,st_s004_ref,9,2017,2015,67.9298102052143,-161.034903984855,2017-09-05,49,169,340,224,68,283,3,16.2013340493128
st_s004_ref,st_s004_ref,6,2018,2015,67.9298102052143,-161.034903984855,2018-06-04,14,377,706,771,255,286,3,45.8446839178311
st_s004_ref,st_s004_ref,7,2018,2015,67.9298102052143,-161.034903984855,2018-07-06,10,348,872,542,1099,289,3,72.9721090571015
st_s004_ref,st_s004_ref,8,2018,2015,67.9298102052143,-161.034903984855,2018-08-23,9,344,685,635,156,285,3,25.8449522252573
st_s004_ref,st_s004_ref,6,2019,2015,67.9298102052143,-161.034903984855,2019-06-07,14,448,746,685,222,287,3,29.0463970815941
st_s004_ref,st_s004_ref,7,2019,2015,67.9298102052143,-161.034903984855,2019-07-09,9,306,592,392,621,298,3,29.9984107882328
st_s004_ref,st_s004_ref,8,2019,2015,67.9298102052143,-161.034903984855,2019-08-10,9,308,556,354,197,288,3,13.6294591888576
st_s004_ref,st_s004_ref,7,2020,2015,67.9298102052143,-161.034903984855,2020-07-11,61,282,409,278,83,293,3,12.8787389651794
st_s004_ref,st_s004_ref,5,2021,2015,67.9298102052143,-161.034903984855,2021-05-27,14,240,486,621,231,279,3,69.8330566390356
st_s004_ref,st_s004_ref,7,2021,2015,67.9298102052143,-161.034903984855,2021-07-14,9,228,661,448,659,290,3,76.1672814382181
st_s004_ref,st_s004_ref,5,2022,2015,67.9298102052143,-161.034903984855,2022-05-30,12,215,595,732,471,279,3,76.4512828537071
st_s004_ref,st_s004_ref,7,2022,2015,67.9298102052143,-161.034903984855,2022-07-17,54,368,608,545,171,292,3,26.991625289576
st_s004_ref,st_s004_ref,8,2022,2015,67.9298102052143,-161.034903984855,2022-08-02,56,271,416,263,93,291,3,11.4384668198505
st_s004_ref,st_s004_ref,8,2023,2015,67.9298102052143,-161.034903984855,2023-08-05,44,243,407,235,159,292,3,10.0156300087936
st_s004_ref,st_s004_ref,5,2024,2015,67.9298102052143,-161.034903984855,2024-05-19,3,1444,1658,1572,893,277,3,41.1010709808492
st_s004_ref,st_s004_ref,6,2024,2015,67.9298102052143,-161.034903984855,2024-06-20,63,409,702,537,136,290,3,17.2897923818352
st_s004_ref,st_s004_ref,5,2022,2015,67.9298102052143,-161.034903984855,2022-05-24,3,589,569,926,965,276,3,6271.50693454726
st_s004_ref,st_s004_ref,6,2022,2015,67.9298102052143,-161.034903984855,2022-06-09,24,379,663,657,165,285,3,33.636034861502
st_s004_ref,st_s004_ref,5,2024,2015,67.9298102052143,-161.034903984855,2024-05-29,11,108,346,399,117,284,3,19.6977908132487
st_s004_ref,st_s004_ref,7,2024,2015,67.9298102052143,-161.034903984855,2024-07-16,12,441,740,744,195,286,3,34.6581345671901
st_s004_ref,st_s004_ref,6,2022,2015,67.9298102052143,-161.034903984855,2022-06-09,56,381,661,669,175,285,3,36.0252447263601
st_s004_ref,st_s004_ref,7,2024,2015,67.9298102052143,-161.034903984855,2024-07-16,11,431,743,752,197,286,3,34.8045489877044
st_s004_ref,st_s004_ref,5,2022,2015,67.9298102052143,-161.034903984855,2022-05-31,12,279,650,759,375,281,3,63.3541667198969
st_s004_ref,st_s004_ref,8,2022,2015,67.9298102052143,-161.034903984855,2022-08-03,41,248,387,231,62,292,3,11.2349751586588
st_s004_ref,st_s004_ref,8,2023,2015,67.9298102052143,-161.034903984855,2023-08-06,6,133,461,286,688,290,3,226.562308631321
st_s004_ref,st_s004_ref,6,2024,2015,67.9298102052143,-161.034903984855,2024-06-05,11,195,514,551,137,283,3,26.4576206442877
st_s004_ref,st_s004_ref,6,2024,2015,67.9298102052143,-161.034903984855,2024-06-21,11,358,594,450,106,290,3,17.5869918309757
st_s004_ref,st_s004_ref,7,2024,2015,67.9298102052143,-161.034903984855,2024-07-23,55,210,358,187,52,292,3,9.98136625815099
st_s004_ref,st_s004_ref,6,2022,2015,67.9298102052143,-161.034903984855,2022-06-07,99,404,692,756,268,283,3,50.851886120636
st_s004_ref,st_s004_ref,7,2022,2015,67.9298102052143,-161.034903984855,2022-07-09,8,321,407,342,448,293,3,22.9254255906553
st_s004_ref,st_s004_ref,7,2023,2015,67.9298102052143,-161.034903984855,2023-07-12,13,405,724,731,265,286,3,39.9642514835415
st_s004_ref,st_s004_ref,8,2023,2015,67.9298102052143,-161.034903984855,2023-08-13,48,257,413,250,151,290,3,10.5345633378098
st_s004_ref,st_s004_ref,8,2023,2015,67.9298102052143,-161.034903984855,2023-08-29,115,509,807,923,842,282,3,164.435885034134
st_s004_ref,st_s004_ref,5,2024,2015,67.9298102052143,-161.034903984855,2024-05-27,12,228,467,521,152,279,3,41.1406314229554
st_s004_ref,st_s004_ref,6,2024,2015,67.9298102052143,-161.034903984855,2024-06-12,43,460,765,825,357,288,3,56.3990195777047
st_s005,st_s005,6,1986,1990,68.4250902052181,-132.203189984386,1986-06-09,2,347,424,449,435,286,6,13.8544509948577
st_s005,st_s005,6,1990,1990,68.4250902052181,-132.203189984386,1990-06-04,1,282,333,396,339,283,6,11.3413363191409
st_s005,st_s005,6,1990,1990,68.4250902052181,-132.203189984386,1990-06-20,1,391,424,399,555,294,6,8.38658216671169
st_s005,st_s005,6,1988,1990,68.4250902052181,-132.203189984386,1988-06-21,3,444,448,380,660,293,6,4.96164692787398
st_s005,st_s005,5,1994,1990,68.4250902052181,-132.203189984386,1994-05-21,10,653,736,764,697,284,6,19.6688048717779
st_s005,st_s005,7,1996,1995,68.4250902052181,-132.203189984386,1996-07-13,2,311,298,301,961,289,6,13.423076936112
st_s005,st_s005,7,1998,1995,68.4250902052181,-132.203189984386,1998-07-19,1,504,531,426,1140,297,6,8.82862570191118
st_s005,st_s005,7,2007,2005,68.4250902052181,-132.203189984386,2007-07-12,68,203,296,174,567,294,6,8.1282863132055
st_s005,st_s005,6,1986,1990,68.4250902052181,-132.203189984386,1986-06-07,5,420,490,529,487,284,6,16.1661218659381
st_s005,st_s005,8,1986,1990,68.4250902052181,-132.203189984386,1986-08-10,1,185,299,182,319,291,6,3.61049737941497
st_s005,st_s005,7,1992,1990,68.4250902052181,-132.203189984386,1992-07-25,1,398,519,476,1173,299,6,13.6169998890951
st_s005,st_s005,6,1997,1995,68.4250902052181,-132.203189984386,1997-06-05,2,289,351,396,346,287,6,17.0361673185953
st_s005,st_s005,6,2004,2000,68.4250902052181,-132.203189984386,2004-06-08,3,384,498,535,639,287,6,15.9328508308052
st_s005,st_s005,5,2005,2005,68.4250902052181,-132.203189984386,2005-05-26,7,641,739,775,1207,282,6,25.1517826069837
st_s005,st_s005,6,2008,2005,68.4250902052181,-132.203189984386,2008-06-19,1,247,356,231,329,288,6,2.62304338835355
st_s005,st_s005,5,2011,2010,68.4250902052181,-132.203189984386,2011-05-27,2,415,537,606,705,291,6,15.7785061464598
st_s005,st_s005,6,2011,2010,68.4250902052181,-132.203189984386,2011-06-28,1,273,292,256,430,290,6,6.91722744173513
st_s005,st_s005,8,1986,1990,68.4250902052181,-132.203189984386,1986-08-17,3,254,248,223,350,289,6,10.6001075822759
st_s005,st_s005,8,1988,1990,68.4250902052181,-132.203189984386,1988-08-06,1,407,619,516,1031,292,6,22.8202906274736
st_s005,st_s005,7,1994,1990,68.4250902052181,-132.203189984386,1994-07-22,73,207,298,176,618,292,6,13.1827985082496
st_s005,st_s005,6,1996,1995,68.4250902052181,-132.203189984386,1996-06-09,21,470,490,454,537,286,6,8.1923078905522
st_s005,st_s005,8,1996,1995,68.4250902052181,-132.203189984386,1996-08-28,5,198,251,153,383,277,6,4.55219471932383
st_s005,st_s005,7,2007,2005,68.4250902052181,-132.203189984386,2007-07-26,1,279,347,298,414,292,6,9.05681616908819
st_s005,st_s005,8,2007,2005,68.4250902052181,-132.203189984386,2007-08-27,1,360,506,461,1020,283,6,15.9674890713741
st_s005,st_s005,7,2008,2005,68.4250902052181,-132.203189984386,2008-07-28,52,497,600,439,1228,296,6,12.4113905010245
st_s005,st_s005,5,2009,2005,68.4250902052181,-132.203189984386,2009-05-31,8,595,514,513,557,284,6,5.96759975107368
st_s005,st_s005,6,2010,2010,68.4250902052181,-132.203189984386,2010-06-03,1,503,421,379,504,284,6,4.23002118338642
st_s005,st_s005,7,2015,2015,68.4250902052181,-132.203189984386,2015-07-03,1,301,405,314,1161,294,6,13.5146704835975
st_s005,st_s005,7,2016,2015,68.4250902052181,-132.203189984386,2016-07-05,1,182,288,207,429,298,6,15.3733565630099
st_s005,st_s005,8,2016,2015,68.4250902052181,-132.203189984386,2016-08-06,2,340,518,562,1194,289,6,79.6834470342408
st_s005,st_s005,7,2019,2015,68.4250902052181,-132.203189984386,2019-07-30,2,447,664,661,1394,290,6,53.4905815334693
st_s005,st_s005,7,2021,2015,68.4250902052181,-132.203189984386,2021-07-19,2,476,573,597,1466,292,6,45.3441747004021
st_s005,st_s005,8,2021,2015,68.4250902052181,-132.203189984386,2021-08-04,1,316,490,501,1371,292,6,52.2570268554267
st_s005,st_s005,8,2022,2015,68.4250902052181,-132.203189984386,2022-08-26,1,282,421,380,1167,291,6,29.1435543469101
st_s005,st_s005,6,2023,2015,68.4250902052181,-132.203189984386,2023-06-29,3,214,231,162,655,295,6,4.2973871218522
st_s005,st_s005,7,2023,2015,68.4250902052181,-132.203189984386,2023-07-21,2,371,566,553,1098,299,6,34.2306333373473
st_s005,st_s005,6,2009,2005,68.4250902052181,-132.203189984386,2009-06-23,1,388,483,418,1020,294,6,19.4708478974037
st_s005,st_s005,6,2013,2010,68.4250902052181,-132.203189984386,2013-06-02,7,509,518,520,973,283,6,12.2665232981928
st_s005,st_s005,9,2013,2010,68.4250902052181,-132.203189984386,2013-09-06,1,461,529,633,1184,285,6,41.0350537910625
st_s005,st_s005,6,2014,2010,68.4250902052181,-132.203189984386,2014-06-05,1,308,360,364,442,287,6,10.7612254178477
st_s005,st_s005,8,2016,2015,68.4250902052181,-132.203189984386,2016-08-13,2,297,538,591,1242,294,6,171.306517305048
st_s005,st_s005,8,2019,2015,68.4250902052181,-132.203189984386,2019-08-22,6,404,516,455,1093,283,6,18.2640183897665
st_s005,st_s005,8,2020,2015,68.4250902052181,-132.203189984386,2020-08-24,1,271,393,331,1189,291,6,31.262745616826
st_s005,st_s005,7,2021,2015,68.4250902052181,-132.203189984386,2021-07-10,1,538,765,806,1260,291,6,40.7402413284804
st_s005,st_s005,8,2021,2015,68.4250902052181,-132.203189984386,2021-08-11,1,617,745,666,1496,285,6,16.8089277770639
st_s005,st_s005,8,2021,2015,68.4250902052181,-132.203189984386,2021-08-27,1,496,528,630,1048,285,6,24.2374421038166
st_s005,st_s005,6,2001,2000,68.4250902052181,-132.203189984386,2001-06-24,10,168,166,116,220,288,6,5.25382245861964
st_s005,st_s005,7,2004,2000,68.4250902052181,-132.203189984386,2004-07-02,3,457,513,412,1127,293,6,9.99848195689594
st_s005,st_s005,6,2007,2005,68.4250902052181,-132.203189984386,2007-06-25,3,303,326,268,763,288,6,8.63048823109615
st_s005,st_s005,6,2013,2010,68.4250902052181,-132.203189984386,2013-06-09,1,757,733,804,1037,281,6,13.1373316787243
st_s005,st_s005,7,2015,2015,68.4250902052181,-132.203189984386,2015-07-01,2,502,535,366,1308,297,6,9.24368118417684
st_s005,st_s005,6,2016,2015,68.4250902052181,-132.203189984386,2016-06-17,33,664,713,650,1153,278,6,11.2848491777417
st_s005,st_s005,6,2018,2015,68.4250902052181,-132.203189984386,2018-06-07,1,308,311,381,362,285,6,9.77253286472922
st_s005,st_s005,7,2019,2015,68.4250902052181,-132.203189984386,2019-07-28,4,461,691,731,1347,295,6,78.1869830375994
st_s005,st_s005,7,2021,2015,68.4250902052181,-132.203189984386,2021-07-17,1,316,415,422,1084,297,6,24.0815900861891
st_s005,st_s005,7,2023,2015,68.4250902052181,-132.203189984386,2023-07-09,1,304,508,524,1260,296,6,89.1059130646545
st_s005,st_s005,8,2023,2015,68.4250902052181,-132.203189984386,2023-08-05,4,514,624,534,1342,293,6,16.9046520498669
st_s005,st_s005,6,2004,2000,68.4250902052181,-132.203189984386,2004-06-07,8,711,812,850,1023,276,6,18.6072472366677
st_s005,st_s005,5,2006,2005,68.4250902052181,-132.203189984386,2006-05-28,76,819,691,560,714,280,6,4.06689957977591
st_s005,st_s005,9,2013,2010,68.4250902052181,-132.203189984386,2013-09-04,1,352,567,567,1098,286,6,64.1023323496145
st_s005,st_s005,6,2016,2015,68.4250902052181,-132.203189984386,2016-06-24,6,462,679,733,1327,294,6,76.807852656776
st_s005,st_s005,7,2016,2015,68.4250902052181,-132.203189984386,2016-07-26,1,375,484,472,1173,288,6,25.3944905842354
st_s005,st_s005,5,2018,2015,68.4250902052181,-132.203189984386,2018-05-29,2,695,631,675,1038,280,6,10.6741365518639
st_s005,st_s005,6,2018,2015,68.4250902052181,-132.203189984386,2018-06-30,8,138,133,96,350,288,6,6.11922863210479
st_s005,st_s005,5,2021,2015,68.4250902052181,-132.203189984386,2021-05-21,3,757,870,979,1300,286,6,32.9468676210424
st_s005,st_s005,7,2022,2015,68.4250902052181,-132.203189984386,2022-07-04,3,344,455,388,1170,300,6,11.1505453370486
st_s005,st_s005,6,2013,2010,68.4250902052181,-132.203189984386,2013-06-03,1,186,382,455,637,285,6,124.618676147681
st_s005,st_s005,5,2015,2015,68.4250902052181,-132.203189984386,2015-05-15,5,644,1658,1489,1859,276,6,863.632957402761
st_s005,st_s005,7,2015,2015,68.4250902052181,-132.203189984386,2015-07-02,2,68,287,139,573,296,6,21.0453318147138
st_s005,st_s005,7,2016,2015,68.4250902052181,-132.203189984386,2016-07-04,7,420,656,713,978,300,6,86.4405336746473
st_s005,st_s005,7,2018,2015,68.4250902052181,-132.203189984386,2018-07-26,3,289,477,526,643,299,6,81.8860291293602
st_s005,st_s005,7,2019,2015,68.4250902052181,-132.203189984386,2019-07-13,1,201,317,295,542,297,6,17.2536706782795
st_s005,st_s005,6,2020,2015,68.4250902052181,-132.203189984386,2020-06-13,5,200,293,303,544,298,6,15.8111348684851
st_s005,st_s005,6,2024,2015,68.4250902052181,-132.203189984386,2024-06-08,19,275,385,490,468,292,6,47.4349470074662
st_s005,st_s005,6,2014,2010,68.4250902052181,-132.203189984386,2014-06-04,2,160,204,261,174,287,6,23.094451274891
st_s005,st_s005,5,2015,2015,68.4250902052181,-132.203189984386,2015-05-22,8,210,329,413,367,290,6,51.5730272148784
st_s005,st_s005,6,2016,2015,68.4250902052181,-132.203189984386,2016-06-25,8,348,600,675,843,298,6,93.8802802100958
st_s005,st_s005,7,2016,2015,68.4250902052181,-132.203189984386,2016-07-27,1,133,258,328,601,294,6,147.097349480741
st_s005,st_s005,8,2016,2015,68.4250902052181,-132.203189984386,2016-08-28,2,131,245,320,510,286,6,137.298802894002
st_s005,st_s005,6,2020,2015,68.4250902052181,-132.203189984386,2020-06-04,8,219,310,399,339,286,6,37.5296358419666
st_s005,st_s005,5,2021,2015,68.4250902052181,-132.203189984386,2021-05-22,9,649,877,1036,1074,288,6,82.2254968825531
st_s005,st_s005,6,2021,2015,68.4250902052181,-132.203189984386,2021-06-23,1,165,239,254,198,298,6,14.6055022828183
st_s005,st_s005,8,2021,2015,68.4250902052181,-132.203189984386,2021-08-26,2,125,297,282,322,292,6,62.6197732873188
st_s005,st_s005,5,2023,2015,68.4250902052181,-132.203189984386,2023-05-28,1,179,244,302,283,284,6,18.0200897037516
st_s005,st_s005,6,2024,2015,68.4250902052181,-132.203189984386,2024-06-15,7,253,346,408,354,293,6,26.0874585432063
st_s005,st_s005,6,2014,2010,68.4250902052181,-132.203189984386,2014-06-11,1,96,138,144,179,289,6,12.6203452590929
st_s005,st_s005,7,2015,2015,68.4250902052181,-132.203189984386,2015-07-16,4,175,636,626,1182,280,6,119.792382958326
st_s005,st_s005,7,2016,2015,68.4250902052181,-132.203189984386,2016-07-02,4,277,537,618,821,297,6,245.406859310524
st_s005,st_s005,6,2017,2015,68.4250902052181,-132.203189984386,2017-06-03,2,135,204,277,192,288,6,46.3010474299257
st_s005,st_s005,5,2019,2015,68.4250902052181,-132.203189984386,2019-05-24,13,246,372,463,464,288,6,54.7928410944167
st_s005,st_s005,7,2019,2015,68.4250902052181,-132.203189984386,2019-07-27,5,291,594,617,1014,294,6,149.943258665129
st_s005,st_s005,5,2020,2015,68.4250902052181,-132.203189984386,2020-05-26,6,921,987,1221,1538,278,6,78.16435370082
st_s005,st_s005,6,2020,2015,68.4250902052181,-132.203189984386,2020-06-11,4,155,248,312,251,295,6,19.437695381844
st_s005,st_s005,7,2021,2015,68.4250902052181,-132.203189984386,2021-07-16,1,130,239,263,576,293,6,49.5459833971569
st_s005,st_s005,7,2022,2015,68.4250902052181,-132.203189984386,2022-07-03,1,152,217,244,240,301,6,16.9401194024963
st_s005,st_s005,5,2023,2015,68.4250902052181,-132.203189984386,2023-05-19,2,497,802,687,1263,282,6,20.9240815375383
st_s005,st_s005,7,2023,2015,68.4250902052181,-132.203189984386,2023-07-06,3,263,492,537,912,302,6,116.314249396542
st_s005,st_s005,7,2024,2015,68.4250902052181,-132.203189984386,2024-07-24,2,233,422,475,682,299,6,90.4833848788951
st_s005,st_s005,6,2024,2015,68.4250902052181,-132.203189984386,2024-06-09,13,269,364,447,423,288,6,31.8541826570188
st_s005,st_s005,6,2023,2015,68.4250902052181,-132.203189984386,2023-06-30,3,255,432,465,820,303,6,55.376450283638
st_s005,st_s005,6,2024,2015,68.4250902052181,-132.203189984386,2024-06-16,6,237,319,373,377,294,6,19.6588238725723
st_s005,st_s005,6,2022,2015,68.4250902052181,-132.203189984386,2022-06-18,4,188,277,288,381,298,6,10.5095477627329
st_s005,st_s005,8,2022,2015,68.4250902052181,-132.203189984386,2022-08-05,1,87,187,231,164,298,6,130.215450520844
st_s005,st_s005,5,2023,2015,68.4250902052181,-132.203189984386,2023-05-20,3,688,940,1005,1316,284,6,57.3729724534388
st_s005,st_s005,7,2023,2015,68.4250902052181,-132.203189984386,2023-07-07,4,266,474,503,866,306,6,91.5825199969467
st_s005,st_s005,6,2024,2015,68.4250902052181,-132.203189984386,2024-06-23,1,169,209,261,201,294,6,15.1503168167377
st_s005,st_s005,6,2022,2015,68.4250902052181,-132.203189984386,2022-06-09,1,133,191,228,204,282,6,17.6739217682806
st_s005,st_s005,6,2024,2015,68.4250902052181,-132.203189984386,2024-06-14,5,224,330,411,335,289,6,36.2421250806706
st_s005_ref,st_s005_ref,7,1999,1995,68.3826302051437,-132.325509984632,1999-07-31,1,275,314,180,692,293,6,8.41469369079908
st_s005_ref,st_s005_ref,6,1987,1990,68.3826302051437,-132.325509984632,1987-06-03,3,438,501,496,523,286,6,11.9391339817578
st_s005_ref,st_s005_ref,9,1998,1995,68.3826302051437,-132.325509984632,1998-09-05,14,646,689,656,1015,285,6,15.3876833365111
st_s005_ref,st_s005_ref,7,2011,2010,68.3826302051437,-132.325509984632,2011-07-07,2,176,245,136,405,289,6,8.69279970905138
st_s005_ref,st_s005_ref,6,1986,1990,68.3826302051437,-132.325509984632,1986-06-07,6,746,793,832,1015,286,6,16.0860923146597
st_s005_ref,st_s005_ref,7,2010,2010,68.3826302051437,-132.325509984632,2010-07-27,27,393,403,250,803,297,6,7.42172802724333
st_s005_ref,st_s005_ref,5,2011,2010,68.3826302051437,-132.325509984632,2011-05-27,7,689,801,852,1062,288,6,23.1843485720447
st_s005_ref,st_s005_ref,7,1993,1990,68.3826302051437,-132.325509984632,1993-07-19,1,718,852,823,1353,281,6,19.3560363229398
st_s005_ref,st_s005_ref,7,2008,2005,68.3826302051437,-132.325509984632,2008-07-28,126,374,453,368,1111,294,6,16.8147498027332
st_s005_ref,st_s005_ref,5,2011,2010,68.3826302051437,-132.325509984632,2011-05-28,3,627,679,724,1009,289,6,17.6264644114607
st_s005_ref,st_s005_ref,7,2013,2010,68.3826302051437,-132.325509984632,2013-07-04,2,427,397,275,1144,289,6,6.76187301377373
st_s005_ref,st_s005_ref,5,2017,2015,68.3826302051437,-132.325509984632,2017-05-28,1,547,822,852,1001,286,6,44.7794504761465
st_s005_ref,st_s005_ref,6,2020,2015,68.3826302051437,-132.325509984632,2020-06-05,1,312,312,258,373,286,6,5.64213977683479
st_s005_ref,st_s005_ref,8,2023,2015,68.3826302051437,-132.325509984632,2023-08-05,2,539,601,436,1375,294,6,11.3436648869513
st_s005_ref,st_s005_ref,6,2000,2000,68.3826302051437,-132.325509984632,2000-06-12,6,516,580,647,762,284,6,17.4883195900619
st_s005_ref,st_s005_ref,5,2012,2010,68.3826302051437,-132.325509984632,2012-05-28,2,917,979,953,1105,282,6,14.688108018612
st_s005_ref,st_s005_ref,7,2019,2015,68.3826302051437,-132.325509984632,2019-07-03,3,187,242,186,541,293,6,10.3694918519925
st_s005_ref,st_s005_ref,7,2021,2015,68.3826302051437,-132.325509984632,2021-07-08,5,248,278,212,847,295,6,9.77499828992709
st_s005_ref,st_s005_ref,5,2023,2015,68.3826302051437,-132.325509984632,2023-05-31,18,308,305,270,420,287,6,5.66790371028005
st_s005_ref,st_s005_ref,6,2024,2015,68.3826302051437,-132.325509984632,2024-06-08,3,157,254,344,257,293,6,58.7836292034564
st_s005_ref,st_s005_ref,5,2015,2015,68.3826302051437,-132.325509984632,2015-05-22,1,589,823,912,1222,293,6,43.7508731055255
st_s005_ref,st_s005_ref,5,2021,2015,68.3826302051437,-132.325509984632,2021-05-22,2,722,944,998,1315,291,6,41.394456550619
st_s005_ref,st_s005_ref,5,2023,2015,68.3826302051437,-132.325509984632,2023-05-19,2,338,831,797,1239,281,6,184.382281357364
st_s005_ref,st_s005_ref,6,2023,2015,68.3826302051437,-132.325509984632,2023-06-21,1,125,169,100,435,293,6,9.59438054946272
st_s008,st_s008,7,1984,1990,63.6694402051841,-124.039209987153,1984-07-13,15,894,1189,1392,1349,292,4,813.610797230071
st_s008,st_s008,7,1984,1990,63.6694402051841,-124.039209987153,1984-07-29,38,640,986,1083,1382,289,4,739.081383385992
st_s008,st_s008,8,1984,1990,63.6694402051841,-124.039209987153,1984-08-14,41,535,807,978,987,285,4,485.669259457785
st_s008,st_s008,6,1985,1990,63.6694402051841,-124.039209987153,1985-06-30,3,450,714,764,1171,298,4,313.964733986375
st_s008,st_s008,7,1985,1990,63.6694402051841,-124.039209987153,1985-07-16,6,401,534,615,619,290,4,307.184415352901
st_s008,st_s008,6,1986,1990,63.6694402051841,-124.039209987153,1986-06-17,16,455,630,724,605,297,4,292.66151844781
st_s008,st_s008,7,1988,1990,63.6694402051841,-124.039209987153,1988-07-24,19,756,1116,1323,1202,290,4,535.920323522057
st_s008,st_s008,8,1988,1990,63.6694402051841,-124.039209987153,1988-08-09,16,698,1064,1131,959,293,4,261.003794412557
st_s008,st_s008,8,1988,1990,63.6694402051841,-124.039209987153,1988-08-25,13,643,997,1115,851,291,4,279.935859444462
st_s008,st_s008,8,1989,1990,63.6694402051841,-124.039209987153,1989-08-12,2,711,967,1024,1051,289,4,265.109609860055
st_s008,st_s008,5,1990,1990,63.6694402051841,-124.039209987153,1990-05-11,37,592,855,1044,969,281,4,497.060942421312
st_s008,st_s008,5,1990,1990,63.6694402051841,-124.039209987153,1990-05-27,20,620,944,1084,941,288,4,332.028393263565
st_s008,st_s008,6,1990,1990,63.6694402051841,-124.039209987153,1990-06-12,21,536,826,976,731,286,4,301.556302559909
st_s008,st_s008,7,1990,1990,63.6694402051841,-124.039209987153,1990-07-30,8,514,726,747,527,296,4,133.358784250125
st_s008,st_s008,8,1990,1990,63.6694402051841,-124.039209987153,1990-08-31,36,679,975,1102,1150,283,4,565.908059976667
st_s008,st_s008,7,1991,1990,63.6694402051841,-124.039209987153,1991-07-01,4,410,627,691,625,299,4,193.537292750517
st_s008,st_s008,8,1991,1990,63.6694402051841,-124.039209987153,1991-08-02,35,560,870,1068,1031,292,4,515.021532009536
st_s008,st_s008,5,1992,1990,63.6694402051841,-124.039209987153,1992-05-16,34,1543,1642,1771,1761,276,4,921.746860765084
st_s008,st_s008,7,1992,1990,63.6694402051841,-124.039209987153,1992-07-19,16,488,715,829,768,296,4,312.421325351192
st_s008,st_s008,8,1992,1990,63.6694402051841,-124.039209987153,1992-08-04,3,375,582,610,599,295,4,156.346011253911
st_s008,st_s008,7,1993,1990,63.6694402051841,-124.039209987153,1993-07-06,5,477,668,710,600,296,4,173.169786927722
st_s008,st_s008,5,1994,1990,63.6694402051841,-124.039209987153,1994-05-22,9,487,695,918,678,293,4,507.904982324111
st_s008,st_s008,7,1994,1990,63.6694402051841,-124.039209987153,1994-07-25,8,690,796,781,1180,299,4,457.458591908578
st_s008,st_s008,8,1994,1990,63.6694402051841,-124.039209987153,1994-08-26,1,404,626,606,548,294,4,77.8858133082935
st_s008,st_s008,5,1995,1995,63.6694402051841,-124.039209987153,1995-05-09,23,459,665,857,645,289,4,457.927390204706
st_s008,st_s008,8,1995,1995,63.6694402051841,-124.039209987153,1995-08-13,2,734,969,1154,960,300,4,441.297035001528
st_s008,st_s008,6,1998,1995,63.6694402051841,-124.039209987153,1998-06-18,3,686,1045,1112,1117,300,4,288.039646803359
st_s008,st_s008,7,1998,1995,63.6694402051841,-124.039209987153,1998-07-04,5,531,821,828,703,305,4,120.758900158686
st_s008,st_s008,7,2003,2000,63.6694402051841,-124.039209987153,2003-07-02,12,840,1249,1346,1114,297,4,357.511618738628
st_s008,st_s008,9,2003,2000,63.6694402051841,-124.039209987153,2003-09-04,6,944,1223,1324,944,294,4,246.179184161728
st_s008,st_s008,5,2005,2005,63.6694402051841,-124.039209987153,2005-05-04,3,919,1135,1292,1361,282,4,696.169401708031
st_s008,st_s008,7,2005,2005,63.6694402051841,-124.039209987153,2005-07-07,20,775,1006,1087,1230,298,4,573.095812962208
st_s008,st_s008,8,2006,2005,63.6694402051841,-124.039209987153,2006-08-11,4,630,839,850,699,296,4,128.808356120408
st_s008,st_s008,5,2007,2005,63.6694402051841,-124.039209987153,2007-05-26,17,646,884,1024,751,297,4,287.395413939393
st_s008,st_s008,7,2007,2005,63.6694402051841,-124.039209987153,2007-07-13,8,1030,1463,1543,1187,304,4,295.489514626149
st_s008,st_s008,8,2007,2005,63.6694402051841,-124.039209987153,2007-08-30,8,448,610,635,503,290,4,162.635550041117
st_s008,st_s008,7,2008,2005,63.6694402051841,-124.039209987153,2008-07-15,22,742,1113,1293,1056,295,4,392.240690966522
st_s008,st_s008,7,2009,2005,63.6694402051841,-124.039209987153,2009-07-18,27,678,999,1016,1157,290,4,300.869545472576
st_s008,st_s008,7,2011,2010,63.6694402051841,-124.039209987153,2011-07-08,23,803,1174,1263,1120,297,4,330.914641162434
st_s008,st_s008,8,2011,2010,63.6694402051841,-124.039209987153,2011-08-25,35,750,1127,1230,1056,292,4,368.731657873173
st_s008,st_s008,7,1985,1990,63.6694402051841,-124.039209987153,1985-07-23,53,339,414,386,466,290,4,118.640824191276
st_s008,st_s008,8,1985,1990,63.6694402051841,-124.039209987153,1985-08-08,13,386,579,605,566,292,4,176.913557162832
st_s008,st_s008,7,1986,1990,63.6694402051841,-124.039209987153,1986-07-10,17,455,657,721,614,300,4,213.196818150588
st_s008,st_s008,8,1986,1990,63.6694402051841,-124.039209987153,1986-08-27,10,689,951,1012,1057,280,4,269.792558248494
st_s008,st_s008,8,1987,1990,63.6694402051841,-124.039209987153,1987-08-14,10,430,620,639,542,292,4,185.144204446385
st_s008,st_s008,5,1988,1990,63.6694402051841,-124.039209987153,1988-05-12,27,399,639,767,627,285,4,279.515868172085
st_s008,st_s008,6,1988,1990,63.6694402051841,-124.039209987153,1988-06-13,29,443,683,871,657,291,4,373.407190235619
st_s008,st_s008,9,1988,1990,63.6694402051841,-124.039209987153,1988-09-01,18,621,932,1053,746,289,4,249.385269805685
st_s008,st_s008,6,1990,1990,63.6694402051841,-124.039209987153,1990-06-03,14,459,740,853,624,293,4,243.182551009268
st_s008,st_s008,7,1990,1990,63.6694402051841,-124.039209987153,1990-07-05,23,584,1024,1141,1006,295,4,287.647542937644
st_s008,st_s008,7,1990,1990,63.6694402051841,-124.039209987153,1990-07-21,6,773,924,847,1126,302,4,264.968573704788
st_s008,st_s008,5,1991,1990,63.6694402051841,-124.039209987153,1991-05-05,42,737,1042,1201,1430,282,4,896.226284408177
st_s008,st_s008,5,1991,1990,63.6694402051841,-124.039209987153,1991-05-21,16,774,1157,1293,1277,281,4,464.931267360127
st_s008,st_s008,6,1991,1990,63.6694402051841,-124.039209987153,1991-06-22,2,435,697,788,676,298,4,233.129742518029
st_s008,st_s008,7,1991,1990,63.6694402051841,-124.039209987153,1991-07-08,5,475,754,771,821,298,4,166.980509455847
st_s008,st_s008,7,1991,1990,63.6694402051841,-124.039209987153,1991-07-24,3,598,872,1017,1117,297,4,467.656205814902
st_s008,st_s008,5,1992,1990,63.6694402051841,-124.039209987153,1992-05-23,46,847,1140,1312,1540,284,4,1063.82610194228
st_s008,st_s008,7,1992,1990,63.6694402051841,-124.039209987153,1992-07-10,7,510,746,872,1023,296,4,469.785166785591
st_s008,st_s008,7,1992,1990,63.6694402051841,-124.039209987153,1992-07-26,24,545,817,948,943,292,4,389.261321306824
st_s008,st_s008,5,1993,1990,63.6694402051841,-124.039209987153,1993-05-10,34,643,933,1117,1069,282,4,525.579437093074
st_s008,st_s008,6,1993,1990,63.6694402051841,-124.039209987153,1993-06-11,11,903,1277,1485,1531,286,4,798.715640023072
st_s008,st_s008,6,1993,1990,63.6694402051841,-124.039209987153,1993-06-27,5,418,593,645,657,296,4,241.612080274032
st_s008,st_s008,8,1993,1990,63.6694402051841,-124.039209987153,1993-08-14,19,475,765,844,738,290,4,224.843686673975
st_s008,st_s008,6,1994,1990,63.6694402051841,-124.039209987153,1994-06-14,23,417,681,815,658,291,4,282.555642451865
st_s008,st_s008,7,1994,1990,63.6694402051841,-124.039209987153,1994-07-16,11,405,573,636,601,302,4,249.58999043394
st_s008,st_s008,8,1994,1990,63.6694402051841,-124.039209987153,1994-08-01,5,663,794,779,1107,298,4,287.990909608361
st_s008,st_s008,8,1995,1995,63.6694402051841,-124.039209987153,1995-08-20,28,768,943,1189,1052,291,4,713.899652349192
st_s008,st_s008,9,1995,1995,63.6694402051841,-124.039209987153,1995-09-05,35,588,846,1064,904,281,4,495.656314801379
st_s008,st_s008,5,1996,1995,63.6694402051841,-124.039209987153,1996-05-18,45,877,1090,1233,1211,281,4,663.035276067668
st_s008,st_s008,8,1997,1995,63.6694402051841,-124.039209987153,1997-08-25,16,723,997,1191,1027,285,4,439.365175560568
st_s008,st_s008,5,1998,1995,63.6694402051841,-124.039209987153,1998-05-08,33,672,965,1131,1015,286,4,446.447281628517
st_s008,st_s008,5,1998,1995,63.6694402051841,-124.039209987153,1998-05-24,5,589,806,928,633,298,4,262.060170159154
st_s008,st_s008,6,1998,1995,63.6694402051841,-124.039209987153,1998-06-09,14,763,1135,1258,1054,300,4,318.534592225296
st_s008,st_s008,6,1999,1995,63.6694402051841,-124.039209987153,1999-06-12,8,661,1008,1144,932,296,4,294.032068519908
st_s008,st_s008,7,1999,1995,63.6694402051841,-124.039209987153,1999-07-14,30,676,911,1019,780,290,4,280.435988463724
st_s008,st_s008,7,1999,1995,63.6694402051841,-124.039209987153,1999-07-30,37,924,1308,1461,1680,288,4,1107.98768633871
st_s008,st_s008,8,2003,2000,63.6694402051841,-124.039209987153,2003-08-10,7,896,1256,1302,1080,291,4,263.536063202479
st_s008,st_s008,8,2003,2000,63.6694402051841,-124.039209987153,2003-08-26,14,908,1222,1342,1176,294,4,416.946650115746
st_s008,st_s008,8,2004,2000,63.6694402051841,-124.039209987153,2004-08-28,1,936,1300,1368,1248,288,4,347.752549766769
st_s008,st_s008,6,2005,2005,63.6694402051841,-124.039209987153,2005-06-12,11,920,1297,1410,1234,297,4,419.225808050435
st_s008,st_s008,8,2005,2005,63.6694402051841,-124.039209987153,2005-08-15,9,633,883,887,778,292,4,139.510247085032
st_s008,st_s008,6,2006,2005,63.6694402051841,-124.039209987153,2006-06-15,11,860,1228,1375,1316,302,4,550.204738822436
st_s008,st_s008,7,2006,2005,63.6694402051841,-124.039209987153,2006-07-01,33,789,1164,1284,1293,297,4,529.542108095364
st_s008,st_s008,6,2007,2005,63.6694402051841,-124.039209987153,2007-06-18,10,775,1117,1163,919,295,4,214.497654825914
st_s008,st_s008,5,2008,2005,63.6694402051841,-124.039209987153,2008-05-03,17,1338,1555,1682,1406,277,4,689.352634937332
st_s008,st_s008,5,2008,2005,63.6694402051841,-124.039209987153,2008-05-19,25,728,1044,1151,829,288,4,243.576241290635
st_s008,st_s008,6,2008,2005,63.6694402051841,-124.039209987153,2008-06-04,12,475,701,727,577,297,4,145.323606174302
st_s008,st_s008,7,2008,2005,63.6694402051841,-124.039209987153,2008-07-22,1,582,981,993,1047,293,4,175.792139997455
st_s008,st_s008,5,2009,2005,63.6694402051841,-124.039209987153,2009-05-22,4,668,938,1094,1159,292,4,539.588359807551
st_s008,st_s008,7,2009,2005,63.6694402051841,-124.039209987153,2009-07-09,37,558,875,1013,857,291,4,315.449854073115
st_s008,st_s008,7,2009,2005,63.6694402051841,-124.039209987153,2009-07-25,23,758,1161,1222,1097,297,4,310.776520524415
st_s008,st_s008,6,2010,2010,63.6694402051841,-124.039209987153,2010-06-10,8,700,1035,1064,793,297,4,167.099330998639
st_s008,st_s008,7,2010,2010,63.6694402051841,-124.039209987153,2010-07-28,29,562,845,981,968,297,4,401.816822562815
st_s008,st_s008,8,2010,2010,63.6694402051841,-124.039209987153,2010-08-13,43,734,1112,1237,1506,293,4,817.678682640893
st_s008,st_s008,5,2011,2010,63.6694402051841,-124.039209987153,2011-05-28,2,695,1013,1123,945,295,4,305.823733735518
st_s008,st_s008,6,2011,2010,63.6694402051841,-124.039209987153,2011-06-13,10,621,939,1000,745,293,4,183.272940334513
st_s008,st_s008,6,2011,2010,63.6694402051841,-124.039209987153,2011-06-29,7,914,1331,1426,1139,293,4,304.377220796088
st_s008,st_s008,6,1990,1990,63.6694402051841,-124.039209987153,1990-06-03,14,488,737,851,621,293,4,248.930816439493
st_s008,st_s008,7,1990,1990,63.6694402051841,-124.039209987153,1990-07-05,2,426,694,672,1044,294,4,134.050120074447
st_s008,st_s008,6,1993,1990,63.6694402051841,-124.039209987153,1993-06-27,5,412,588,641,653,296,4,242.588678490022
st_s008,st_s008,8,1993,1990,63.6694402051841,-124.039209987153,1993-08-14,20,495,764,886,737,290,4,296.59940354691
st_s008,st_s008,8,1994,1990,63.6694402051841,-124.039209987153,1994-08-01,5,617,764,699,1092,298,4,197.487333507731
st_s008,st_s008,8,1995,1995,63.6694402051841,-124.039209987153,1995-08-20,27,729,936,1184,984,291,4,611.705063773065
st_s008,st_s008,9,1995,1995,63.6694402051841,-124.039209987153,1995-09-05,36,599,851,1067,850,281,4,456.464079915023
st_s008,st_s008,5,1998,1995,63.6694402051841,-124.039209987153,1998-05-24,4,574,804,927,612,298,4,252.978367121899
st_s008,st_s008,6,1998,1995,63.6694402051841,-124.039209987153,1998-06-09,5,784,1178,1329,1053,300,4,321.448184914315
st_s008,st_s008,6,1999,1995,63.6694402051841,-124.039209987153,1999-06-12,9,656,967,1112,1059,296,4,385.282549447445
st_s008,st_s008,7,1999,1995,63.6694402051841,-124.039209987153,1999-07-14,27,661,821,869,731,289,4,249.700426679793
st_s008,st_s008,7,1999,1995,63.6694402051841,-124.039209987153,1999-07-30,36,921,1303,1458,1623,288,4,1006.65435920298
st_s008,st_s008,5,1984,1990,63.6694402051841,-124.039209987153,1984-05-08,24,477,656,858,710,286,4,531.285831696708
st_s008,st_s008,6,1984,1990,63.6694402051841,-124.039209987153,1984-06-25,14,618,810,924,853,295,4,352.883522608407
st_s008,st_s008,6,1985,1990,63.6694402051841,-124.039209987153,1985-06-12,23,543,808,978,777,289,4,351.863567869158
st_s008,st_s008,7,1985,1990,63.6694402051841,-124.039209987153,1985-07-30,18,425,638,696,603,296,4,192.889323284685
st_s008,st_s008,5,1986,1990,63.6694402051841,-124.039209987153,1986-05-14,55,608,868,1010,1021,279,4,482.339283102901
st_s008,st_s008,6,1986,1990,63.6694402051841,-124.039209987153,1986-06-15,21,466,688,837,652,292,4,340.440485110716
st_s008,st_s008,7,1986,1990,63.6694402051841,-124.039209987153,1986-07-01,23,514,770,916,838,297,4,397.732159543014
st_s008,st_s008,8,1986,1990,63.6694402051841,-124.039209987153,1986-08-18,39,606,861,1036,947,287,4,471.574166383156
st_s008,st_s008,9,1986,1990,63.6694402051841,-124.039209987153,1986-09-03,32,601,909,985,887,284,4,287.610348142932
st_s008,st_s008,7,1987,1990,63.6694402051841,-124.039209987153,1987-07-04,9,377,427,402,403,297,4,113.623766456076
st_s008,st_s008,7,1987,1990,63.6694402051841,-124.039209987153,1987-07-20,5,625,811,829,1040,294,4,259.095602999685
st_s008,st_s008,9,1987,1990,63.6694402051841,-124.039209987153,1987-09-06,10,431,574,602,550,285,4,176.865466451782
st_s008,st_s008,6,1988,1990,63.6694402051841,-124.039209987153,1988-06-20,24,455,730,873,623,291,4,267.891399339003
st_s008,st_s008,8,1988,1990,63.6694402051841,-124.039209987153,1988-08-07,20,686,1082,1164,983,296,4,264.66661639392
st_s008,st_s008,8,1988,1990,63.6694402051841,-124.039209987153,1988-08-23,20,648,991,1139,849,292,4,287.712008010438
st_s008,st_s008,5,1989,1990,63.6694402051841,-124.039209987153,1989-05-22,6,690,1062,1236,1329,286,4,573.046335667724
st_s008,st_s008,7,1989,1990,63.6694402051841,-124.039209987153,1989-07-09,47,419,537,505,537,299,4,126.713703899596
st_s008,st_s008,8,1989,1990,63.6694402051841,-124.039209987153,1989-08-10,14,527,804,893,721,301,4,223.614153713318
st_s008,st_s008,8,1989,1990,63.6694402051841,-124.039209987153,1989-08-26,6,373,619,666,601,292,4,175.955592919493
st_s008,st_s008,6,1990,1990,63.6694402051841,-124.039209987153,1990-06-10,34,558,903,1092,936,285,4,387.809367212195
st_s008,st_s008,7,1990,1990,63.6694402051841,-124.039209987153,1990-07-12,13,506,885,1015,772,297,4,241.577196371252
st_s008,st_s008,7,1990,1990,63.6694402051841,-124.039209987153,1990-07-28,6,541,784,798,741,292,4,140.150200234665
st_s008,st_s008,8,1990,1990,63.6694402051841,-124.039209987153,1990-08-13,27,550,877,1042,832,291,4,331.795351650845
st_s008,st_s008,5,1991,1990,63.6694402051841,-124.039209987153,1991-05-28,28,599,891,1050,977,286,4,403.065193605615
st_s008,st_s008,7,1991,1990,63.6694402051841,-124.039209987153,1991-07-15,3,385,637,692,646,295,4,173.111353347066
st_s008,st_s008,7,1992,1990,63.6694402051841,-124.039209987153,1992-07-01,10,452,663,806,747,296,4,415.134079313688
st_s008,st_s008,7,1992,1990,63.6694402051841,-124.039209987153,1992-07-17,1,811,946,932,1071,288,4,270.974927898892
st_s008,st_s008,7,1993,1990,63.6694402051841,-124.039209987153,1993-07-04,3,352,620,629,586,301,4,129.469215530593
st_s008,st_s008,8,1993,1990,63.6694402051841,-124.039209987153,1993-08-21,11,362,622,644,535,294,4,125.400024160907
st_s008,st_s008,5,1994,1990,63.6694402051841,-124.039209987153,1994-05-04,3,622,947,1088,1253,284,4,494.121453133077
st_s008,st_s008,5,1994,1990,63.6694402051841,-124.039209987153,1994-05-20,24,437,732,862,750,293,4,298.451316415054
st_s008,st_s008,7,1994,1990,63.6694402051841,-124.039209987153,1994-07-23,13,386,589,720,543,301,4,358.713933713483
st_s008,st_s008,8,1994,1990,63.6694402051841,-124.039209987153,1994-08-08,2,630,759,784,907,299,4,241.179460584963
st_s008,st_s008,8,1994,1990,63.6694402051841,-124.039209987153,1994-08-24,1,352,630,608,586,289,4,82.1118631841511
st_s008,st_s008,8,1995,1995,63.6694402051841,-124.039209987153,1995-08-11,4,635,854,1010,728,297,4,317.975816615852
st_s008,st_s008,7,1996,1995,63.6694402051841,-124.039209987153,1996-07-12,42,798,1140,1271,1598,286,4,1028.09943603203
st_s008,st_s008,8,1996,1995,63.6694402051841,-124.039209987153,1996-08-29,34,732,1095,1264,1260,286,4,580.18789234056
st_s008,st_s008,8,1997,1995,63.6694402051841,-124.039209987153,1997-08-16,37,630,1002,1191,1191,292,4,544.499393585551
st_s008,st_s008,9,1997,1995,63.6694402051841,-124.039209987153,1997-09-01,19,533,819,947,644,293,4,243.536182888012
st_s008,st_s008,6,1998,1995,63.6694402051841,-124.039209987153,1998-06-16,5,663,986,1065,937,292,4,229.521805298953
st_s008,st_s008,7,1998,1995,63.6694402051841,-124.039209987153,1998-07-02,7,704,1012,1153,838,302,4,280.633928494301
st_s008,st_s008,8,1999,1995,63.6694402051841,-124.039209987153,1999-08-06,21,793,1189,1260,1185,295,4,356.999487125517
st_s008,st_s008,7,2003,2000,63.6694402051841,-124.039209987153,2003-07-16,25,770,1150,1269,1169,300,4,386.815761356125
st_s008,st_s008,5,2005,2005,63.6694402051841,-124.039209987153,2005-05-02,43,908,1192,1375,1440,280,4,943.187430192324
st_s008,st_s008,6,2006,2005,63.6694402051841,-124.039209987153,2006-06-06,2,657,974,1110,1191,289,4,452.404608013752
st_s008,st_s008,6,2007,2005,63.6694402051841,-124.039209987153,2007-06-25,3,885,1250,1269,1003,301,4,205.915633985518
st_s008,st_s008,5,2008,2005,63.6694402051841,-124.039209987153,2008-05-10,13,763,1109,1243,1344,284,4,595.131549348425
st_s008,st_s008,6,2008,2005,63.6694402051841,-124.039209987153,2008-06-27,13,711,1085,1103,854,301,4,165.095686600479
st_s008,st_s008,8,2008,2005,63.6694402051841,-124.039209987153,2008-08-14,6,918,1279,1347,1102,297,4,269.134967781369
st_s008,st_s008,5,2009,2005,63.6694402051841,-124.039209987153,2009-05-29,22,684,1031,1162,868,293,4,275.317229192411
st_s008,st_s008,9,2009,2005,63.6694402051841,-124.039209987153,2009-09-02,11,702,1044,1033,857,291,4,154.909717932715
st_s008,st_s008,6,2010,2010,63.6694402051841,-124.039209987153,2010-06-01,1,680,1008,1079,898,302,4,211.219472176159
st_s008,st_s008,7,2010,2010,63.6694402051841,-124.039209987153,2010-07-03,63,455,567,508,851,285,4,269.571879919118
st_s008,st_s008,7,2010,2010,63.6694402051841,-124.039209987153,2010-07-19,34,759,1132,1302,1111,296,4,400.638651623429
st_s008,st_s008,8,2010,2010,63.6694402051841,-124.039209987153,2010-08-04,19,845,1198,1308,1248,304,4,439.160264632863
st_s008,st_s008,9,2010,2010,63.6694402051841,-124.039209987153,2010-09-05,25,493,792,829,583,285,4,161.746895502832
st_s008,st_s008,6,2011,2010,63.6694402051841,-124.039209987153,2011-06-04,35,648,970,1076,965,288,4,325.093707199691
st_s008,st_s008,6,2011,2010,63.6694402051841,-124.039209987153,2011-06-20,38,756,1080,1161,1371,298,4,599.428192268726
st_s008,st_s008,7,2022,2015,63.6694402051841,-124.039209987153,2022-07-17,18,843,1137,1304,1686,296,4,1349.70863734416
st_s008,st_s008,6,2023,2015,63.6694402051841,-124.039209987153,2023-06-18,18,1010,1305,1479,1913,288,4,2025.51237685217
st_s008,st_s008,7,1999,1995,63.6694402051841,-124.039209987153,1999-07-31,3,598,892,1054,1301,293,4,654.010664155699
st_s008,st_s008,9,1999,1995,63.6694402051841,-124.039209987153,1999-09-01,2,990,1502,1852,1594,285,4,899.804215412904
st_s008,st_s008,7,2000,2000,63.6694402051841,-124.039209987153,2000-07-17,6,722,1004,1168,1364,294,4,762.422205840142
st_s008,st_s008,6,2001,2000,63.6694402051841,-124.039209987153,2001-06-18,13,676,927,1052,832,296,4,295.170757725443
st_s008,st_s008,7,2001,2000,63.6694402051841,-124.039209987153,2001-07-04,11,859,1178,1322,1117,299,4,383.707275728533
st_s008,st_s008,7,2001,2000,63.6694402051841,-124.039209987153,2001-07-20,8,706,991,1144,1140,300,4,504.971514685262
st_s008,st_s008,8,2001,2000,63.6694402051841,-124.039209987153,2001-08-05,21,770,1082,1235,1029,295,4,397.818152915711
st_s008,st_s008,7,2002,2000,63.6694402051841,-124.039209987153,2002-07-07,43,691,972,1098,992,294,4,425.701318463451
st_s008,st_s008,7,2002,2000,63.6694402051841,-124.039209987153,2002-07-23,26,869,1202,1438,1379,295,4,781.985381363853
st_s008,st_s008,8,2002,2000,63.6694402051841,-124.039209987153,2002-08-08,14,1075,1426,1624,1631,289,4,874.763095601176
st_s008,st_s008,8,2002,2000,63.6694402051841,-124.039209987153,2002-08-24,30,888,1202,1358,1305,288,4,632.077475565953
st_s008,st_s008,8,2003,2000,63.6694402051841,-124.039209987153,2003-08-11,7,902,1202,1323,1092,294,4,331.427110959314
st_s008,st_s008,6,2004,2000,63.6694402051841,-124.039209987153,2004-06-10,18,971,1338,1551,1217,291,4,495.640762154007
st_s008,st_s008,8,2006,2005,63.6694402051841,-124.039209987153,2006-08-03,4,588,800,853,736,297,4,189.790659790402
st_s008,st_s008,8,2006,2005,63.6694402051841,-124.039209987153,2006-08-19,9,543,599,680,561,293,4,300.108279905016
st_s008,st_s008,6,2007,2005,63.6694402051841,-124.039209987153,2007-06-19,7,841,1099,1232,864,294,4,269.017695971624
st_s008,st_s008,7,2009,2005,63.6694402051841,-124.039209987153,2009-07-26,19,598,851,927,933,295,4,308.604964618835
st_s008,st_s008,8,2009,2005,63.6694402051841,-124.039209987153,2009-08-27,23,724,1024,1125,958,289,4,311.863128084704
st_s008,st_s008,6,2010,2010,63.6694402051841,-124.039209987153,2010-06-11,9,687,923,966,830,297,4,209.749545220969
st_s008,st_s008,5,2011,2010,63.6694402051841,-124.039209987153,2011-05-29,2,615,855,978,1043,295,4,411.03614194002
st_s008,st_s008,6,2011,2010,63.6694402051841,-124.039209987153,2011-06-14,5,558,777,932,1002,297,4,528.354110112612
st_s008,st_s008,8,2012,2010,63.6694402051841,-124.039209987153,2012-08-19,8,928,1221,1419,1562,293,4,1144.40016223364
st_s008,st_s008,6,2013,2010,63.6694402051841,-124.039209987153,2013-06-03,40,648,898,1102,1109,286,4,672.114384358256
st_s008,st_s008,6,2013,2010,63.6694402051841,-124.039209987153,2013-06-19,31,668,884,1059,964,294,4,516.002764690878
st_s008,st_s008,5,2014,2010,63.6694402051841,-124.039209987153,2014-05-05,4,512,639,886,848,277,4,723.243324722221
st_s008,st_s008,6,2014,2010,63.6694402051841,-124.039209987153,2014-06-06,4,671,852,1061,1166,295,4,938.643641524903
st_s008,st_s008,6,2014,2010,63.6694402051841,-124.039209987153,2014-06-22,32,876,1181,1357,1684,294,4,1447.58887623087
st_s008,st_s008,7,2014,2010,63.6694402051841,-124.039209987153,2014-07-24,8,733,876,905,1411,282,4,660.521166256077
st_s008,st_s008,5,2015,2015,63.6694402051841,-124.039209987153,2015-05-24,11,551,682,855,1031,298,4,953.338287588788
st_s008,st_s008,6,2015,2015,63.6694402051841,-124.039209987153,2015-06-25,15,627,801,873,1171,299,4,590.090244192932
st_s008,st_s008,5,2016,2015,63.6694402051841,-124.039209987153,2016-05-10,7,559,676,934,980,286,4,1557.59489247437
st_s008,st_s008,8,2016,2015,63.6694402051841,-124.039209987153,2016-08-14,16,651,874,1029,951,297,4,470.873981176881
st_s008,st_s008,5,2017,2015,63.6694402051841,-124.039209987153,2017-05-13,10,635,827,962,1238,283,4,781.225944835043
st_s008,st_s008,8,2019,2015,63.6694402051841,-124.039209987153,2019-08-23,34,682,910,1013,1520,283,4,1124.07035227724
st_s008,st_s008,7,2020,2015,63.6694402051841,-124.039209987153,2020-07-24,21,858,1137,1298,1736,292,4,1456.77579301127
st_s008,st_s008,8,2020,2015,63.6694402051841,-124.039209987153,2020-08-09,35,810,1135,1276,1723,291,4,1440.29448963821
st_s008,st_s008,6,2021,2015,63.6694402051841,-124.039209987153,2021-06-25,14,1016,1343,1506,1824,300,4,1336.49340365712
st_s008,st_s008,7,2022,2015,63.6694402051841,-124.039209987153,2022-07-17,17,847,1134,1302,1686,296,4,1347.71626443471
st_s008,st_s008,9,2022,2015,63.6694402051841,-124.039209987153,2022-09-01,21,234,242,225,343,286,4,444.636144070234
st_s008,st_s008,6,2023,2015,63.6694402051841,-124.039209987153,2023-06-18,22,1018,1308,1478,1907,288,4,1897.92120787487
st_s008,st_s008,8,1999,1995,63.6694402051841,-124.039209987153,1999-08-23,26,834,1154,1405,1481,290,4,1035.51110881385
st_s008,st_s008,5,2000,2000,63.6694402051841,-124.039209987153,2000-05-05,14,701,905,1102,1246,284,4,849.219607340816
st_s008,st_s008,5,2000,2000,63.6694402051841,-124.039209987153,2000-05-21,22,898,1203,1448,1082,289,4,471.119610914034
st_s008,st_s008,7,2000,2000,63.6694402051841,-124.039209987153,2000-07-08,18,592,854,979,805,296,4,284.874519655928
st_s008,st_s008,7,2000,2000,63.6694402051841,-124.039209987153,2000-07-24,35,733,1032,1238,1223,295,4,703.601564023218
st_s008,st_s008,8,2000,2000,63.6694402051841,-124.039209987153,2000-08-09,27,702,1013,1230,1038,290,4,508.174364583089
st_s008,st_s008,8,2001,2000,63.6694402051841,-124.039209987153,2001-08-12,15,932,1222,1422,1346,295,4,649.852889594382
st_s008,st_s008,5,2002,2000,63.6694402051841,-124.039209987153,2002-05-11,42,178,130,105,160,278,4,253.664516542737
st_s008,st_s008,6,2002,2000,63.6694402051841,-124.039209987153,2002-06-12,17,825,1162,1316,1045,293,4,364.302964362982
st_s008,st_s008,7,2003,2000,63.6694402051841,-124.039209987153,2003-07-17,33,765,1061,1216,1481,297,4,959.050517267954
st_s008,st_s008,5,2004,2000,63.6694402051841,-124.039209987153,2004-05-16,4,751,936,1149,1280,283,4,979.217005933355
st_s008,st_s008,5,2006,2005,63.6694402051841,-124.039209987153,2006-05-06,16,1320,1409,1499,1610,279,4,856.470667427348
st_s008,st_s008,6,2006,2005,63.6694402051841,-124.039209987153,2006-06-07,32,638,915,1090,818,289,4,351.777138230359
st_s008,st_s008,8,2006,2005,63.6694402051841,-124.039209987153,2006-08-10,6,649,901,930,770,291,4,169.802074510561
st_s008,st_s008,8,2007,2005,63.6694402051841,-124.039209987153,2007-08-29,9,444,562,608,568,287,4,218.794531310424
st_s008,st_s008,7,2008,2005,63.6694402051841,-124.039209987153,2008-07-30,5,534,761,795,734,299,4,185.26109484989
st_s008,st_s008,7,2009,2005,63.6694402051841,-124.039209987153,2009-07-17,11,551,819,864,1090,284,4,309.056097952437
st_s008,st_s008,8,2009,2005,63.6694402051841,-124.039209987153,2009-08-02,8,1294,1620,1795,2127,295,4,2150.0097990078
st_s008,st_s008,6,2010,2010,63.6694402051841,-124.039209987153,2010-06-02,5,628,840,936,925,298,4,339.855170480357
st_s008,st_s008,5,2011,2010,63.6694402051841,-124.039209987153,2011-05-20,11,723,939,1142,1405,288,4,1103.1933741507
st_s008,st_s008,6,2011,2010,63.6694402051841,-124.039209987153,2011-06-05,1,590,830,1097,576,290,4,383.410142797105
st_s008,st_s008,6,2011,2010,63.6694402051841,-124.039209987153,2011-06-21,38,642,914,1030,1238,296,4,581.421214604783
st_s008,st_s008,8,2011,2010,63.6694402051841,-124.039209987153,2011-08-24,36,768,1091,1248,1223,290,4,612.119000205428
st_s008,st_s008,6,2012,2010,63.6694402051841,-124.039209987153,2012-06-23,22,654,969,1142,1007,299,4,438.354811135311
st_s008,st_s008,6,2013,2010,63.6694402051841,-124.039209987153,2013-06-10,2,731,973,1117,1100,299,4,450.838719048746
st_s008,st_s008,8,2013,2010,63.6694402051841,-124.039209987153,2013-08-13,4,881,1129,1181,1351,297,4,531.019213346013
st_s008,st_s008,8,2013,2010,63.6694402051841,-124.039209987153,2013-08-29,2,524,775,889,1271,287,4,593.238490484093
st_s008,st_s008,5,2014,2010,63.6694402051841,-124.039209987153,2014-05-12,1,642,900,1080,977,286,4,469.632143226998
st_s008,st_s008,5,2015,2015,63.6694402051841,-124.039209987153,2015-05-15,49,518,597,614,629,283,4,228.221949174927
st_s008,st_s008,8,2015,2015,63.6694402051841,-124.039209987153,2015-08-03,13,530,760,933,875,292,4,461.295589296168
st_s008,st_s008,9,2015,2015,63.6694402051841,-124.039209987153,2015-09-04,13,581,843,981,979,283,4,428.16795533813
st_s008,st_s008,5,2016,2015,63.6694402051841,-124.039209987153,2016-05-01,53,1103,1239,1372,1489,275,4,922.919769432629
st_s008,st_s008,6,2016,2015,63.6694402051841,-124.039209987153,2016-06-18,19,482,711,806,697,293,4,263.322889264218
st_s008,st_s008,7,2016,2015,63.6694402051841,-124.039209987153,2016-07-04,14,914,1246,1373,1204,297,4,406.519180504154
st_s008,st_s008,8,2016,2015,63.6694402051841,-124.039209987153,2016-08-21,13,616,860,921,790,294,4,219.800078186538
st_s008,st_s008,5,2017,2015,63.6694402051841,-124.039209987153,2017-05-20,2,612,847,1024,1123,292,4,624.777900979179
st_s008,st_s008,6,2017,2015,63.6694402051841,-124.039209987153,2017-06-21,37,704,1018,1231,1285,290,4,774.709943080854
st_s008,st_s008,8,2017,2015,63.6694402051841,-124.039209987153,2017-08-08,18,974,1351,1518,1821,298,4,1223.95994844447
st_s008,st_s008,7,2018,2015,63.6694402051841,-124.039209987153,2018-07-10,27,1175,1499,1722,2272,294,4,3303.53641483709
st_s008,st_s008,6,2019,2015,63.6694402051841,-124.039209987153,2019-06-27,42,896,1210,1373,1814,289,4,1708.63949585235
st_s008,st_s008,5,2020,2015,63.6694402051841,-124.039209987153,2020-05-12,50,1047,1333,1499,1843,276,4,1534.86882321684
st_s008,st_s008,5,2020,2015,63.6694402051841,-124.039209987153,2020-05-28,11,891,1180,1346,1537,290,4,924.600791041249
st_s008,st_s008,6,2020,2015,63.6694402051841,-124.039209987153,2020-06-29,3,884,1187,1393,1767,294,4,1488.79424572117
st_s008,st_s008,7,2020,2015,63.6694402051841,-124.039209987153,2020-07-15,38,893,1199,1381,1844,292,4,1772.89153665368
st_s008,st_s008,6,2021,2015,63.6694402051841,-124.039209987153,2021-06-16,37,843,1160,1340,1700,290,4,1348.40544645099
st_s008,st_s008,6,2022,2015,63.6694402051841,-124.039209987153,2022-06-01,8,797,1122,1274,1699,293,4,1190.36763642598
st_s008,st_s008,6,2022,2015,63.6694402051841,-124.039209987153,2022-06-18,9,869,1167,1320,1821,292,4,1489.96093248868
st_s008,st_s008,7,2022,2015,63.6694402051841,-124.039209987153,2022-07-05,11,908,1229,1386,1847,297,4,1470.79354666018
st_s008,st_s008,8,2022,2015,63.6694402051841,-124.039209987153,2022-08-08,7,511,536,474,745,290,4,179.270476433781
st_s008,st_s008,5,2023,2015,63.6694402051841,-124.039209987153,2023-05-05,13,1086,1281,1444,1709,277,4,1377.24282770068
st_s008,st_s008,6,2023,2015,63.6694402051841,-124.039209987153,2023-06-01,1,571,863,838,777,291,4,107.639716562993
st_s008,st_s008,8,1999,1995,63.6694402051841,-124.039209987153,1999-08-23,26,864,1152,1403,1467,290,4,1062.52827332667
st_s008,st_s008,5,2000,2000,63.6694402051841,-124.039209987153,2000-05-05,13,694,925,1099,1243,284,4,728.076805204023
st_s008,st_s008,5,2000,2000,63.6694402051841,-124.039209987153,2000-05-21,22,923,1198,1443,1072,289,4,479.55105183412
st_s008,st_s008,7,2000,2000,63.6694402051841,-124.039209987153,2000-07-08,5,617,856,979,1076,296,4,444.619894990746
st_s008,st_s008,7,2000,2000,63.6694402051841,-124.039209987153,2000-07-24,36,715,1031,1236,1216,295,4,659.600316807831
st_s008,st_s008,8,2000,2000,63.6694402051841,-124.039209987153,2000-08-09,28,695,1035,1230,1004,291,4,443.335552917881
st_s008,st_s008,6,2001,2000,63.6694402051841,-124.039209987153,2001-06-09,9,674,971,1156,928,295,4,391.624890057738
st_s008,st_s008,8,2001,2000,63.6694402051841,-124.039209987153,2001-08-12,15,938,1225,1422,1337,294,4,670.252920726858
st_s008,st_s008,5,2002,2000,63.6694402051841,-124.039209987153,2002-05-11,130,566,457,367,361,280,4,87.2527174482023
st_s008,st_s008,6,2002,2000,63.6694402051841,-124.039209987153,2002-06-12,16,823,1159,1313,1040,293,4,363.217990634098
st_s008,st_s008,7,2002,2000,63.6694402051841,-124.039209987153,2002-07-30,35,451,479,477,683,283,4,414.725393194375
st_s008,st_s008,5,2003,2000,63.6694402051841,-124.039209987153,2003-05-30,3,677,925,1052,1110,293,4,454.840787691933
st_s008,st_s008,7,2003,2000,63.6694402051841,-124.039209987153,2003-07-17,32,784,1058,1235,1426,297,4,980.543152420585
st_s008,st_s008,5,2004,2000,63.6694402051841,-124.039209987153,2004-05-16,6,752,936,1149,1285,284,4,985.823665836382
st_s008,st_s008,6,2006,2005,63.6694402051841,-124.039209987153,2006-06-07,30,632,912,1153,814,289,4,417.998931252322
st_s008,st_s008,8,2006,2005,63.6694402051841,-124.039209987153,2006-08-10,7,666,878,927,813,292,4,200.917311148292
st_s008,st_s008,8,2007,2005,63.6694402051841,-124.039209987153,2007-08-29,10,444,557,604,526,287,4,218.952887264954
st_s008,st_s008,5,2008,2005,63.6694402051841,-124.039209987153,2008-05-11,12,663,883,1073,1268,285,4,854.987464367491
st_s008,st_s008,7,2008,2005,63.6694402051841,-124.039209987153,2008-07-30,5,501,720,792,728,299,4,248.746172466944
st_s008,st_s008,7,2009,2005,63.6694402051841,-124.039209987153,2009-07-17,11,559,809,857,1086,284,4,329.548839720929
st_s008,st_s008,8,2009,2005,63.6694402051841,-124.039209987153,2009-08-02,11,1257,1617,1802,2174,295,4,2238.62744708836
st_s008,st_s008,6,2010,2010,63.6694402051841,-124.039209987153,2010-06-02,4,620,835,911,786,297,4,248.414615744495
st_s008,st_s008,6,2011,2010,63.6694402051841,-124.039209987153,2011-06-05,1,499,763,790,1003,292,4,184.27722872076
st_s008,st_s008,6,2011,2010,63.6694402051841,-124.039209987153,2011-06-21,30,639,913,1064,1234,295,4,667.17230231341
st_s008,st_s008,8,2011,2010,63.6694402051841,-124.039209987153,2011-08-24,34,765,1088,1273,1223,290,4,653.748205442865
st_s008,st_s008,6,2012,2010,63.6694402051841,-124.039209987153,2012-06-23,22,657,969,1141,959,299,4,390.93431420873
st_s008,st_s008,6,2013,2010,63.6694402051841,-124.039209987153,2013-06-10,2,744,1018,1129,1096,298,4,367.222503634849
st_s008,st_s008,8,2013,2010,63.6694402051841,-124.039209987153,2013-08-13,4,905,1130,1202,1350,297,4,565.666534153435
st_s008,st_s008,8,2013,2010,63.6694402051841,-124.039209987153,2013-08-29,3,523,798,868,1083,287,4,317.08025217234
st_s008,st_s008,8,2015,2015,63.6694402051841,-124.039209987153,2015-08-03,14,509,755,916,868,292,4,425.759181970834
st_s008,st_s008,9,2015,2015,63.6694402051841,-124.039209987153,2015-09-04,13,587,843,1022,1015,283,4,516.398035500385
st_s008,st_s008,5,2016,2015,63.6694402051841,-124.039209987153,2016-05-01,53,1104,1231,1367,1491,275,4,944.04401095378
st_s008,st_s008,6,2016,2015,63.6694402051841,-124.039209987153,2016-06-18,17,487,710,805,657,292,4,258.236688272856
st_s008,st_s008,8,2016,2015,63.6694402051841,-124.039209987153,2016-08-21,13,621,860,921,787,294,4,219.316278330624
st_s008,st_s008,5,2017,2015,63.6694402051841,-124.039209987153,2017-05-20,6,688,1003,1197,1079,289,4,519.497468405211
st_s008,st_s008,6,2017,2015,63.6694402051841,-124.039209987153,2017-06-21,15,665,981,1200,1249,290,4,720.105959646012
st_s008,st_s008,8,2017,2015,63.6694402051841,-124.039209987153,2017-08-08,18,973,1345,1514,1813,298,4,1215.5265126934
st_s008,st_s008,7,2018,2015,63.6694402051841,-124.039209987153,2018-07-10,29,1180,1499,1683,2244,294,4,2919.3091348473
st_s008,st_s008,5,2019,2015,63.6694402051841,-124.039209987153,2019-05-26,25,998,1309,1547,1907,290,4,1879.40012616266
st_s008,st_s008,6,2019,2015,63.6694402051841,-124.039209987153,2019-06-27,41,889,1206,1403,1817,289,4,1760.4587061199
st_s008,st_s008,5,2020,2015,63.6694402051841,-124.039209987153,2020-05-12,51,1050,1327,1493,1839,276,4,1553.50760335842
st_s008,st_s008,5,2020,2015,63.6694402051841,-124.039209987153,2020-05-28,11,861,1114,1255,1539,290,4,992.266316023085
st_s008,st_s008,7,2020,2015,63.6694402051841,-124.039209987153,2020-07-15,42,892,1197,1380,1844,292,4,1857.71595201073
st_s008,st_s008,6,2021,2015,63.6694402051841,-124.039209987153,2021-06-16,36,850,1167,1313,1717,290,4,1353.94451525125
st_s008,st_s008,5,2023,2015,63.6694402051841,-124.039209987153,2023-05-05,12,1039,1266,1452,1743,276,4,1502.26222071275
st_s008,st_s008,5,2000,2000,63.6694402051841,-124.039209987153,2000-05-28,28,482,599,655,528,289,4,214.188742168302
st_s008,st_s008,9,2000,2000,63.6694402051841,-124.039209987153,2000-09-01,35,280,302,299,232,282,4,100.390633725112
st_s008,st_s008,8,2001,2000,63.6694402051841,-124.039209987153,2001-08-03,20,420,582,605,595,291,4,230.607448702347
st_s008,st_s008,7,2002,2000,63.6694402051841,-124.039209987153,2002-07-21,6,709,1061,1265,1164,298,4,501.149819512987
st_s008,st_s008,5,2003,2000,63.6694402051841,-124.039209987153,2003-05-05,28,512,631,813,635,278,4,543.30806069893
st_s008,st_s008,7,2003,2000,63.6694402051841,-124.039209987153,2003-07-24,15,886,1195,1382,1530,297,4,875.978493153112
st_s008,st_s008,8,2003,2000,63.6694402051841,-124.039209987153,2003-08-09,9,928,1207,1376,1278,288,4,541.793104969796
st_s008,st_s008,7,2004,2000,63.6694402051841,-124.039209987153,2004-07-26,7,694,934,1026,1092,292,4,394.475995855219
st_s008,st_s008,6,2005,2005,63.6694402051841,-124.039209987153,2005-06-27,3,940,1266,1371,1166,297,4,339.360171060478
st_s008,st_s008,5,2006,2005,63.6694402051841,-124.039209987153,2006-05-29,1,574,800,953,921,287,4,431.179910909978
st_s008,st_s008,9,2006,2005,63.6694402051841,-124.039209987153,2006-09-02,26,578,864,1027,705,287,4,289.241524603173
st_s008,st_s008,6,2007,2005,63.6694402051841,-124.039209987153,2007-06-01,34,459,576,587,506,295,4,166.094992219226
st_s008,st_s008,6,2007,2005,63.6694402051841,-124.039209987153,2007-06-17,9,751,1020,1119,944,293,4,270.420877681047
st_s008,st_s008,7,2008,2005,63.6694402051841,-124.039209987153,2008-07-21,7,606,869,997,794,298,4,293.341042609014
st_s008,st_s008,6,2009,2005,63.6694402051841,-124.039209987153,2009-06-06,1,635,889,1013,1092,291,4,379.703626023327
st_s008,st_s008,7,2009,2005,63.6694402051841,-124.039209987153,2009-07-08,43,607,870,1076,993,289,4,539.529567206385
st_s008,st_s008,7,2009,2005,63.6694402051841,-124.039209987153,2009-07-24,28,655,985,1142,976,297,4,379.643174311967
st_s008,st_s008,8,2009,2005,63.6694402051841,-124.039209987153,2009-08-09,15,869,1169,1284,1378,294,4,660.286483706515
st_s008,st_s008,5,2010,2010,63.6694402051841,-124.039209987153,2010-05-24,23,548,790,916,678,289,4,268.670584358325
st_s008,st_s008,6,2010,2010,63.6694402051841,-124.039209987153,2010-06-09,10,760,1044,1112,950,294,4,260.238382231316
st_s008,st_s008,5,2011,2010,63.6694402051841,-124.039209987153,2011-05-27,4,648,865,1076,1101,294,4,708.600257206662
st_s008,st_s008,8,2011,2010,63.6694402051841,-124.039209987153,2011-08-31,36,767,1067,1266,1539,285,4,1059.2827302956
st_s008,st_s008,5,2012,2010,63.6694402051841,-124.039209987153,2012-05-13,10,924,1109,1297,1562,282,4,1315.0676244918
st_s008,st_s008,5,2012,2010,63.6694402051841,-124.039209987153,2012-05-29,1,636,879,968,1196,298,4,465.354562445891
st_s008,st_s008,8,2012,2010,63.6694402051841,-124.039209987153,2012-08-17,21,892,1154,1311,1438,291,4,780.806739087777
st_s008,st_s008,5,2013,2010,63.6694402051841,-124.039209987153,2013-05-16,1,716,960,907,1304,286,4,280.347290171923
st_s008,st_s008,8,2013,2010,63.6694402051841,-124.039209987153,2013-08-04,23,819,1127,1256,1131,299,4,442.551522449915
st_s008,st_s008,8,2013,2010,63.6694402051841,-124.039209987153,2013-08-20,27,537,737,793,1257,287,4,742.299787357079
st_s008,st_s008,9,2013,2010,63.6694402051841,-124.039209987153,2013-09-05,18,734,1112,1279,1111,288,4,444.071759006563
st_s008,st_s008,6,2014,2010,63.6694402051841,-124.039209987153,2014-06-04,48,336,437,464,453,288,4,203.829500340599
st_s008,st_s008,7,2014,2010,63.6694402051841,-124.039209987153,2014-07-22,43,630,943,1086,1437,294,4,822.780497201725
st_s008,st_s008,6,2015,2015,63.6694402051841,-124.039209987153,2015-06-07,15,502,752,851,743,294,4,267.434300971964
st_s008,st_s008,6,2015,2015,63.6694402051841,-124.039209987153,2015-06-23,15,719,1032,1125,1004,298,4,323.961180143182
st_s008,st_s008,7,2015,2015,63.6694402051841,-124.039209987153,2015-07-25,20,753,1123,1295,1026,295,4,366.633800912638
st_s008,st_s008,6,2016,2015,63.6694402051841,-124.039209987153,2016-06-25,23,548,850,861,654,295,4,163.94126511433
st_s008,st_s008,7,2016,2015,63.6694402051841,-124.039209987153,2016-07-27,19,722,1016,1136,902,294,4,295.912417842273
st_s008,st_s008,8,2016,2015,63.6694402051841,-124.039209987153,2016-08-12,15,672,949,1060,892,295,4,293.032995517152
st_s008,st_s008,5,2017,2015,63.6694402051841,-124.039209987153,2017-05-11,24,783,1017,1226,1398,280,4,1003.23994935878
st_s008,st_s008,6,2017,2015,63.6694402051841,-124.039209987153,2017-06-28,60,169,199,160,250,294,4,155.21381645589
st_s008,st_s008,7,2017,2015,63.6694402051841,-124.039209987153,2017-07-14,26,886,1248,1425,1479,294,4,782.489239383898
st_s008,st_s008,5,2018,2015,63.6694402051841,-124.039209987153,2018-05-30,5,947,1239,1430,1772,289,4,1476.77096724392
st_s008,st_s008,8,2019,2015,63.6694402051841,-124.039209987153,2019-08-05,19,945,1287,1469,1932,288,4,1729.64464701211
st_s008,st_s008,8,2020,2015,63.6694402051841,-124.039209987153,2020-08-23,30,832,1162,1309,1613,289,4,1122.40605628582
st_s008,st_s008,5,2021,2015,63.6694402051841,-124.039209987153,2021-05-06,27,821,1094,1275,1458,278,4,1010.07662448814
st_s008,st_s008,6,2021,2015,63.6694402051841,-124.039209987153,2021-06-07,25,817,1126,1303,1499,289,4,935.845515974721
st_s008,st_s008,6,2022,2015,63.6694402051841,-124.039209987153,2022-06-23,21,916,1212,1372,1834,293,4,1630.71730513151
st_s008,st_s008,6,2023,2015,63.6694402051841,-124.039209987153,2023-06-28,21,903,1206,1424,1769,295,4,1553.52518018027
st_s008,st_s008,5,2014,2010,63.6694402051841,-124.039209987153,2014-05-13,33,537,794,992,708,292,4,362.816625781776
st_s008,st_s008,5,2024,2015,63.6694402051841,-124.039209987153,2024-05-08,31,843,1101,1274,1589,286,4,1337.34407625255
st_s008,st_s008,5,2013,2010,63.6694402051841,-124.039209987153,2013-05-26,2,386,683,777,900,286,4,253.889305612699
st_s008,st_s008,6,2013,2010,63.6694402051841,-124.039209987153,2013-06-11,18,741,1075,1214,745,297,4,250.8113954458
st_s008,st_s008,6,2013,2010,63.6694402051841,-124.039209987153,2013-06-27,10,835,1144,1274,1217,304,4,501.128533551818
st_s008,st_s008,7,2013,2010,63.6694402051841,-124.039209987153,2013-07-13,7,518,807,883,900,283,4,282.001132561688
st_s008,st_s008,7,2013,2010,63.6694402051841,-124.039209987153,2013-07-29,16,768,1065,1139,795,299,4,193.782206760843
st_s008,st_s008,8,2013,2010,63.6694402051841,-124.039209987153,2013-08-30,30,574,901,1054,598,290,4,228.562583501358
st_s008,st_s008,5,2014,2010,63.6694402051841,-124.039209987153,2014-05-13,32,557,800,995,695,292,4,359.247875472801
st_s008,st_s008,6,2014,2010,63.6694402051841,-124.039209987153,2014-06-14,2,265,427,416,367,292,4,97.2307325953137
st_s008,st_s008,6,2014,2010,63.6694402051841,-124.039209987153,2014-06-30,10,715,993,1070,646,303,4,171.441311792787
st_s008,st_s008,7,2014,2010,63.6694402051841,-124.039209987153,2014-07-16,13,829,1119,1214,976,295,4,324.985862222119
st_s008,st_s008,8,2014,2010,63.6694402051841,-124.039209987153,2014-08-01,6,577,903,1081,1020,290,4,444.768902235112
st_s008,st_s008,5,2015,2015,63.6694402051841,-124.039209987153,2015-05-16,29,537,810,999,635,286,4,311.552640587743
st_s008,st_s008,8,2015,2015,63.6694402051841,-124.039209987153,2015-08-04,32,559,866,1015,694,297,4,275.20407949682
st_s008,st_s008,8,2015,2015,63.6694402051841,-124.039209987153,2015-08-20,4,744,1105,1260,760,289,4,301.790563171492
st_s008,st_s008,6,2016,2015,63.6694402051841,-124.039209987153,2016-06-19,2,381,683,732,664,296,4,152.904203502033
st_s008,st_s008,8,2016,2015,63.6694402051841,-124.039209987153,2016-08-22,9,658,953,1027,604,297,4,165.36886763591
st_s008,st_s008,5,2017,2015,63.6694402051841,-124.039209987153,2017-05-05,5,399,1020,1138,1305,275,4,167.096127100981
st_s008,st_s008,6,2017,2015,63.6694402051841,-124.039209987153,2017-06-06,35,613,913,1082,788,293,4,332.364615273564
st_s008,st_s008,7,2017,2015,63.6694402051841,-124.039209987153,2017-07-08,4,753,1075,1242,1319,300,4,780.41010282626
st_s008,st_s008,8,2017,2015,63.6694402051841,-124.039209987153,2017-08-25,18,879,1219,1388,1450,292,4,840.567110120472
st_s008,st_s008,5,2020,2015,63.6694402051841,-124.039209987153,2020-05-29,35,868,1162,1337,1425,294,4,929.805847789767
st_s008,st_s008,8,2020,2015,63.6694402051841,-124.039209987153,2020-08-01,3,859,1145,1265,1734,302,4,1365.62553712579
st_s008,st_s008,6,2021,2015,63.6694402051841,-124.039209987153,2021-06-17,4,750,1025,1140,1649,291,4,1172.0967863848
st_s008,st_s008,8,2021,2015,63.6694402051841,-124.039209987153,2021-08-20,20,856,1154,1305,1671,290,4,1473.52371949374
st_s008,st_s008,5,2022,2015,63.6694402051841,-124.039209987153,2022-05-19,31,888,1161,1342,1567,287,4,1325.1203411961
st_s008,st_s008,6,2022,2015,63.6694402051841,-124.039209987153,2022-06-20,5,872,1164,1306,1734,298,4,1581.53919914048
st_s008,st_s008,7,2022,2015,63.6694402051841,-124.039209987153,2022-07-22,4,853,1149,1281,1602,300,4,1047.97113490399
st_s008,st_s008,5,2023,2015,63.6694402051841,-124.039209987153,2023-05-22,3,829,1122,1263,1653,291,4,1136.25276339645
st_s008,st_s008,5,2024,2015,63.6694402051841,-124.039209987153,2024-05-08,31,861,1104,1275,1588,286,4,1374.38040976334
st_s008,st_s008,6,2024,2015,63.6694402051841,-124.039209987153,2024-06-09,20,847,1117,1257,1596,295,4,1151.57251640607
st_s008,st_s008,7,2013,2010,63.6694402051841,-124.039209987153,2013-07-20,24,968,1335,1495,1424,297,4,695.315628800318
st_s008,st_s008,8,2013,2010,63.6694402051841,-124.039209987153,2013-08-05,10,665,1016,1095,821,301,4,237.496764398916
st_s008,st_s008,9,2013,2010,63.6694402051841,-124.039209987153,2013-09-06,22,747,1120,1285,873,291,4,314.761700159406
st_s008,st_s008,5,2014,2010,63.6694402051841,-124.039209987153,2014-05-04,29,477,730,927,735,280,4,391.775322658343
st_s008,st_s008,6,2014,2010,63.6694402051841,-124.039209987153,2014-06-05,24,484,766,914,555,291,4,256.108776459881
st_s008,st_s008,7,2014,2010,63.6694402051841,-124.039209987153,2014-07-07,3,590,972,1015,1013,301,4,234.731021579134
st_s008,st_s008,7,2014,2010,63.6694402051841,-124.039209987153,2014-07-23,33,625,941,1125,944,297,4,425.366021355799
st_s008,st_s008,5,2015,2015,63.6694402051841,-124.039209987153,2015-05-23,3,486,768,860,636,296,4,218.578435563191
st_s008,st_s008,6,2015,2015,63.6694402051841,-124.039209987153,2015-06-24,14,705,1033,1122,815,298,4,223.465814340694
st_s008,st_s008,7,2015,2015,63.6694402051841,-124.039209987153,2015-07-26,19,905,1260,1404,1284,297,4,506.714250815291
st_s008,st_s008,5,2016,2015,63.6694402051841,-124.039209987153,2016-05-09,45,551,826,1027,764,284,4,378.445337078106
st_s008,st_s008,5,2016,2015,63.6694402051841,-124.039209987153,2016-05-25,3,473,937,1066,610,291,4,186.741354219811
st_s008,st_s008,6,2016,2015,63.6694402051841,-124.039209987153,2016-06-10,60,83,126,95,150,298,4,31.2378242529421
st_s008,st_s008,6,2016,2015,63.6694402051841,-124.039209987153,2016-06-26,2,494,882,963,1237,287,4,287.394381813061
st_s008,st_s008,7,2016,2015,63.6694402051841,-124.039209987153,2016-07-12,10,831,1176,1287,874,301,4,234.365177540804
st_s008,st_s008,7,2016,2015,63.6694402051841,-124.039209987153,2016-07-28,18,734,1056,1168,746,301,4,221.21239676255
st_s008,st_s008,8,2016,2015,63.6694402051841,-124.039209987153,2016-08-13,17,528,799,867,589,299,4,168.197078773915
st_s008,st_s008,5,2017,2015,63.6694402051841,-124.039209987153,2017-05-12,52,651,909,1106,1221,284,4,788.435703008116
st_s008,st_s008,5,2017,2015,63.6694402051841,-124.039209987153,2017-05-28,30,627,939,1111,785,295,4,316.31493178021
st_s008,st_s008,7,2017,2015,63.6694402051841,-124.039209987153,2017-07-15,41,383,509,537,710,294,4,326.465529900353
st_s008,st_s008,7,2017,2015,63.6694402051841,-124.039209987153,2017-07-31,35,876,1205,1379,1477,295,4,964.025209979762
st_s008,st_s008,5,2018,2015,63.6694402051841,-124.039209987153,2018-05-31,27,960,1239,1393,1757,292,4,1522.4278169966
st_s008,st_s008,8,2020,2015,63.6694402051841,-124.039209987153,2020-08-08,5,802,1260,1444,2014,282,4,1605.29490359865
st_s008,st_s008,6,2021,2015,63.6694402051841,-124.039209987153,2021-06-08,25,751,1037,1180,1304,291,4,642.909189062351
st_s008,st_s008,8,2021,2015,63.6694402051841,-124.039209987153,2021-08-11,34,967,1242,1394,1794,292,4,1734.86618427367
st_s008,st_s008,8,2021,2015,63.6694402051841,-124.039209987153,2021-08-27,20,929,1220,1372,1695,293,4,1212.20426543541
st_s008,st_s008,5,2022,2015,63.6694402051841,-124.039209987153,2022-05-10,5,872,1170,1345,1629,280,4,1282.00326548242
st_s008,st_s008,6,2022,2015,63.6694402051841,-124.039209987153,2022-06-27,22,967,1252,1401,1718,298,4,1273.32153899918
st_s008,st_s008,5,2023,2015,63.6694402051841,-124.039209987153,2023-05-13,38,991,1312,1511,1822,291,4,1729.17254927375
st_s008,st_s008,7,2013,2010,63.6694402051841,-124.039209987153,2013-07-20,20,985,1335,1479,1415,297,4,675.64650193068
st_s008,st_s008,8,2013,2010,63.6694402051841,-124.039209987153,2013-08-05,4,652,950,1047,863,302,4,258.565498038511
st_s008,st_s008,9,2013,2010,63.6694402051841,-124.039209987153,2013-09-06,21,730,1106,1278,873,291,4,321.663698954483
st_s008,st_s008,5,2014,2010,63.6694402051841,-124.039209987153,2014-05-04,19,487,732,935,721,281,4,397.739873205591
st_s008,st_s008,6,2014,2010,63.6694402051841,-124.039209987153,2014-06-05,16,477,783,934,538,291,4,229.849894362392
st_s008,st_s008,7,2014,2010,63.6694402051841,-124.039209987153,2014-07-23,36,631,938,1120,950,297,4,435.451180009188
st_s008,st_s008,5,2015,2015,63.6694402051841,-124.039209987153,2015-05-23,3,498,795,876,713,296,4,215.373745600951
st_s008,st_s008,6,2015,2015,63.6694402051841,-124.039209987153,2015-06-24,12,721,1034,1120,796,298,4,215.638792720599
st_s008,st_s008,7,2015,2015,63.6694402051841,-124.039209987153,2015-07-26,9,880,1270,1421,1280,297,4,521.502968820289
st_s008,st_s008,5,2016,2015,63.6694402051841,-124.039209987153,2016-05-09,47,554,822,1023,768,284,4,385.15078536118
st_s008,st_s008,5,2016,2015,63.6694402051841,-124.039209987153,2016-05-25,2,505,913,980,516,292,4,152.05090510486
st_s008,st_s008,6,2016,2015,63.6694402051841,-124.039209987153,2016-06-10,64,99,143,103,158,298,4,31.4916969275236
st_s008,st_s008,7,2016,2015,63.6694402051841,-124.039209987153,2016-07-28,18,735,1066,1170,718,301,4,205.451756771899
st_s008,st_s008,8,2016,2015,63.6694402051841,-124.039209987153,2016-08-13,13,528,807,861,608,299,4,160.313214395026
st_s008,st_s008,5,2017,2015,63.6694402051841,-124.039209987153,2017-05-12,52,654,910,1104,1221,284,4,790.50345857138
st_s008,st_s008,5,2017,2015,63.6694402051841,-124.039209987153,2017-05-28,30,638,936,1108,780,295,4,319.934651909359
st_s008,st_s008,7,2017,2015,63.6694402051841,-124.039209987153,2017-07-15,43,383,510,533,704,295,4,310.768998544626
st_s008,st_s008,7,2017,2015,63.6694402051841,-124.039209987153,2017-07-31,35,880,1210,1389,1474,295,4,964.988780402351
st_s008,st_s008,5,2018,2015,63.6694402051841,-124.039209987153,2018-05-31,27,956,1235,1387,1754,292,4,1518.92718521585
st_s008,st_s008,8,2020,2015,63.6694402051841,-124.039209987153,2020-08-08,4,902,1338,1513,1915,279,4,1698.46000010224
st_s008,st_s008,6,2021,2015,63.6694402051841,-124.039209987153,2021-06-08,15,705,1025,1179,1302,291,4,610.529275091918
st_s008,st_s008,8,2021,2015,63.6694402051841,-124.039209987153,2021-08-11,34,943,1233,1387,1791,292,4,1690.42093662912
st_s008,st_s008,8,2021,2015,63.6694402051841,-124.039209987153,2021-08-27,21,902,1208,1373,1693,293,4,1193.48240676037
st_s008,st_s008,5,2022,2015,63.6694402051841,-124.039209987153,2022-05-10,5,823,1123,1294,1645,280,4,1221.7814466052
st_s008,st_s008,6,2022,2015,63.6694402051841,-124.039209987153,2022-06-27,22,940,1230,1389,1716,298,4,1300.89938902385
st_s008,st_s008,5,2023,2015,63.6694402051841,-124.039209987153,2023-05-13,30,977,1299,1498,1819,291,4,1770.45688884767
st_s008,st_s008,6,2013,2010,63.6694402051841,-124.039209987153,2013-06-25,19,911,1308,1508,1290,301,4,510.532999768195
st_s008,st_s008,8,2013,2010,63.6694402051841,-124.039209987153,2013-08-12,6,740,1062,1128,789,301,4,186.10487614177
st_s008,st_s008,8,2013,2010,63.6694402051841,-124.039209987153,2013-08-28,35,527,860,1042,681,285,4,280.007604214197
st_s008,st_s008,5,2014,2010,63.6694402051841,-124.039209987153,2014-05-27,41,676,972,1158,1453,288,4,976.678657456298
st_s008,st_s008,6,2014,2010,63.6694402051841,-124.039209987153,2014-06-28,19,617,944,1049,685,304,4,204.218616453463
st_s008,st_s008,7,2014,2010,63.6694402051841,-124.039209987153,2014-07-14,18,620,967,1069,742,301,4,211.296492787338
st_s008,st_s008,8,2014,2010,63.6694402051841,-124.039209987153,2014-08-15,28,791,1161,1320,1178,297,4,482.411868997056
st_s008,st_s008,5,2015,2015,63.6694402051841,-124.039209987153,2015-05-14,19,614,931,1158,902,290,4,433.522091812956
st_s008,st_s008,9,2015,2015,63.6694402051841,-124.039209987153,2015-09-03,46,499,839,1018,803,281,4,314.170481728978
st_s008,st_s008,6,2016,2015,63.6694402051841,-124.039209987153,2016-06-01,3,476,793,872,863,289,4,215.740668332981
st_s008,st_s008,6,2016,2015,63.6694402051841,-124.039209987153,2016-06-17,21,511,788,908,550,289,4,228.874592609701
st_s008,st_s008,8,2016,2015,63.6694402051841,-124.039209987153,2016-08-20,12,534,858,904,561,296,4,131.352535232156
st_s008,st_s008,9,2016,2015,63.6694402051841,-124.039209987153,2016-09-05,25,388,672,773,479,289,4,198.108583411337
st_s008,st_s008,5,2017,2015,63.6694402051841,-124.039209987153,2017-05-19,29,454,848,1113,1005,281,4,400.440193391939
st_s008,st_s008,6,2017,2015,63.6694402051841,-124.039209987153,2017-06-20,49,692,1044,1249,1129,294,4,528.783360423736
st_s008,st_s008,7,2017,2015,63.6694402051841,-124.039209987153,2017-07-06,6,633,1015,1176,1422,294,4,721.486671504561
st_s008,st_s008,8,2017,2015,63.6694402051841,-124.039209987153,2017-08-07,19,958,1303,1479,1788,298,4,1356.72705399874
st_s008,st_s008,6,2018,2015,63.6694402051841,-124.039209987153,2018-06-07,25,951,1261,1432,1797,293,4,1526.06420176865
st_s008,st_s008,5,2019,2015,63.6694402051841,-124.039209987153,2019-05-25,28,840,1166,1326,1675,295,4,1235.48959380347
st_s008,st_s008,6,2019,2015,63.6694402051841,-124.039209987153,2019-06-10,32,955,1288,1463,1923,291,4,1831.57186697082
st_s008,st_s008,5,2020,2015,63.6694402051841,-124.039209987153,2020-05-11,54,857,1175,1354,1634,285,4,1309.26986515971
st_s008,st_s008,6,2020,2015,63.6694402051841,-124.039209987153,2020-06-12,35,907,1210,1378,1706,296,4,1431.40017443442
st_s008,st_s008,6,2020,2015,63.6694402051841,-124.039209987153,2020-06-28,40,905,1253,1461,1787,293,4,1582.33712310818
st_s008,st_s008,7,2020,2015,63.6694402051841,-124.039209987153,2020-07-30,11,225,532,317,1057,295,4,37.0084472508158
st_s008,st_s008,5,2021,2015,63.6694402051841,-124.039209987153,2021-05-30,21,716,1088,1295,1233,289,4,584.821409404188
st_s008,st_s008,6,2021,2015,63.6694402051841,-124.039209987153,2021-06-15,41,1052,1436,1652,2044,291,4,2215.00478887216
st_s008,st_s008,7,2021,2015,63.6694402051841,-124.039209987153,2021-07-01,3,528,780,817,1498,294,4,584.152459538765
st_s008,st_s008,7,2021,2015,63.6694402051841,-124.039209987153,2021-07-17,20,882,1216,1379,1775,295,4,1359.61870931662
st_s008,st_s008,6,2022,2015,63.6694402051841,-124.039209987153,2022-06-02,28,895,1222,1376,1726,297,4,1310.07839105261
st_s008,st_s008,6,2022,2015,63.6694402051841,-124.039209987153,2022-06-18,41,900,1234,1383,1817,296,4,1546.89108999118
st_s008,st_s008,7,2022,2015,63.6694402051841,-124.039209987153,2022-07-04,14,875,1171,1352,1730,299,4,1366.71076855894
st_s008,st_s008,5,2023,2015,63.6694402051841,-124.039209987153,2023-05-04,4,379,624,695,1029,279,4,354.643602932187
st_s008,st_s008,6,2023,2015,63.6694402051841,-124.039209987153,2023-06-21,3,640,860,931,1426,291,4,932.182746916224
st_s008,st_s008,7,2023,2015,63.6694402051841,-124.039209987153,2023-07-07,15,881,1207,1353,1710,304,4,1164.44789518742
st_s008,st_s008,5,2024,2015,63.6694402051841,-124.039209987153,2024-05-22,22,892,1173,1337,1687,291,4,1321.61434983137
st_s008,st_s008,5,2022,2015,63.6694402051841,-124.039209987153,2022-05-11,5,840,1158,1309,1604,282,4,1211.63296680967
st_s008,st_s008,5,2023,2015,63.6694402051841,-124.039209987153,2023-05-14,36,868,1139,1306,1586,291,4,1301.76944938623
st_s008,st_s008,6,2024,2015,63.6694402051841,-124.039209987153,2024-06-01,34,912,1182,1329,1742,293,4,1501.55109668106
st_s008,st_s008,6,2024,2015,63.6694402051841,-124.039209987153,2024-06-17,6,810,1108,1278,1570,295,4,1040.19004643549
st_s008,st_s008,5,2022,2015,63.6694402051841,-124.039209987153,2022-05-11,6,856,1135,1301,1582,281,4,1311.16487189611
st_s008,st_s008,5,2023,2015,63.6694402051841,-124.039209987153,2023-05-14,20,846,1127,1294,1587,291,4,1309.33753503383
st_s008,st_s008,6,2024,2015,63.6694402051841,-124.039209987153,2024-06-01,29,888,1171,1319,1739,293,4,1443.31515517477
st_s008,st_s008,6,2022,2015,63.6694402051841,-124.039209987153,2022-06-19,11,875,1202,1349,1802,296,4,1619.96466299742
st_s008,st_s008,5,2023,2015,63.6694402051841,-124.039209987153,2023-05-05,6,713,1057,1228,1537,282,4,1016.25633971056
st_s008,st_s008,7,2023,2015,63.6694402051841,-124.039209987153,2023-07-08,14,890,1171,1336,1676,307,4,1227.96861321947
st_s008,st_s008,5,2024,2015,63.6694402051841,-124.039209987153,2024-05-23,14,946,1226,1392,1811,292,4,1564.84182136798
st_s008,st_s008,6,2022,2015,63.6694402051841,-124.039209987153,2022-06-19,35,905,1212,1353,1811,296,4,1683.65270038766
st_s008,st_s008,7,2022,2015,63.6694402051841,-124.039209987153,2022-07-21,14,927,1208,1354,1700,300,4,1192.9402286138
st_s008,st_s008,5,2023,2015,63.6694402051841,-124.039209987153,2023-05-05,5,730,1069,1233,1539,283,4,1036.33614308171
st_s008,st_s008,7,2023,2015,63.6694402051841,-124.039209987153,2023-07-08,13,899,1190,1340,1675,307,4,1151.18446948386
st_s008,st_s008,5,2024,2015,63.6694402051841,-124.039209987153,2024-05-23,15,936,1233,1390,1812,292,4,1471.39839667587
st_s008,st_s008,6,2022,2015,63.6694402051841,-124.039209987153,2022-06-26,15,1019,1356,1524,1885,295,4,1622.90135929767
st_s008,st_s008,5,2023,2015,63.6694402051841,-124.039209987153,2023-05-12,11,807,1113,1267,1608,291,4,1206.29298124312
st_s008,st_s008,6,2023,2015,63.6694402051841,-124.039209987153,2023-06-29,21,815,1131,1293,1736,302,4,1358.48381264869
st_s008_ref,st_s008_ref,7,1984,1990,63.5575502052326,-124.154949987235,1984-07-29,32,533,850,963,1288,291,2,400.99329726185
st_s008_ref,st_s008_ref,8,1984,1990,63.5575502052326,-124.154949987235,1984-08-14,43,566,847,972,1134,282,2,388.084407670055
st_s008_ref,st_s008_ref,7,1985,1990,63.5575502052326,-124.154949987235,1985-07-16,9,338,503,546,445,293,2,147.976434066407
st_s008_ref,st_s008_ref,6,1986,1990,63.5575502052326,-124.154949987235,1986-06-17,4,291,500,539,476,298,2,150.224020100669
st_s008_ref,st_s008_ref,7,1988,1990,63.5575502052326,-124.154949987235,1988-07-08,35,727,1037,1132,1555,290,2,413.632665886899
st_s008_ref,st_s008_ref,7,1988,1990,63.5575502052326,-124.154949987235,1988-07-24,16,752,1160,1321,1105,290,2,316.683283229325
st_s008_ref,st_s008_ref,8,1988,1990,63.5575502052326,-124.154949987235,1988-08-09,9,580,842,988,847,291,2,335.915459873373
st_s008_ref,st_s008_ref,8,1988,1990,63.5575502052326,-124.154949987235,1988-08-25,15,551,878,966,736,289,2,207.587496406267
st_s008_ref,st_s008_ref,8,1989,1990,63.5575502052326,-124.154949987235,1989-08-12,7,537,745,727,709,300,2,95.8727154139332
st_s008_ref,st_s008_ref,5,1990,1990,63.5575502052326,-124.154949987235,1990-05-11,50,264,324,345,368,281,2,192.650570001263
st_s008_ref,st_s008_ref,5,1990,1990,63.5575502052326,-124.154949987235,1990-05-27,20,479,724,891,715,290,2,362.67423839178
st_s008_ref,st_s008_ref,6,1990,1990,63.5575502052326,-124.154949987235,1990-06-12,9,473,727,856,724,285,2,247.623114616103
st_s008_ref,st_s008_ref,7,1990,1990,63.5575502052326,-124.154949987235,1990-07-30,9,522,777,833,726,294,2,166.218724863497
st_s008_ref,st_s008_ref,8,1990,1990,63.5575502052326,-124.154949987235,1990-08-31,36,596,859,1050,1033,284,2,487.262964859337
st_s008_ref,st_s008_ref,7,1991,1990,63.5575502052326,-124.154949987235,1991-07-01,1,338,583,614,580,300,2,127.201409678552
st_s008_ref,st_s008_ref,8,1991,1990,63.5575502052326,-124.154949987235,1991-08-02,25,472,775,944,837,294,2,429.416967331959
st_s008_ref,st_s008_ref,7,1992,1990,63.5575502052326,-124.154949987235,1992-07-19,9,410,662,707,720,296,2,133.954096146045
st_s008_ref,st_s008_ref,7,1993,1990,63.5575502052326,-124.154949987235,1993-07-06,4,516,612,587,867,294,2,81.4421520322333
st_s008_ref,st_s008_ref,5,1994,1990,63.5575502052326,-124.154949987235,1994-05-22,11,441,534,677,582,292,2,554.960139377407
st_s008_ref,st_s008_ref,7,1994,1990,63.5575502052326,-124.154949987235,1994-07-25,5,591,715,667,1013,300,2,93.3457805162066
st_s008_ref,st_s008_ref,8,1994,1990,63.5575502052326,-124.154949987235,1994-08-26,1,511,696,709,667,294,2,107.309527418013
st_s008_ref,st_s008_ref,5,1995,1995,63.5575502052326,-124.154949987235,1995-05-09,13,337,427,545,501,290,2,550.639417356701
st_s008_ref,st_s008_ref,6,1995,1995,63.5575502052326,-124.154949987235,1995-06-10,1,563,618,630,1031,306,2,162.239218837065
st_s008_ref,st_s008_ref,7,1999,1995,63.5575502052326,-124.154949987235,1999-07-07,7,694,851,816,843,294,2,91.7512768300153
st_s008_ref,st_s008_ref,7,2003,2000,63.5575502052326,-124.154949987235,2003-07-02,2,546,747,799,670,299,2,167.365981555924
st_s008_ref,st_s008_ref,9,2003,2000,63.5575502052326,-124.154949987235,2003-09-04,3,545,601,682,596,295,2,307.034005351786
st_s008_ref,st_s008_ref,5,2005,2005,63.5575502052326,-124.154949987235,2005-05-04,38,790,975,1123,1074,284,2,392.204578646282
st_s008_ref,st_s008_ref,7,2005,2005,63.5575502052326,-124.154949987235,2005-07-07,5,437,585,601,524,302,2,110.443634954279
st_s008_ref,st_s008_ref,6,2006,2005,63.5575502052326,-124.154949987235,2006-06-08,21,447,674,777,546,297,2,239.233016746364
st_s008_ref,st_s008_ref,8,2006,2005,63.5575502052326,-124.154949987235,2006-08-11,1,443,528,560,508,298,2,166.130035656701
st_s008_ref,st_s008_ref,6,2007,2005,63.5575502052326,-124.154949987235,2007-06-27,28,745,882,749,1258,298,2,51.2481873557387
st_s008_ref,st_s008_ref,8,2007,2005,63.5575502052326,-124.154949987235,2007-08-30,4,443,606,631,555,290,2,155.667817447995
st_s008_ref,st_s008_ref,5,2008,2005,63.5575502052326,-124.154949987235,2008-05-12,13,679,907,1008,1126,286,2,386.010273061776
st_s008_ref,st_s008_ref,7,2008,2005,63.5575502052326,-124.154949987235,2008-07-15,13,474,675,678,652,298,2,104.648640688005
st_s008_ref,st_s008_ref,7,2009,2005,63.5575502052326,-124.154949987235,2009-07-18,5,381,626,599,583,295,2,87.9843768480062
st_s008_ref,st_s008_ref,8,2010,2010,63.5575502052326,-124.154949987235,2010-08-06,7,761,1011,889,1246,300,2,59.119226330044
st_s008_ref,st_s008_ref,7,2011,2010,63.5575502052326,-124.154949987235,2011-07-08,5,688,1068,1220,937,298,2,295.606245211315
st_s008_ref,st_s008_ref,7,2011,2010,63.5575502052326,-124.154949987235,2011-07-24,25,464,771,870,687,297,2,200.71795447868
st_s008_ref,st_s008_ref,8,2011,2010,63.5575502052326,-124.154949987235,2011-08-25,18,502,662,767,571,291,2,247.888926826767
st_s008_ref,st_s008_ref,8,1985,1990,63.5575502052326,-124.154949987235,1985-08-08,10,322,485,565,470,292,2,264.315403030072
st_s008_ref,st_s008_ref,7,1986,1990,63.5575502052326,-124.154949987235,1986-07-10,17,407,664,725,705,302,2,194.505394981476
st_s008_ref,st_s008_ref,8,1987,1990,63.5575502052326,-124.154949987235,1987-08-14,12,380,617,636,490,293,2,92.5226728059889
st_s008_ref,st_s008_ref,5,1988,1990,63.5575502052326,-124.154949987235,1988-05-12,26,378,552,690,537,286,2,314.059164763573
st_s008_ref,st_s008_ref,6,1988,1990,63.5575502052326,-124.154949987235,1988-06-13,26,362,600,729,574,292,2,265.184787988698
st_s008_ref,st_s008_ref,9,1988,1990,63.5575502052326,-124.154949987235,1988-09-01,15,566,873,906,744,290,2,146.062906072429
st_s008_ref,st_s008_ref,6,1990,1990,63.5575502052326,-124.154949987235,1990-06-03,8,375,598,693,561,293,2,203.463692311728
st_s008_ref,st_s008_ref,7,1990,1990,63.5575502052326,-124.154949987235,1990-07-05,16,497,794,959,814,294,2,358.03816453819
st_s008_ref,st_s008_ref,5,1991,1990,63.5575502052326,-124.154949987235,1991-05-05,34,633,861,1003,1245,283,2,524.024046854823
st_s008_ref,st_s008_ref,5,1991,1990,63.5575502052326,-124.154949987235,1991-05-21,139,343,394,329,510,280,2,43.4807497797946
st_s008_ref,st_s008_ref,6,1991,1990,63.5575502052326,-124.154949987235,1991-06-22,3,434,606,710,607,301,2,251.693829659091
st_s008_ref,st_s008_ref,7,1991,1990,63.5575502052326,-124.154949987235,1991-07-08,3,444,605,637,608,297,2,146.125957053698
st_s008_ref,st_s008_ref,7,1991,1990,63.5575502052326,-124.154949987235,1991-07-24,2,482,700,808,1071,299,2,367.908810166722
st_s008_ref,st_s008_ref,5,1992,1990,63.5575502052326,-124.154949987235,1992-05-23,49,788,999,1083,1405,284,2,382.275472525338
st_s008_ref,st_s008_ref,7,1992,1990,63.5575502052326,-124.154949987235,1992-07-10,7,458,655,761,756,296,2,331.109995060085
st_s008_ref,st_s008_ref,7,1992,1990,63.5575502052326,-124.154949987235,1992-07-26,18,449,718,869,827,292,2,363.008095921709
st_s008_ref,st_s008_ref,5,1993,1990,63.5575502052326,-124.154949987235,1993-05-26,4,469,668,776,712,288,2,313.358849102595
st_s008_ref,st_s008_ref,6,1993,1990,63.5575502052326,-124.154949987235,1993-06-11,35,667,913,972,1106,288,2,262.546140188228
st_s008_ref,st_s008_ref,8,1993,1990,63.5575502052326,-124.154949987235,1993-08-14,17,403,608,717,589,289,2,352.890949238352
st_s008_ref,st_s008_ref,6,1994,1990,63.5575502052326,-124.154949987235,1994-06-14,15,356,549,673,535,291,2,329.526658432246
st_s008_ref,st_s008_ref,7,1994,1990,63.5575502052326,-124.154949987235,1994-07-16,9,345,531,601,557,302,2,236.289502806732
st_s008_ref,st_s008_ref,8,1994,1990,63.5575502052326,-124.154949987235,1994-08-01,5,635,760,692,1001,298,2,89.5945646952444
st_s008_ref,st_s008_ref,9,1995,1995,63.5575502052326,-124.154949987235,1995-09-05,29,414,674,823,558,281,2,265.563690672309
st_s008_ref,st_s008_ref,5,1996,1995,63.5575502052326,-124.154949987235,1996-05-18,36,811,951,1046,1037,282,2,362.00143638871
st_s008_ref,st_s008_ref,6,1996,1995,63.5575502052326,-124.154949987235,1996-06-19,2,332,465,471,571,302,2,113.202825143774
st_s008_ref,st_s008_ref,5,1997,1995,63.5575502052326,-124.154949987235,1997-05-21,18,659,973,1071,1007,284,2,245.97671368086
st_s008_ref,st_s008_ref,8,1997,1995,63.5575502052326,-124.154949987235,1997-08-25,5,596,915,983,903,286,2,176.82519331757
st_s008_ref,st_s008_ref,5,1998,1995,63.5575502052326,-124.154949987235,1998-05-08,7,529,766,856,704,289,2,214.644284119744
st_s008_ref,st_s008_ref,5,1998,1995,63.5575502052326,-124.154949987235,1998-05-24,5,406,571,628,543,299,2,168.255755427838
st_s008_ref,st_s008_ref,6,1998,1995,63.5575502052326,-124.154949987235,1998-06-09,8,348,541,601,479,305,2,173.450785036129
st_s008_ref,st_s008_ref,6,1998,1995,63.5575502052326,-124.154949987235,1998-06-25,29,306,355,344,338,290,2,90.0580447526532
st_s008_ref,st_s008_ref,8,1998,1995,63.5575502052326,-124.154949987235,1998-08-28,4,551,762,798,637,292,2,142.680048040683
st_s008_ref,st_s008_ref,5,1999,1995,63.5575502052326,-124.154949987235,1999-05-11,43,815,1090,1165,1223,281,2,306.399229885114
st_s008_ref,st_s008_ref,6,1999,1995,63.5575502052326,-124.154949987235,1999-06-12,17,495,751,869,651,297,2,234.235739222499
st_s008_ref,st_s008_ref,7,1999,1995,63.5575502052326,-124.154949987235,1999-07-30,36,858,1215,1340,1439,289,2,386.695727914883
st_s008_ref,st_s008_ref,8,1999,1995,63.5575502052326,-124.154949987235,1999-08-15,10,435,670,704,571,301,2,111.235278384674
st_s008_ref,st_s008_ref,8,2003,2000,63.5575502052326,-124.154949987235,2003-08-10,2,410,556,582,547,295,2,170.642035694473
st_s008_ref,st_s008_ref,8,2003,2000,63.5575502052326,-124.154949987235,2003-08-26,7,448,607,673,550,295,2,199.664059161451
st_s008_ref,st_s008_ref,5,2004,2000,63.5575502052326,-124.154949987235,2004-05-24,5,580,787,831,841,292,2,173.110712917436
st_s008_ref,st_s008_ref,6,2004,2000,63.5575502052326,-124.154949987235,2004-06-09,12,519,715,740,573,298,2,108.48702556428
st_s008_ref,st_s008_ref,6,2005,2005,63.5575502052326,-124.154949987235,2005-06-12,5,377,567,617,598,300,2,188.802476311637
st_s008_ref,st_s008_ref,8,2005,2005,63.5575502052326,-124.154949987235,2005-08-15,3,473,672,718,632,294,2,148.03344899544
st_s008_ref,st_s008_ref,6,2006,2005,63.5575502052326,-124.154949987235,2006-06-15,4,374,570,610,552,302,2,170.391172461394
st_s008_ref,st_s008_ref,7,2006,2005,63.5575502052326,-124.154949987235,2006-07-01,20,515,747,915,729,299,2,326.571094915309
st_s008_ref,st_s008_ref,6,2007,2005,63.5575502052326,-124.154949987235,2007-06-18,4,420,650,686,631,298,2,160.000711859767
st_s008_ref,st_s008_ref,9,2007,2005,63.5575502052326,-124.154949987235,2007-09-06,4,702,731,741,732,288,2,105.245404225871
st_s008_ref,st_s008_ref,5,2008,2005,63.5575502052326,-124.154949987235,2008-05-03,3,1539,1837,1945,1537,276,2,266.05181038209
st_s008_ref,st_s008_ref,7,2008,2005,63.5575502052326,-124.154949987235,2008-07-22,6,427,590,644,641,302,2,175.955314512551
st_s008_ref,st_s008_ref,5,2009,2005,63.5575502052326,-124.154949987235,2009-05-22,2,487,695,757,974,292,2,237.082342246053
st_s008_ref,st_s008_ref,7,2009,2005,63.5575502052326,-124.154949987235,2009-07-09,20,454,736,813,688,292,2,199.140206455343
st_s008_ref,st_s008_ref,7,2009,2005,63.5575502052326,-124.154949987235,2009-07-25,4,498,706,723,701,298,2,128.692225218338
st_s008_ref,st_s008_ref,6,2010,2010,63.5575502052326,-124.154949987235,2010-06-10,15,180,231,172,425,297,2,16.6081180678076
st_s008_ref,st_s008_ref,7,2010,2010,63.5575502052326,-124.154949987235,2010-07-28,8,422,680,726,696,300,2,214.389243745224
st_s008_ref,st_s008_ref,8,2010,2010,63.5575502052326,-124.154949987235,2010-08-13,30,674,1003,1192,1310,294,2,535.70837144862
st_s008_ref,st_s008_ref,5,2011,2010,63.5575502052326,-124.154949987235,2011-05-28,4,570,836,980,737,297,2,293.796925987951
st_s008_ref,st_s008_ref,6,2011,2010,63.5575502052326,-124.154949987235,2011-06-13,14,413,651,684,519,295,2,122.06712359416
st_s008_ref,st_s008_ref,7,2011,2010,63.5575502052326,-124.154949987235,2011-07-15,16,1043,1568,1774,1873,296,2,405.915076825832
st_s008_ref,st_s008_ref,8,1985,1990,63.5575502052326,-124.154949987235,1985-08-08,9,345,487,565,520,292,2,248.486147371096
st_s008_ref,st_s008_ref,5,1986,1990,63.5575502052326,-124.154949987235,1986-05-23,37,531,773,953,972,282,2,587.4223801986
st_s008_ref,st_s008_ref,7,1986,1990,63.5575502052326,-124.154949987235,1986-07-10,18,431,665,726,660,302,2,189.467228160538
st_s008_ref,st_s008_ref,8,1987,1990,63.5575502052326,-124.154949987235,1987-08-14,11,382,616,636,490,292,2,103.339676223146
st_s008_ref,st_s008_ref,6,1988,1990,63.5575502052326,-124.154949987235,1988-06-13,26,363,599,694,573,292,2,215.330061340758
st_s008_ref,st_s008_ref,9,1988,1990,63.5575502052326,-124.154949987235,1988-09-01,14,563,862,899,681,290,2,128.155255972629
st_s008_ref,st_s008_ref,6,1990,1990,63.5575502052326,-124.154949987235,1990-06-03,8,384,579,693,539,293,2,254.330745552724
st_s008_ref,st_s008_ref,7,1990,1990,63.5575502052326,-124.154949987235,1990-07-05,16,499,814,958,812,294,2,319.907620335956
st_s008_ref,st_s008_ref,5,1991,1990,63.5575502052326,-124.154949987235,1991-05-05,35,635,864,965,1276,283,2,443.573846046594
st_s008_ref,st_s008_ref,6,1991,1990,63.5575502052326,-124.154949987235,1991-06-22,3,428,598,704,601,301,2,281.128061367772
st_s008_ref,st_s008_ref,7,1991,1990,63.5575502052326,-124.154949987235,1991-07-08,2,442,626,636,585,297,2,128.375584135931
st_s008_ref,st_s008_ref,5,1992,1990,63.5575502052326,-124.154949987235,1992-05-23,53,797,1012,1089,1393,284,2,356.503787265817
st_s008_ref,st_s008_ref,7,1992,1990,63.5575502052326,-124.154949987235,1992-07-10,7,458,655,761,753,296,2,329.275214886589
st_s008_ref,st_s008_ref,7,1992,1990,63.5575502052326,-124.154949987235,1992-07-26,16,447,719,869,829,292,2,365.000753045814
st_s008_ref,st_s008_ref,6,1993,1990,63.5575502052326,-124.154949987235,1993-06-11,41,627,857,966,1105,288,2,391.674747411789
st_s008_ref,st_s008_ref,8,1993,1990,63.5575502052326,-124.154949987235,1993-08-14,18,434,611,719,590,289,2,334.575969195255
st_s008_ref,st_s008_ref,6,1994,1990,63.5575502052326,-124.154949987235,1994-06-14,15,356,548,672,570,291,2,390.198677718012
st_s008_ref,st_s008_ref,6,1994,1990,63.5575502052326,-124.154949987235,1994-06-30,16,416,624,748,514,292,2,236.726797292353
st_s008_ref,st_s008_ref,7,1994,1990,63.5575502052326,-124.154949987235,1994-07-16,9,338,478,597,503,302,2,510.923752596416
st_s008_ref,st_s008_ref,8,1994,1990,63.5575502052326,-124.154949987235,1994-08-01,6,639,781,707,1003,298,2,83.9582167109975
st_s008_ref,st_s008_ref,9,1995,1995,63.5575502052326,-124.154949987235,1995-09-05,29,426,680,826,561,281,2,265.136079963966
st_s008_ref,st_s008_ref,5,1996,1995,63.5575502052326,-124.154949987235,1996-05-18,35,755,907,1023,1023,281,2,392.795085430186
st_s008_ref,st_s008_ref,6,1996,1995,63.5575502052326,-124.154949987235,1996-06-19,2,338,461,467,561,302,2,107.180515814065
st_s008_ref,st_s008_ref,5,1997,1995,63.5575502052326,-124.154949987235,1997-05-21,18,660,971,1070,1002,284,2,237.335529396404
st_s008_ref,st_s008_ref,8,1997,1995,63.5575502052326,-124.154949987235,1997-08-25,4,596,912,981,899,286,2,177.528136464419
st_s008_ref,st_s008_ref,5,1998,1995,63.5575502052326,-124.154949987235,1998-05-08,7,508,762,853,698,289,2,190.649729582528
st_s008_ref,st_s008_ref,5,1998,1995,63.5575502052326,-124.154949987235,1998-05-24,4,405,546,609,501,297,2,197.277169111514
st_s008_ref,st_s008_ref,6,1998,1995,63.5575502052326,-124.154949987235,1998-06-09,8,347,540,600,478,305,2,164.556831047327
st_s008_ref,st_s008_ref,8,1998,1995,63.5575502052326,-124.154949987235,1998-08-28,6,539,753,792,709,292,2,134.889753620734
st_s008_ref,st_s008_ref,5,1999,1995,63.5575502052326,-124.154949987235,1999-05-11,45,822,1039,1164,1214,281,2,403.578228413689
st_s008_ref,st_s008_ref,6,1999,1995,63.5575502052326,-124.154949987235,1999-06-12,16,496,754,870,655,297,2,211.377125837239
st_s008_ref,st_s008_ref,7,1999,1995,63.5575502052326,-124.154949987235,1999-07-30,34,859,1212,1337,1430,289,2,385.953900167938
st_s008_ref,st_s008_ref,8,1999,1995,63.5575502052326,-124.154949987235,1999-08-15,9,436,641,702,541,301,2,135.614086359289
st_s008_ref,st_s008_ref,8,2003,2000,63.5575502052326,-124.154949987235,2003-08-10,2,411,579,580,541,295,2,113.859395378916
st_s008_ref,st_s008_ref,8,2003,2000,63.5575502052326,-124.154949987235,2003-08-26,8,441,580,651,524,295,2,198.082446669653
st_s008_ref,st_s008_ref,5,2004,2000,63.5575502052326,-124.154949987235,2004-05-24,4,517,743,866,719,293,2,283.389938444238
st_s008_ref,st_s008_ref,6,2004,2000,63.5575502052326,-124.154949987235,2004-06-09,10,522,716,741,598,297,2,131.015583662749
st_s008_ref,st_s008_ref,7,2004,2000,63.5575502052326,-124.154949987235,2004-07-11,10,867,1239,1408,1636,296,2,444.774864099889
st_s008_ref,st_s008_ref,6,2005,2005,63.5575502052326,-124.154949987235,2005-06-12,6,376,589,634,516,300,2,146.217690299197
st_s008_ref,st_s008_ref,8,2005,2005,63.5575502052326,-124.154949987235,2005-08-15,2,476,670,717,631,294,2,164.134113161058
st_s008_ref,st_s008_ref,5,2006,2005,63.5575502052326,-124.154949987235,2006-05-30,3,521,697,795,846,291,2,277.05373428085
st_s008_ref,st_s008_ref,6,2006,2005,63.5575502052326,-124.154949987235,2006-06-15,5,351,569,590,574,303,2,103.982282245475
st_s008_ref,st_s008_ref,7,2006,2005,63.5575502052326,-124.154949987235,2006-07-01,19,514,745,913,726,299,2,327.531888655619
st_s008_ref,st_s008_ref,7,2006,2005,63.5575502052326,-124.154949987235,2006-07-17,6,442,709,723,689,301,2,93.919658844187
st_s008_ref,st_s008_ref,6,2007,2005,63.5575502052326,-124.154949987235,2007-06-18,3,397,582,631,546,296,2,166.855166840946
st_s008_ref,st_s008_ref,5,2008,2005,63.5575502052326,-124.154949987235,2008-05-03,5,1628,1918,2051,1626,276,2,253.291124866631
st_s008_ref,st_s008_ref,7,2008,2005,63.5575502052326,-124.154949987235,2008-07-22,5,410,592,645,594,302,2,135.893377491488
st_s008_ref,st_s008_ref,5,2009,2005,63.5575502052326,-124.154949987235,2009-05-22,3,553,783,898,909,292,2,322.102331376418
st_s008_ref,st_s008_ref,7,2009,2005,63.5575502052326,-124.154949987235,2009-07-09,20,462,732,829,692,292,2,229.226972721973
st_s008_ref,st_s008_ref,7,2009,2005,63.5575502052326,-124.154949987235,2009-07-25,5,527,703,740,717,297,2,219.706720276897
st_s008_ref,st_s008_ref,6,2010,2010,63.5575502052326,-124.154949987235,2010-06-10,15,176,228,168,424,298,2,15.0989947822307
st_s008_ref,st_s008_ref,7,2010,2010,63.5575502052326,-124.154949987235,2010-07-28,8,422,674,722,691,300,2,183.466378081036
st_s008_ref,st_s008_ref,8,2010,2010,63.5575502052326,-124.154949987235,2010-08-13,29,674,1001,1190,1304,293,2,507.325306778885
st_s008_ref,st_s008_ref,8,2010,2010,63.5575502052326,-124.154949987235,2010-08-29,27,519,787,908,759,289,2,282.744636933952
st_s008_ref,st_s008_ref,5,2011,2010,63.5575502052326,-124.154949987235,2011-05-28,3,591,834,978,775,297,2,314.26508611195
st_s008_ref,st_s008_ref,6,2011,2010,63.5575502052326,-124.154949987235,2011-06-13,14,413,652,719,517,295,2,157.537685205271
st_s008_ref,st_s008_ref,9,2011,2010,63.5575502052326,-124.154949987235,2011-09-01,30,636,891,1009,826,285,2,272.92626427514
st_s008_ref,st_s008_ref,5,1984,1990,63.5575502052326,-124.154949987235,1984-05-08,17,385,486,631,580,285,2,594.308151556341
st_s008_ref,st_s008_ref,6,1984,1990,63.5575502052326,-124.154949987235,1984-06-25,157,440,513,405,852,292,2,31.5425048731597
st_s008_ref,st_s008_ref,6,1985,1990,63.5575502052326,-124.154949987235,1985-06-12,5,487,766,835,611,289,2,166.510219237117
st_s008_ref,st_s008_ref,7,1985,1990,63.5575502052326,-124.154949987235,1985-07-30,13,349,553,621,467,295,2,169.767190384214
st_s008_ref,st_s008_ref,5,1986,1990,63.5575502052326,-124.154949987235,1986-05-14,109,670,867,932,1323,279,2,289.111454356097
st_s008_ref,st_s008_ref,6,1986,1990,63.5575502052326,-124.154949987235,1986-06-15,20,281,357,375,363,291,2,167.000360600791
st_s008_ref,st_s008_ref,7,1986,1990,63.5575502052326,-124.154949987235,1986-07-01,21,434,686,842,667,297,2,314.868641222706
st_s008_ref,st_s008_ref,7,1986,1990,63.5575502052326,-124.154949987235,1986-07-17,4,298,484,452,463,293,2,50.9974325379907
st_s008_ref,st_s008_ref,9,1986,1990,63.5575502052326,-124.154949987235,1986-09-03,24,518,794,885,771,283,2,244.18588999452
st_s008_ref,st_s008_ref,7,1987,1990,63.5575502052326,-124.154949987235,1987-07-20,9,559,780,799,996,294,2,140.910206044195
st_s008_ref,st_s008_ref,9,1987,1990,63.5575502052326,-124.154949987235,1987-09-06,10,340,546,552,493,285,2,81.1730660778021
st_s008_ref,st_s008_ref,6,1988,1990,63.5575502052326,-124.154949987235,1988-06-20,21,364,612,700,501,292,2,177.714274700811
st_s008_ref,st_s008_ref,8,1988,1990,63.5575502052326,-124.154949987235,1988-08-07,18,703,1079,1201,1074,295,2,288.744038595584
st_s008_ref,st_s008_ref,8,1988,1990,63.5575502052326,-124.154949987235,1988-08-23,14,577,888,1004,795,290,2,250.029096569189
st_s008_ref,st_s008_ref,5,1989,1990,63.5575502052326,-124.154949987235,1989-05-22,35,558,899,1057,1041,287,2,374.916454237408
st_s008_ref,st_s008_ref,7,1989,1990,63.5575502052326,-124.154949987235,1989-07-09,17,394,519,527,615,299,2,123.129128677153
st_s008_ref,st_s008_ref,8,1989,1990,63.5575502052326,-124.154949987235,1989-08-10,10,465,759,810,672,300,2,165.540069433196
st_s008_ref,st_s008_ref,8,1989,1990,63.5575502052326,-124.154949987235,1989-08-26,3,408,643,619,495,291,2,84.9275898802836
st_s008_ref,st_s008_ref,6,1990,1990,63.5575502052326,-124.154949987235,1990-06-10,25,466,705,883,695,286,2,411.911860235388
st_s008_ref,st_s008_ref,7,1990,1990,63.5575502052326,-124.154949987235,1990-07-12,5,407,679,799,602,297,2,216.650956623594
st_s008_ref,st_s008_ref,8,1990,1990,63.5575502052326,-124.154949987235,1990-08-13,19,502,827,956,732,291,2,239.954452572737
st_s008_ref,st_s008_ref,5,1991,1990,63.5575502052326,-124.154949987235,1991-05-28,2,457,721,814,954,289,2,245.61459217077
st_s008_ref,st_s008_ref,7,1991,1990,63.5575502052326,-124.154949987235,1991-07-15,2,374,579,622,584,297,2,148.63275329777
st_s008_ref,st_s008_ref,8,1991,1990,63.5575502052326,-124.154949987235,1991-08-16,7,401,576,648,563,296,2,179.997091428118
st_s008_ref,st_s008_ref,5,1992,1990,63.5575502052326,-124.154949987235,1992-05-30,36,634,947,1067,1207,289,2,335.399247878216
st_s008_ref,st_s008_ref,7,1992,1990,63.5575502052326,-124.154949987235,1992-07-01,5,452,663,770,746,297,2,258.957809210433
st_s008_ref,st_s008_ref,7,1993,1990,63.5575502052326,-124.154949987235,1993-07-04,2,346,578,612,587,301,2,129.272250130076
st_s008_ref,st_s008_ref,8,1993,1990,63.5575502052326,-124.154949987235,1993-08-21,7,337,514,557,535,294,2,204.647771905689
st_s008_ref,st_s008_ref,5,1994,1990,63.5575502052326,-124.154949987235,1994-05-04,7,534,800,930,1022,284,2,317.200113941259
st_s008_ref,st_s008_ref,5,1994,1990,63.5575502052326,-124.154949987235,1994-05-20,16,350,550,679,534,292,2,390.367889080486
st_s008_ref,st_s008_ref,7,1994,1990,63.5575502052326,-124.154949987235,1994-07-23,10,367,577,636,558,300,2,154.306280394173
st_s008_ref,st_s008_ref,5,1995,1995,63.5575502052326,-124.154949987235,1995-05-23,2,369,378,493,481,283,2,1362.96648378295
st_s008_ref,st_s008_ref,7,1996,1995,63.5575502052326,-124.154949987235,1996-07-12,28,783,1187,1343,1551,289,2,463.833009060043
st_s008_ref,st_s008_ref,8,1996,1995,63.5575502052326,-124.154949987235,1996-08-29,23,624,979,1075,979,288,2,271.291561539216
st_s008_ref,st_s008_ref,5,1997,1995,63.5575502052326,-124.154949987235,1997-05-28,19,532,771,853,696,290,2,187.065329397828
st_s008_ref,st_s008_ref,8,1997,1995,63.5575502052326,-124.154949987235,1997-08-16,28,558,900,1108,947,294,2,425.374555054711
st_s008_ref,st_s008_ref,9,1997,1995,63.5575502052326,-124.154949987235,1997-09-01,15,389,701,805,588,295,2,200.210394315518
st_s008_ref,st_s008_ref,7,1998,1995,63.5575502052326,-124.154949987235,1998-07-02,2,345,556,594,525,306,2,152.262051683591
st_s008_ref,st_s008_ref,7,1999,1995,63.5575502052326,-124.154949987235,1999-07-05,28,648,691,645,721,288,2,72.278259237628
st_s008_ref,st_s008_ref,7,2003,2000,63.5575502052326,-124.154949987235,2003-07-16,13,446,610,656,567,300,2,177.975398882328
st_s008_ref,st_s008_ref,7,2004,2000,63.5575502052326,-124.154949987235,2004-07-02,1,463,630,736,693,301,2,289.713104798529
st_s008_ref,st_s008_ref,5,2005,2005,63.5575502052326,-124.154949987235,2005-05-02,36,753,930,1085,928,282,2,385.07941960689
st_s008_ref,st_s008_ref,5,2007,2005,63.5575502052326,-124.154949987235,2007-05-24,13,423,601,681,504,297,2,191.373868466091
st_s008_ref,st_s008_ref,6,2007,2005,63.5575502052326,-124.154949987235,2007-06-25,2,383,553,623,596,303,2,217.212726185926
st_s008_ref,st_s008_ref,8,2007,2005,63.5575502052326,-124.154949987235,2007-08-28,4,519,715,648,551,289,2,66.5442461627029
st_s008_ref,st_s008_ref,5,2008,2005,63.5575502052326,-124.154949987235,2008-05-10,34,743,968,1166,1212,286,2,544.229757015192
st_s008_ref,st_s008_ref,6,2008,2005,63.5575502052326,-124.154949987235,2008-06-27,1,464,673,705,763,295,2,137.883968112807
st_s008_ref,st_s008_ref,7,2008,2005,63.5575502052326,-124.154949987235,2008-07-29,1,383,693,692,701,300,2,85.6695244817214
st_s008_ref,st_s008_ref,8,2008,2005,63.5575502052326,-124.154949987235,2008-08-14,2,400,523,579,550,298,2,210.077155796222
st_s008_ref,st_s008_ref,6,2009,2005,63.5575502052326,-124.154949987235,2009-06-14,13,577,802,812,736,295,2,128.879050644385
st_s008_ref,st_s008_ref,9,2009,2005,63.5575502052326,-124.154949987235,2009-09-02,1,478,691,703,691,290,2,105.986113614423
st_s008_ref,st_s008_ref,6,2010,2010,63.5575502052326,-124.154949987235,2010-06-01,3,459,691,682,645,302,2,91.7765170506235
st_s008_ref,st_s008_ref,7,2010,2010,63.5575502052326,-124.154949987235,2010-07-19,16,362,574,630,498,296,2,144.276243879208
st_s008_ref,st_s008_ref,8,2010,2010,63.5575502052326,-124.154949987235,2010-08-04,1,430,556,635,655,305,2,366.315329808798
st_s008_ref,st_s008_ref,9,2010,2010,63.5575502052326,-124.154949987235,2010-09-05,14,345,550,540,418,287,2,84.1258972246596
st_s008_ref,st_s008_ref,6,2011,2010,63.5575502052326,-124.154949987235,2011-06-04,20,584,840,972,766,289,2,257.204377461479
st_s008_ref,st_s008_ref,6,2011,2010,63.5575502052326,-124.154949987235,2011-06-20,25,776,1114,1150,1368,298,2,241.209124882913
st_s008_ref,st_s008_ref,7,1999,1995,63.5575502052326,-124.154949987235,1999-07-31,4,471,721,811,1174,294,2,348.44263258623
st_s008_ref,st_s008_ref,9,1999,1995,63.5575502052326,-124.154949987235,1999-09-01,5,551,733,935,743,286,2,658.953151821504
st_s008_ref,st_s008_ref,7,2000,2000,63.5575502052326,-124.154949987235,2000-07-01,32,806,1090,1333,1615,289,2,789.871606696626
st_s008_ref,st_s008_ref,7,2000,2000,63.5575502052326,-124.154949987235,2000-07-17,28,512,769,935,736,293,2,338.618841120936
st_s008_ref,st_s008_ref,8,2000,2000,63.5575502052326,-124.154949987235,2000-08-18,23,635,997,1209,953,288,2,330.74161143225
st_s008_ref,st_s008_ref,7,2001,2000,63.5575502052326,-124.154949987235,2001-07-20,4,439,669,745,655,302,2,184.701226490077
st_s008_ref,st_s008_ref,5,2002,2000,63.5575502052326,-124.154949987235,2002-05-20,24,825,983,1173,1260,281,2,600.458637950386
st_s008_ref,st_s008_ref,6,2002,2000,63.5575502052326,-124.154949987235,2002-06-21,15,373,513,520,602,290,2,114.87340379793
st_s008_ref,st_s008_ref,7,2002,2000,63.5575502052326,-124.154949987235,2002-07-07,15,430,590,714,584,296,2,419.86021471963
st_s008_ref,st_s008_ref,7,2002,2000,63.5575502052326,-124.154949987235,2002-07-23,17,490,680,804,640,295,2,294.122194011131
st_s008_ref,st_s008_ref,8,2002,2000,63.5575502052326,-124.154949987235,2002-08-08,7,391,514,546,548,292,2,167.126537268172
st_s008_ref,st_s008_ref,5,2005,2005,63.5575502052326,-124.154949987235,2005-05-28,8,486,587,725,600,296,2,474.060934719982
st_s008_ref,st_s008_ref,8,2005,2005,63.5575502052326,-124.154949987235,2005-08-16,2,504,682,759,744,293,2,201.259726579899
st_s008_ref,st_s008_ref,7,2006,2005,63.5575502052326,-124.154949987235,2006-07-02,5,464,636,739,709,297,2,278.651886072133
st_s008_ref,st_s008_ref,6,2007,2005,63.5575502052326,-124.154949987235,2007-06-19,1,528,569,744,728,295,2,994.003811143207
st_s008_ref,st_s008_ref,6,2008,2005,63.5575502052326,-124.154949987235,2008-06-21,2,492,588,762,708,298,2,860.227315339494
st_s008_ref,st_s008_ref,8,2009,2005,63.5575502052326,-124.154949987235,2009-08-27,10,513,755,828,733,289,2,247.045266506747
st_s008_ref,st_s008_ref,5,2011,2010,63.5575502052326,-124.154949987235,2011-05-29,10,548,735,824,790,293,2,278.01773137049
st_s008_ref,st_s008_ref,6,2011,2010,63.5575502052326,-124.154949987235,2011-06-14,2,410,525,631,671,297,2,451.995541882875
st_s008_ref,st_s008_ref,8,2012,2010,63.5575502052326,-124.154949987235,2012-08-19,6,497,767,763,710,293,2,101.444949902831
st_s008_ref,st_s008_ref,9,2012,2010,63.5575502052326,-124.154949987235,2012-09-04,17,772,862,1032,1286,282,2,674.084397770229
st_s008_ref,st_s008_ref,5,2013,2010,63.5575502052326,-124.154949987235,2013-05-18,1,574,725,939,1095,284,2,1101.59830989535
st_s008_ref,st_s008_ref,6,2013,2010,63.5575502052326,-124.154949987235,2013-06-03,19,589,830,1008,1151,286,2,575.649096052739
st_s008_ref,st_s008_ref,6,2013,2010,63.5575502052326,-124.154949987235,2013-06-19,15,448,623,759,658,294,2,360.310544896602
st_s008_ref,st_s008_ref,5,2014,2010,63.5575502052326,-124.154949987235,2014-05-05,9,530,576,790,709,278,2,1322.39004657154
st_s008_ref,st_s008_ref,6,2014,2010,63.5575502052326,-124.154949987235,2014-06-06,6,484,591,790,691,295,2,540.724960705908
st_s008_ref,st_s008_ref,6,2014,2010,63.5575502052326,-124.154949987235,2014-06-22,26,592,836,985,1168,293,2,503.181900623937
st_s008_ref,st_s008_ref,8,2014,2010,63.5575502052326,-124.154949987235,2014-08-09,2,416,638,811,703,291,2,445.273202909978
st_s008_ref,st_s008_ref,5,2015,2015,63.5575502052326,-124.154949987235,2015-05-08,1,646,851,984,888,279,2,315.970166845665
st_s008_ref,st_s008_ref,5,2015,2015,63.5575502052326,-124.154949987235,2015-05-24,1,533,630,706,1026,301,2,339.162266165446
st_s008_ref,st_s008_ref,6,2015,2015,63.5575502052326,-124.154949987235,2015-06-25,3,390,509,572,1024,302,2,582.891069996614
st_s008_ref,st_s008_ref,5,2016,2015,63.5575502052326,-124.154949987235,2016-05-10,3,420,569,710,888,287,2,778.070532877415
st_s008_ref,st_s008_ref,5,2017,2015,63.5575502052326,-124.154949987235,2017-05-13,6,621,806,930,1283,282,2,534.099328269286
st_s008_ref,st_s008_ref,9,2017,2015,63.5575502052326,-124.154949987235,2017-09-02,14,496,664,910,960,285,2,976.053471146845
st_s008_ref,st_s008_ref,6,2018,2015,63.5575502052326,-124.154949987235,2018-06-01,10,455,615,712,678,291,2,371.957613091428
st_s008_ref,st_s008_ref,5,2020,2015,63.5575502052326,-124.154949987235,2020-05-21,2,425,670,804,656,285,2,366.976077389461
st_s008_ref,st_s008_ref,7,2020,2015,63.5575502052326,-124.154949987235,2020-07-24,6,296,483,614,628,290,2,526.835764147065
st_s008_ref,st_s008_ref,8,2020,2015,63.5575502052326,-124.154949987235,2020-08-09,19,351,632,792,788,290,2,365.594819776627
st_s008_ref,st_s008_ref,6,2021,2015,63.5575502052326,-124.154949987235,2021-06-09,9,322,463,525,504,292,2,238.285515359325
st_s008_ref,st_s008_ref,8,2021,2015,63.5575502052326,-124.154949987235,2021-08-12,5,456,708,834,668,290,2,275.629989988765
st_s008_ref,st_s008_ref,5,2022,2015,63.5575502052326,-124.154949987235,2022-05-10,10,716,844,892,1082,276,2,247.726521510576
st_s008_ref,st_s008_ref,7,2022,2015,63.5575502052326,-124.154949987235,2022-07-17,6,353,538,583,600,295,2,189.749974627074
st_s008_ref,st_s008_ref,8,2023,2015,63.5575502052326,-124.154949987235,2023-08-28,1,396,524,402,1004,294,2,13.231847757364
st_s008_ref,st_s008_ref,8,1999,1995,63.5575502052326,-124.154949987235,1999-08-23,38,154,172,149,149,289,2,44.5696194098059
st_s008_ref,st_s008_ref,5,2000,2000,63.5575502052326,-124.154949987235,2000-05-05,8,616,807,967,1058,285,2,572.257933913429
st_s008_ref,st_s008_ref,5,2000,2000,63.5575502052326,-124.154949987235,2000-05-21,22,570,753,936,682,290,2,438.224142544613
st_s008_ref,st_s008_ref,7,2000,2000,63.5575502052326,-124.154949987235,2000-07-08,2,370,504,568,671,298,2,270.594150082252
st_s008_ref,st_s008_ref,7,2000,2000,63.5575502052326,-124.154949987235,2000-07-24,30,587,866,1066,946,297,2,474.644262376677
st_s008_ref,st_s008_ref,8,2000,2000,63.5575502052326,-124.154949987235,2000-08-09,16,438,700,838,648,291,2,276.869433205606
st_s008_ref,st_s008_ref,5,2001,2000,63.5575502052326,-124.154949987235,2001-05-24,22,727,940,1155,841,289,2,439.199617309168
st_s008_ref,st_s008_ref,8,2001,2000,63.5575502052326,-124.154949987235,2001-08-12,9,476,682,764,724,296,2,238.574892758976
st_s008_ref,st_s008_ref,5,2002,2000,63.5575502052326,-124.154949987235,2002-05-11,10,1420,1671,1887,1742,278,2,377.4355537819
st_s008_ref,st_s008_ref,6,2002,2000,63.5575502052326,-124.154949987235,2002-06-12,7,460,626,676,622,294,2,172.460851861473
st_s008_ref,st_s008_ref,6,2002,2000,63.5575502052326,-124.154949987235,2002-06-28,11,514,756,897,757,296,2,327.047870424512
st_s008_ref,st_s008_ref,7,2003,2000,63.5575502052326,-124.154949987235,2003-07-17,26,561,804,963,933,297,2,402.354728984471
st_s008_ref,st_s008_ref,5,2004,2000,63.5575502052326,-124.154949987235,2004-05-16,4,657,791,931,1075,284,2,579.236912867832
st_s008_ref,st_s008_ref,7,2005,2005,63.5575502052326,-124.154949987235,2005-07-06,4,377,472,513,692,288,2,248.137645106554
st_s008_ref,st_s008_ref,8,2005,2005,63.5575502052326,-124.154949987235,2005-08-07,1,474,585,603,990,294,2,227.531127025118
st_s008_ref,st_s008_ref,8,2005,2005,63.5575502052326,-124.154949987235,2005-08-23,1,920,945,983,1130,292,2,197.127498827501
st_s008_ref,st_s008_ref,8,2007,2005,63.5575502052326,-124.154949987235,2007-08-29,3,395,554,603,564,286,2,197.265132855728
st_s008_ref,st_s008_ref,7,2008,2005,63.5575502052326,-124.154949987235,2008-07-30,1,303,499,593,591,300,2,308.894225146294
st_s008_ref,st_s008_ref,8,2008,2005,63.5575502052326,-124.154949987235,2008-08-15,1,422,566,662,670,296,2,404.235158085575
st_s008_ref,st_s008_ref,7,2009,2005,63.5575502052326,-124.154949987235,2009-07-17,6,497,702,803,1034,289,2,341.357278571041
st_s008_ref,st_s008_ref,6,2010,2010,63.5575502052326,-124.154949987235,2010-06-02,2,431,599,711,700,300,2,366.915077978515
st_s008_ref,st_s008_ref,7,2010,2010,63.5575502052326,-124.154949987235,2010-07-04,18,545,762,913,1192,291,2,629.37828577691
st_s008_ref,st_s008_ref,5,2011,2010,63.5575502052326,-124.154949987235,2011-05-20,10,660,849,1013,1269,289,2,638.462116085135
st_s008_ref,st_s008_ref,6,2011,2010,63.5575502052326,-124.154949987235,2011-06-05,1,499,693,789,917,292,2,289.346003132023
st_s008_ref,st_s008_ref,6,2011,2010,63.5575502052326,-124.154949987235,2011-06-21,23,562,807,906,1132,296,2,380.829608811596
st_s008_ref,st_s008_ref,8,2011,2010,63.5575502052326,-124.154949987235,2011-08-24,16,393,621,728,571,290,2,248.779046292792
st_s008_ref,st_s008_ref,6,2012,2010,63.5575502052326,-124.154949987235,2012-06-23,1,350,531,594,601,296,2,193.10945447767
st_s008_ref,st_s008_ref,6,2013,2010,63.5575502052326,-124.154949987235,2013-06-10,5,428,632,740,733,297,2,359.113086138747
st_s008_ref,st_s008_ref,8,2013,2010,63.5575502052326,-124.154949987235,2013-08-13,1,529,672,667,1004,300,2,136.086665963021
st_s008_ref,st_s008_ref,8,2013,2010,63.5575502052326,-124.154949987235,2013-08-29,7,347,469,619,554,285,2,714.80654413395
st_s008_ref,st_s008_ref,5,2014,2010,63.5575502052326,-124.154949987235,2014-05-12,2,567,667,875,928,285,2,1032.34151395694
st_s008_ref,st_s008_ref,7,2014,2010,63.5575502052326,-124.154949987235,2014-07-31,19,678,917,1117,1466,284,2,815.920968719904
st_s008_ref,st_s008_ref,5,2015,2015,63.5575502052326,-124.154949987235,2015-05-15,7,760,760,798,849,280,2,194.092762439458
st_s008_ref,st_s008_ref,8,2015,2015,63.5575502052326,-124.154949987235,2015-08-03,9,432,597,716,723,292,2,387.075116606544
st_s008_ref,st_s008_ref,9,2015,2015,63.5575502052326,-124.154949987235,2015-09-04,15,495,700,854,711,283,2,362.847365266297
st_s008_ref,st_s008_ref,5,2016,2015,63.5575502052326,-124.154949987235,2016-05-01,45,989,1111,1235,1301,277,2,387.615084081948
st_s008_ref,st_s008_ref,6,2016,2015,63.5575502052326,-124.154949987235,2016-06-18,4,317,508,548,506,292,2,205.60365439672
st_s008_ref,st_s008_ref,6,2017,2015,63.5575502052326,-124.154949987235,2017-06-21,18,477,741,924,904,290,2,465.604350193034
st_s008_ref,st_s008_ref,7,2017,2015,63.5575502052326,-124.154949987235,2017-07-23,1,367,534,532,1029,294,2,155.515662063176
st_s008_ref,st_s008_ref,8,2017,2015,63.5575502052326,-124.154949987235,2017-08-08,1,551,742,711,1168,297,2,98.6882528906193
st_s008_ref,st_s008_ref,7,2018,2015,63.5575502052326,-124.154949987235,2018-07-10,5,331,487,618,578,295,2,387.886995179769
st_s008_ref,st_s008_ref,5,2019,2015,63.5575502052326,-124.154949987235,2019-05-10,3,529,703,833,944,284,2,503.829298228923
st_s008_ref,st_s008_ref,5,2019,2015,63.5575502052326,-124.154949987235,2019-05-26,3,658,824,919,1076,287,2,287.750061260291
st_s008_ref,st_s008_ref,6,2019,2015,63.5575502052326,-124.154949987235,2019-06-27,3,492,762,942,1002,288,2,475.407600915713
st_s008_ref,st_s008_ref,7,2019,2015,63.5575502052326,-124.154949987235,2019-07-13,1,734,863,928,1449,279,2,343.758880057828
st_s008_ref,st_s008_ref,5,2020,2015,63.5575502052326,-124.154949987235,2020-05-12,35,804,881,937,1143,274,2,266.678608436356
st_s008_ref,st_s008_ref,5,2020,2015,63.5575502052326,-124.154949987235,2020-05-28,5,455,731,851,682,288,2,235.208546136377
st_s008_ref,st_s008_ref,6,2020,2015,63.5575502052326,-124.154949987235,2020-06-29,20,441,697,859,716,294,2,357.635385088094
st_s008_ref,st_s008_ref,7,2020,2015,63.5575502052326,-124.154949987235,2020-07-15,25,397,650,792,745,291,2,429.927188242011
st_s008_ref,st_s008_ref,7,2020,2015,63.5575502052326,-124.154949987235,2020-07-31,12,563,683,604,1319,295,2,116.78895535893
st_s008_ref,st_s008_ref,6,2021,2015,63.5575502052326,-124.154949987235,2021-06-16,17,429,636,775,668,288,2,311.00342830143
st_s008_ref,st_s008_ref,7,2021,2015,63.5575502052326,-124.154949987235,2021-07-02,15,732,842,847,1209,287,2,180.873843717062
st_s008_ref,st_s008_ref,7,2021,2015,63.5575502052326,-124.154949987235,2021-07-18,9,424,644,724,678,292,2,227.498812021455
st_s008_ref,st_s008_ref,9,2021,2015,63.5575502052326,-124.154949987235,2021-09-04,6,379,526,547,499,290,2,111.039488103734
st_s008_ref,st_s008_ref,6,2022,2015,63.5575502052326,-124.154949987235,2022-06-01,9,360,562,675,545,292,2,236.218812321553
st_s008_ref,st_s008_ref,7,2022,2015,63.5575502052326,-124.154949987235,2022-07-05,2,270,427,464,852,296,2,739.149062846524
st_s008_ref,st_s008_ref,7,2022,2015,63.5575502052326,-124.154949987235,2022-07-22,1,306,408,441,531,297,2,330.347487876452
st_s008_ref,st_s008_ref,8,2022,2015,63.5575502052326,-124.154949987235,2022-08-08,9,222,262,232,523,292,2,54.832373704199
st_s008_ref,st_s008_ref,5,2023,2015,63.5575502052326,-124.154949987235,2023-05-10,4,465,647,799,841,283,2,458.977795131032
st_s008_ref,st_s008_ref,6,2023,2015,63.5575502052326,-124.154949987235,2023-06-01,1,324,426,449,386,289,2,120.852083011585
st_s008_ref,st_s008_ref,7,2023,2015,63.5575502052326,-124.154949987235,2023-07-15,4,440,555,521,1051,298,2,123.049848177093
st_s008_ref,st_s008_ref,8,1999,1995,63.5575502052326,-124.154949987235,1999-08-23,40,174,165,142,144,289,2,46.5030103486326
st_s008_ref,st_s008_ref,5,2000,2000,63.5575502052326,-124.154949987235,2000-05-05,8,639,805,944,1055,284,2,502.011240364578
st_s008_ref,st_s008_ref,5,2000,2000,63.5575502052326,-124.154949987235,2000-05-21,19,566,746,931,630,290,2,345.400653798583
st_s008_ref,st_s008_ref,7,2000,2000,63.5575502052326,-124.154949987235,2000-07-08,2,471,638,749,737,298,2,375.717457781801
st_s008_ref,st_s008_ref,7,2000,2000,63.5575502052326,-124.154949987235,2000-07-24,28,587,888,1064,941,297,2,376.666895312716
st_s008_ref,st_s008_ref,8,2000,2000,63.5575502052326,-124.154949987235,2000-08-09,16,435,697,836,581,291,2,267.151710266419
st_s008_ref,st_s008_ref,5,2001,2000,63.5575502052326,-124.154949987235,2001-05-24,22,735,936,1151,834,289,2,438.117983769621
st_s008_ref,st_s008_ref,8,2001,2000,63.5575502052326,-124.154949987235,2001-08-12,9,484,686,766,686,296,2,219.133044380099
st_s008_ref,st_s008_ref,5,2002,2000,63.5575502052326,-124.154949987235,2002-05-11,9,1438,1631,1844,1611,278,2,371.879580818427
st_s008_ref,st_s008_ref,6,2002,2000,63.5575502052326,-124.154949987235,2002-06-12,5,445,560,636,578,293,2,296.963017639034
st_s008_ref,st_s008_ref,6,2002,2000,63.5575502052326,-124.154949987235,2002-06-28,10,513,753,874,753,295,2,305.085379246276
st_s008_ref,st_s008_ref,7,2003,2000,63.5575502052326,-124.154949987235,2003-07-17,24,562,802,981,882,297,2,407.4520051365
st_s008_ref,st_s008_ref,5,2004,2000,63.5575502052326,-124.154949987235,2004-05-16,4,652,787,930,1079,284,2,563.033618815521
st_s008_ref,st_s008_ref,6,2004,2000,63.5575502052326,-124.154949987235,2004-06-17,2,403,565,662,724,300,2,426.957278283285
st_s008_ref,st_s008_ref,5,2005,2005,63.5575502052326,-124.154949987235,2005-05-03,30,1131,1220,1384,1346,274,2,416.379585967761
st_s008_ref,st_s008_ref,8,2005,2005,63.5575502052326,-124.154949987235,2005-08-07,1,582,744,890,889,294,2,462.678459710837
st_s008_ref,st_s008_ref,8,2007,2005,63.5575502052326,-124.154949987235,2007-08-29,3,442,599,641,598,287,2,171.807492136845
st_s008_ref,st_s008_ref,5,2008,2005,63.5575502052326,-124.154949987235,2008-05-11,4,622,810,984,1128,285,2,534.898494319931
st_s008_ref,st_s008_ref,7,2008,2005,63.5575502052326,-124.154949987235,2008-07-30,1,300,495,589,586,300,2,308.416379091356
st_s008_ref,st_s008_ref,8,2008,2005,63.5575502052326,-124.154949987235,2008-08-15,1,422,560,657,662,296,2,411.584087568291
st_s008_ref,st_s008_ref,7,2009,2005,63.5575502052326,-124.154949987235,2009-07-17,6,486,701,802,1031,288,2,335.622229115651
st_s008_ref,st_s008_ref,6,2010,2010,63.5575502052326,-124.154949987235,2010-06-02,1,432,550,699,697,299,2,585.956793276726
st_s008_ref,st_s008_ref,5,2011,2010,63.5575502052326,-124.154949987235,2011-05-20,10,658,847,1011,1265,289,2,621.450138772434
st_s008_ref,st_s008_ref,6,2011,2010,63.5575502052326,-124.154949987235,2011-06-21,22,569,812,908,1080,296,2,368.96579083398
st_s008_ref,st_s008_ref,8,2011,2010,63.5575502052326,-124.154949987235,2011-08-24,15,423,621,728,570,290,2,242.200554178601
st_s008_ref,st_s008_ref,6,2012,2010,63.5575502052326,-124.154949987235,2012-06-23,2,367,522,536,803,298,2,169.078136314383
st_s008_ref,st_s008_ref,6,2013,2010,63.5575502052326,-124.154949987235,2013-06-10,6,444,663,722,709,297,2,180.66012899644
st_s008_ref,st_s008_ref,8,2013,2010,63.5575502052326,-124.154949987235,2013-08-13,1,526,670,664,1002,300,2,127.121980228636
st_s008_ref,st_s008_ref,8,2013,2010,63.5575502052326,-124.154949987235,2013-08-29,9,389,562,618,627,285,2,215.375344783502
st_s008_ref,st_s008_ref,7,2014,2010,63.5575502052326,-124.154949987235,2014-07-31,19,694,963,1153,1415,284,2,672.36699747012
st_s008_ref,st_s008_ref,8,2015,2015,63.5575502052326,-124.154949987235,2015-08-03,13,442,604,720,721,292,2,374.438139745836
st_s008_ref,st_s008_ref,9,2015,2015,63.5575502052326,-124.154949987235,2015-09-04,14,501,700,894,709,283,2,432.597324767415
st_s008_ref,st_s008_ref,5,2016,2015,63.5575502052326,-124.154949987235,2016-05-01,47,991,1104,1231,1302,277,2,396.211892226676
st_s008_ref,st_s008_ref,6,2016,2015,63.5575502052326,-124.154949987235,2016-06-18,2,319,490,547,466,291,2,236.152269271961
st_s008_ref,st_s008_ref,6,2017,2015,63.5575502052326,-124.154949987235,2017-06-21,22,479,741,925,908,290,2,514.78581224035
st_s008_ref,st_s008_ref,7,2017,2015,63.5575502052326,-124.154949987235,2017-07-23,2,435,627,614,1045,294,2,120.77771222611
st_s008_ref,st_s008_ref,8,2017,2015,63.5575502052326,-124.154949987235,2017-08-08,1,561,743,712,1162,297,2,91.4623516165616
st_s008_ref,st_s008_ref,7,2018,2015,63.5575502052326,-124.154949987235,2018-07-10,7,398,560,650,708,297,2,349.030421435474
st_s008_ref,st_s008_ref,8,2018,2015,63.5575502052326,-124.154949987235,2018-08-11,3,244,385,456,469,289,2,414.264761405268
st_s008_ref,st_s008_ref,5,2019,2015,63.5575502052326,-124.154949987235,2019-05-10,7,527,696,895,808,282,2,549.541728907359
st_s008_ref,st_s008_ref,5,2019,2015,63.5575502052326,-124.154949987235,2019-05-26,3,661,825,919,1127,287,2,308.928469205867
st_s008_ref,st_s008_ref,6,2019,2015,63.5575502052326,-124.154949987235,2019-06-11,5,439,697,789,916,295,2,265.270897428554
st_s008_ref,st_s008_ref,6,2019,2015,63.5575502052326,-124.154949987235,2019-06-27,28,460,759,940,1003,288,2,476.765832195995
st_s008_ref,st_s008_ref,5,2020,2015,63.5575502052326,-124.154949987235,2020-05-12,36,802,875,933,1123,274,2,283.297908390488
st_s008_ref,st_s008_ref,6,2020,2015,63.5575502052326,-124.154949987235,2020-06-29,24,407,694,826,802,294,2,333.705766194797
st_s008_ref,st_s008_ref,7,2020,2015,63.5575502052326,-124.154949987235,2020-07-15,28,390,609,789,743,291,2,629.465644547184
st_s008_ref,st_s008_ref,7,2020,2015,63.5575502052326,-124.154949987235,2020-07-31,12,569,688,607,1311,295,2,125.965308048816
st_s008_ref,st_s008_ref,6,2021,2015,63.5575502052326,-124.154949987235,2021-06-16,18,400,639,777,675,288,2,309.762871214725
st_s008_ref,st_s008_ref,7,2021,2015,63.5575502052326,-124.154949987235,2021-07-18,10,421,640,721,675,293,2,219.327928775025
st_s008_ref,st_s008_ref,9,2021,2015,63.5575502052326,-124.154949987235,2021-09-04,7,368,506,514,537,291,2,103.948145196172
st_s008_ref,st_s008_ref,6,2022,2015,63.5575502052326,-124.154949987235,2022-06-01,8,429,561,674,541,291,2,318.489276517163
st_s008_ref,st_s008_ref,6,2022,2015,63.5575502052326,-124.154949987235,2022-06-18,2,466,719,819,939,293,2,258.759594333382
st_s008_ref,st_s008_ref,7,2022,2015,63.5575502052326,-124.154949987235,2022-07-22,1,305,406,440,528,296,2,331.98854034062
st_s008_ref,st_s008_ref,8,2022,2015,63.5575502052326,-124.154949987235,2022-08-08,12,201,231,203,523,292,2,66.7161771013129
st_s008_ref,st_s008_ref,5,2023,2015,63.5575502052326,-124.154949987235,2023-05-10,3,466,690,836,891,284,2,512.286822035477
st_s008_ref,st_s008_ref,5,2023,2015,63.5575502052326,-124.154949987235,2023-05-27,1,353,631,705,687,292,2,149.334194740706
st_s008_ref,st_s008_ref,6,2023,2015,63.5575502052326,-124.154949987235,2023-06-01,1,323,424,447,383,289,2,132.556689427884
st_s008_ref,st_s008_ref,7,2023,2015,63.5575502052326,-124.154949987235,2023-07-15,4,445,561,524,1047,299,2,118.080611984488
st_s008_ref,st_s008_ref,8,2023,2015,63.5575502052326,-124.154949987235,2023-08-06,3,466,591,539,1374,295,2,112.376815684286
st_s008_ref,st_s008_ref,8,1999,1995,63.5575502052326,-124.154949987235,1999-08-14,7,587,717,784,779,294,2,245.960391868383
st_s008_ref,st_s008_ref,5,2001,2000,63.5575502052326,-124.154949987235,2001-05-15,23,575,751,902,814,280,2,381.643240661093
st_s008_ref,st_s008_ref,6,2002,2000,63.5575502052326,-124.154949987235,2002-06-03,15,682,884,1046,712,296,2,294.141948705872
st_s008_ref,st_s008_ref,7,2002,2000,63.5575502052326,-124.154949987235,2002-07-21,2,421,601,677,623,300,2,224.397966549461
st_s008_ref,st_s008_ref,8,2002,2000,63.5575502052326,-124.154949987235,2002-08-06,15,760,710,774,1324,293,2,460.463795322776
st_s008_ref,st_s008_ref,5,2003,2000,63.5575502052326,-124.154949987235,2003-05-05,23,620,693,818,729,278,2,399.155087526095
st_s008_ref,st_s008_ref,7,2003,2000,63.5575502052326,-124.154949987235,2003-07-24,2,447,608,729,819,299,2,620.37926853907
st_s008_ref,st_s008_ref,8,2003,2000,63.5575502052326,-124.154949987235,2003-08-09,1,359,478,589,569,291,2,519.242612508907
st_s008_ref,st_s008_ref,6,2004,2000,63.5575502052326,-124.154949987235,2004-06-08,1,527,779,894,830,289,2,299.921989617572
st_s008_ref,st_s008_ref,6,2004,2000,63.5575502052326,-124.154949987235,2004-06-24,4,635,748,766,1102,298,2,201.504918944612
st_s008_ref,st_s008_ref,6,2005,2005,63.5575502052326,-124.154949987235,2005-06-11,1,457,655,758,745,299,2,364.097579406801
st_s008_ref,st_s008_ref,6,2005,2005,63.5575502052326,-124.154949987235,2005-06-27,1,426,625,695,746,299,2,241.405479743943
st_s008_ref,st_s008_ref,5,2006,2005,63.5575502052326,-124.154949987235,2006-05-13,10,682,861,1041,1143,286,2,538.880650706597
st_s008_ref,st_s008_ref,5,2006,2005,63.5575502052326,-124.154949987235,2006-05-29,1,493,685,809,919,285,2,364.815412727111
st_s008_ref,st_s008_ref,6,2006,2005,63.5575502052326,-124.154949987235,2006-06-30,1,369,447,424,468,291,2,132.111758189208
st_s008_ref,st_s008_ref,7,2006,2005,63.5575502052326,-124.154949987235,2006-07-16,21,212,235,226,325,294,2,101.250974958286
st_s008_ref,st_s008_ref,6,2007,2005,63.5575502052326,-124.154949987235,2007-06-01,18,481,638,704,558,294,2,175.816475396868
st_s008_ref,st_s008_ref,6,2007,2005,63.5575502052326,-124.154949987235,2007-06-17,1,308,376,382,548,291,2,123.154518256098
st_s008_ref,st_s008_ref,7,2007,2005,63.5575502052326,-124.154949987235,2007-07-03,7,384,383,334,463,295,2,32.5769531919703
st_s008_ref,st_s008_ref,5,2009,2005,63.5575502052326,-124.154949987235,2009-05-21,5,578,785,989,937,283,2,569.664134091989
st_s008_ref,st_s008_ref,7,2009,2005,63.5575502052326,-124.154949987235,2009-07-08,37,363,426,408,493,287,2,129.513106016138
st_s008_ref,st_s008_ref,7,2009,2005,63.5575502052326,-124.154949987235,2009-07-24,17,510,739,838,779,298,2,289.74019914779
st_s008_ref,st_s008_ref,8,2009,2005,63.5575502052326,-124.154949987235,2009-08-09,1,549,716,787,1019,297,2,320.092569024604
st_s008_ref,st_s008_ref,5,2010,2010,63.5575502052326,-124.154949987235,2010-05-24,17,449,607,732,635,290,2,304.53303727129
st_s008_ref,st_s008_ref,6,2010,2010,63.5575502052326,-124.154949987235,2010-06-09,2,477,709,753,820,297,2,191.071141663761
st_s008_ref,st_s008_ref,6,2010,2010,63.5575502052326,-124.154949987235,2010-06-25,2,545,675,720,1024,297,2,238.627733162334
st_s008_ref,st_s008_ref,5,2011,2010,63.5575502052326,-124.154949987235,2011-05-27,47,201,227,220,269,289,2,115.619123355835
st_s008_ref,st_s008_ref,8,2011,2010,63.5575502052326,-124.154949987235,2011-08-15,22,989,1364,1594,1527,286,2,442.522517408838
st_s008_ref,st_s008_ref,5,2012,2010,63.5575502052326,-124.154949987235,2012-05-29,2,628,875,1047,820,294,2,358.268516395258
st_s008_ref,st_s008_ref,8,2012,2010,63.5575502052326,-124.154949987235,2012-08-17,2,477,687,725,1037,290,2,207.19868919684
st_s008_ref,st_s008_ref,9,2012,2010,63.5575502052326,-124.154949987235,2012-09-02,2,470,598,683,858,292,2,258.521722484667
st_s008_ref,st_s008_ref,5,2013,2010,63.5575502052326,-124.154949987235,2013-05-16,19,667,848,1058,1082,279,2,654.402815308348
st_s008_ref,st_s008_ref,8,2013,2010,63.5575502052326,-124.154949987235,2013-08-04,10,406,635,713,628,299,2,224.644036014358
st_s008_ref,st_s008_ref,9,2013,2010,63.5575502052326,-124.154949987235,2013-09-05,7,333,424,528,453,288,2,310.081706191728
st_s008_ref,st_s008_ref,6,2014,2010,63.5575502052326,-124.154949987235,2014-06-04,15,491,708,855,741,288,2,359.616473710933
st_s008_ref,st_s008_ref,7,2014,2010,63.5575502052326,-124.154949987235,2014-07-22,26,572,837,1021,1479,293,2,884.016746160243
st_s008_ref,st_s008_ref,5,2015,2015,63.5575502052326,-124.154949987235,2015-05-06,23,437,477,525,468,279,2,254.380859534293
st_s008_ref,st_s008_ref,6,2015,2015,63.5575502052326,-124.154949987235,2015-06-07,4,335,500,574,527,294,2,227.866936903871
st_s008_ref,st_s008_ref,6,2015,2015,63.5575502052326,-124.154949987235,2015-06-23,1,357,485,513,570,297,2,268.447939033384
st_s008_ref,st_s008_ref,7,2015,2015,63.5575502052326,-124.154949987235,2015-07-25,1,445,601,649,1025,294,2,321.122060072637
st_s008_ref,st_s008_ref,8,2015,2015,63.5575502052326,-124.154949987235,2015-08-26,2,611,780,834,1104,288,2,225.32360188216
st_s008_ref,st_s008_ref,6,2016,2015,63.5575502052326,-124.154949987235,2016-06-25,11,427,648,658,654,295,2,158.784772495332
st_s008_ref,st_s008_ref,7,2016,2015,63.5575502052326,-124.154949987235,2016-07-27,13,548,801,899,809,294,2,266.836797728774
st_s008_ref,st_s008_ref,8,2016,2015,63.5575502052326,-124.154949987235,2016-08-12,2,278,447,529,470,293,2,303.049504382353
st_s008_ref,st_s008_ref,5,2017,2015,63.5575502052326,-124.154949987235,2017-05-11,15,610,846,1050,1120,281,2,627.245155565051
st_s008_ref,st_s008_ref,5,2017,2015,63.5575502052326,-124.154949987235,2017-05-27,3,548,775,930,661,289,2,305.278201718699
st_s008_ref,st_s008_ref,7,2017,2015,63.5575502052326,-124.154949987235,2017-07-14,13,490,767,870,774,295,2,259.917783846834
st_s008_ref,st_s008_ref,5,2018,2015,63.5575502052326,-124.154949987235,2018-05-30,4,460,695,830,705,291,2,274.913290488489
st_s008_ref,st_s008_ref,6,2018,2015,63.5575502052326,-124.154949987235,2018-06-15,1,421,645,771,1459,291,2,917.705109094605
st_s008_ref,st_s008_ref,7,2019,2015,63.5575502052326,-124.154949987235,2019-07-04,14,567,772,839,1186,289,2,345.379442433286
st_s008_ref,st_s008_ref,7,2019,2015,63.5575502052326,-124.154949987235,2019-07-20,4,458,642,603,1053,300,2,98.0138993650415
st_s008_ref,st_s008_ref,8,2019,2015,63.5575502052326,-124.154949987235,2019-08-05,2,402,592,614,627,288,2,245.992238232565
st_s008_ref,st_s008_ref,8,2020,2015,63.5575502052326,-124.154949987235,2020-08-23,13,312,507,649,516,288,2,339.445811032366
st_s008_ref,st_s008_ref,5,2021,2015,63.5575502052326,-124.154949987235,2021-05-06,31,609,832,973,1108,279,2,501.676319752338
st_s008_ref,st_s008_ref,6,2021,2015,63.5575502052326,-124.154949987235,2021-06-07,13,379,528,646,554,287,2,497.933606724216
st_s008_ref,st_s008_ref,6,2021,2015,63.5575502052326,-124.154949987235,2021-06-23,2,390,577,623,880,294,2,250.380571062238
st_s008_ref,st_s008_ref,6,2022,2015,63.5575502052326,-124.154949987235,2022-06-23,2,353,541,638,616,290,2,407.933723798242
st_s008_ref,st_s008_ref,5,2023,2015,63.5575502052326,-124.154949987235,2023-05-15,12,338,495,584,557,286,2,296.44487736733
st_s008_ref,st_s008_ref,6,2023,2015,63.5575502052326,-124.154949987235,2023-06-28,13,466,773,945,838,294,2,315.417785233531
st_s008_ref,st_s008_ref,6,2013,2010,63.5575502052326,-124.154949987235,2013-06-11,12,312,475,516,352,298,2,116.466721374347
st_s008_ref,st_s008_ref,7,2013,2010,63.5575502052326,-124.154949987235,2013-07-13,3,401,734,880,826,286,2,281.93052421105
st_s008_ref,st_s008_ref,7,2013,2010,63.5575502052326,-124.154949987235,2013-07-29,5,280,410,445,261,300,2,100.273069149113
st_s008_ref,st_s008_ref,8,2013,2010,63.5575502052326,-124.154949987235,2013-08-30,11,214,400,479,303,291,2,182.416359436702
st_s008_ref,st_s008_ref,5,2014,2010,63.5575502052326,-124.154949987235,2014-05-13,2,331,546,713,404,291,2,312.303529552291
st_s008_ref,st_s008_ref,6,2014,2010,63.5575502052326,-124.154949987235,2014-06-30,2,346,548,596,511,302,2,188.75116075923
st_s008_ref,st_s008_ref,8,2014,2010,63.5575502052326,-124.154949987235,2014-08-01,4,175,297,309,337,288,2,128.527291550256
st_s008_ref,st_s008_ref,5,2015,2015,63.5575502052326,-124.154949987235,2015-05-16,3,445,644,820,537,287,2,412.218961669064
st_s008_ref,st_s008_ref,8,2015,2015,63.5575502052326,-124.154949987235,2015-08-04,6,268,502,604,367,297,2,179.855464822133
st_s008_ref,st_s008_ref,8,2015,2015,63.5575502052326,-124.154949987235,2015-08-20,2,377,690,776,272,287,2,102.987193666469
st_s008_ref,st_s008_ref,8,2016,2015,63.5575502052326,-124.154949987235,2016-08-22,1,371,501,664,507,298,2,616.330344379164
st_s008_ref,st_s008_ref,6,2017,2015,63.5575502052326,-124.154949987235,2017-06-06,28,388,669,841,503,293,2,278.073257339388
st_s008_ref,st_s008_ref,6,2017,2015,63.5575502052326,-124.154949987235,2017-06-22,2,349,673,734,554,292,2,125.522905384047
st_s008_ref,st_s008_ref,7,2017,2015,63.5575502052326,-124.154949987235,2017-07-08,2,470,826,955,1084,301,2,337.18821418507
st_s008_ref,st_s008_ref,8,2017,2015,63.5575502052326,-124.154949987235,2017-08-09,2,363,508,596,492,299,2,280.015611811435
st_s008_ref,st_s008_ref,8,2017,2015,63.5575502052326,-124.154949987235,2017-08-25,2,232,420,540,268,292,2,184.047679735016
st_s008_ref,st_s008_ref,6,2021,2015,63.5575502052326,-124.154949987235,2021-06-17,2,279,553,633,648,292,2,182.687113531824
st_s008_ref,st_s008_ref,8,2021,2015,63.5575502052326,-124.154949987235,2021-08-20,3,287,520,630,432,289,2,244.2519804248
st_s008_ref,st_s008_ref,5,2022,2015,63.5575502052326,-124.154949987235,2022-05-19,4,427,697,900,720,286,2,441.930095346769
st_s008_ref,st_s008_ref,7,2022,2015,63.5575502052326,-124.154949987235,2022-07-22,2,199,398,451,371,301,2,126.960782710942
st_s008_ref,st_s008_ref,5,2023,2015,63.5575502052326,-124.154949987235,2023-05-22,2,147,345,403,266,292,2,130.838042769732
st_s008_ref,st_s008_ref,5,2024,2015,63.5575502052326,-124.154949987235,2024-05-08,2,305,556,756,534,284,2,461.425938370407
st_s008_ref,st_s008_ref,6,2024,2015,63.5575502052326,-124.154949987235,2024-06-09,10,203,362,460,239,294,2,243.686477161758
st_s008_ref,st_s008_ref,6,2024,2015,63.5575502052326,-124.154949987235,2024-06-25,5,497,850,1002,1083,296,2,369.184222456871
st_s008_ref,st_s008_ref,7,2013,2010,63.5575502052326,-124.154949987235,2013-07-20,7,347,535,605,422,299,2,155.697249884404
st_s008_ref,st_s008_ref,9,2013,2010,63.5575502052326,-124.154949987235,2013-09-06,12,173,391,465,325,291,2,119.972770793134
st_s008_ref,st_s008_ref,5,2014,2010,63.5575502052326,-124.154949987235,2014-05-04,3,312,506,664,493,279,2,452.235026170824
st_s008_ref,st_s008_ref,6,2014,2010,63.5575502052326,-124.154949987235,2014-06-05,15,329,592,719,485,291,2,260.856426464349
st_s008_ref,st_s008_ref,7,2014,2010,63.5575502052326,-124.154949987235,2014-07-23,20,502,844,1046,723,297,2,304.647238222907
st_s008_ref,st_s008_ref,5,2015,2015,63.5575502052326,-124.154949987235,2015-05-23,2,230,465,505,334,297,2,89.0464593785214
st_s008_ref,st_s008_ref,5,2016,2015,63.5575502052326,-124.154949987235,2016-05-09,31,433,694,903,606,283,2,374.718838557262
st_s008_ref,st_s008_ref,6,2016,2015,63.5575502052326,-124.154949987235,2016-06-10,2,282,512,567,290,299,2,107.936818236871
st_s008_ref,st_s008_ref,7,2016,2015,63.5575502052326,-124.154949987235,2016-07-28,5,309,556,589,379,301,2,78.9339026976611
st_s008_ref,st_s008_ref,8,2016,2015,63.5575502052326,-124.154949987235,2016-08-13,10,235,417,490,333,300,2,211.461494672309
st_s008_ref,st_s008_ref,5,2017,2015,63.5575502052326,-124.154949987235,2017-05-12,40,503,772,972,1012,284,2,619.40902885053
st_s008_ref,st_s008_ref,5,2017,2015,63.5575502052326,-124.154949987235,2017-05-28,16,328,585,683,452,294,2,168.792001578057
st_s008_ref,st_s008_ref,7,2017,2015,63.5575502052326,-124.154949987235,2017-07-31,7,350,608,755,416,295,2,235.109791841233
st_s008_ref,st_s008_ref,5,2018,2015,63.5575502052326,-124.154949987235,2018-05-31,16,288,536,645,401,292,2,206.827695955854
st_s008_ref,st_s008_ref,6,2018,2015,63.5575502052326,-124.154949987235,2018-06-16,32,396,726,933,638,296,2,310.355234611222
st_s008_ref,st_s008_ref,8,2018,2015,63.5575502052326,-124.154949987235,2018-08-19,2,150,333,359,391,289,2,137.109587120115
st_s008_ref,st_s008_ref,5,2019,2015,63.5575502052326,-124.154949987235,2019-05-18,3,309,610,781,592,289,2,292.289831828741
st_s008_ref,st_s008_ref,7,2021,2015,63.5575502052326,-124.154949987235,2021-07-10,2,328,700,703,838,296,2,140.724955697277
st_s008_ref,st_s008_ref,8,2021,2015,63.5575502052326,-124.154949987235,2021-08-11,27,436,728,829,455,290,2,170.666774183427
st_s008_ref,st_s008_ref,8,2021,2015,63.5575502052326,-124.154949987235,2021-08-27,9,201,415,490,336,292,2,142.346097199343
st_s008_ref,st_s008_ref,5,2022,2015,63.5575502052326,-124.154949987235,2022-05-10,4,163,554,748,638,278,2,168.239796917697
st_s008_ref,st_s008_ref,6,2022,2015,63.5575502052326,-124.154949987235,2022-06-27,11,203,391,465,282,297,2,143.809821746549
st_s008_ref,st_s008_ref,5,2023,2015,63.5575502052326,-124.154949987235,2023-05-13,6,398,654,870,513,292,2,466.062655665226
st_s008_ref,st_s008_ref,5,2024,2015,63.5575502052326,-124.154949987235,2024-05-31,3,464,806,997,718,291,2,299.944631691037
st_s008_ref,st_s008_ref,7,2013,2010,63.5575502052326,-124.154949987235,2013-07-20,13,272,440,490,360,298,2,131.163590674216
st_s008_ref,st_s008_ref,9,2013,2010,63.5575502052326,-124.154949987235,2013-09-06,12,186,381,451,281,291,2,123.941330038929
st_s008_ref,st_s008_ref,5,2014,2010,63.5575502052326,-124.154949987235,2014-05-04,3,282,478,627,579,278,2,566.250073777559
st_s008_ref,st_s008_ref,6,2014,2010,63.5575502052326,-124.154949987235,2014-06-05,15,342,605,724,476,291,2,227.187188748344
st_s008_ref,st_s008_ref,7,2014,2010,63.5575502052326,-124.154949987235,2014-07-23,10,499,845,1039,724,297,2,295.623767654307
st_s008_ref,st_s008_ref,5,2016,2015,63.5575502052326,-124.154949987235,2016-05-09,26,410,687,896,589,283,2,363.75155250808
st_s008_ref,st_s008_ref,6,2016,2015,63.5575502052326,-124.154949987235,2016-06-10,2,361,577,642,531,300,2,170.548176582293
st_s008_ref,st_s008_ref,7,2016,2015,63.5575502052326,-124.154949987235,2016-07-28,8,287,511,558,381,301,2,97.7114244844702
st_s008_ref,st_s008_ref,8,2016,2015,63.5575502052326,-124.154949987235,2016-08-13,5,226,421,490,326,299,2,173.53201846237
st_s008_ref,st_s008_ref,5,2017,2015,63.5575502052326,-124.154949987235,2017-05-12,39,503,770,969,1010,284,2,618.515256883796
st_s008_ref,st_s008_ref,5,2017,2015,63.5575502052326,-124.154949987235,2017-05-28,13,309,579,691,438,294,2,173.159964463309
st_s008_ref,st_s008_ref,7,2017,2015,63.5575502052326,-124.154949987235,2017-07-31,3,393,643,783,641,297,2,298.607734000583
st_s008_ref,st_s008_ref,5,2018,2015,63.5575502052326,-124.154949987235,2018-05-31,13,298,538,644,381,292,2,204.462709282799
st_s008_ref,st_s008_ref,6,2018,2015,63.5575502052326,-124.154949987235,2018-06-16,33,426,729,929,625,296,2,309.054731925119
st_s008_ref,st_s008_ref,8,2018,2015,63.5575502052326,-124.154949987235,2018-08-19,2,192,396,432,393,290,2,99.8868312232418
st_s008_ref,st_s008_ref,5,2019,2015,63.5575502052326,-124.154949987235,2019-05-18,4,313,600,762,650,289,2,355.856045576605
st_s008_ref,st_s008_ref,8,2020,2015,63.5575502052326,-124.154949987235,2020-08-24,2,221,469,524,442,290,2,133.820178407394
st_s008_ref,st_s008_ref,7,2021,2015,63.5575502052326,-124.154949987235,2021-07-10,2,319,695,680,997,297,2,105.673493317359
st_s008_ref,st_s008_ref,8,2021,2015,63.5575502052326,-124.154949987235,2021-08-11,16,420,725,809,602,290,2,183.130786882772
st_s008_ref,st_s008_ref,8,2021,2015,63.5575502052326,-124.154949987235,2021-08-27,9,237,390,475,334,293,2,240.0078156406
st_s008_ref,st_s008_ref,5,2022,2015,63.5575502052326,-124.154949987235,2022-05-10,5,194,531,713,570,278,2,271.737217406057
st_s008_ref,st_s008_ref,6,2022,2015,63.5575502052326,-124.154949987235,2022-06-27,10,202,380,448,283,297,2,156.450340770718
st_s008_ref,st_s008_ref,5,2023,2015,63.5575502052326,-124.154949987235,2023-05-13,2,371,667,885,644,293,2,426.485291501071
st_s008_ref,st_s008_ref,5,2024,2015,63.5575502052326,-124.154949987235,2024-05-31,4,458,802,1005,736,291,2,331.858979882836
st_s008_ref,st_s008_ref,5,2013,2010,63.5575502052326,-124.154949987235,2013-05-24,3,286,534,651,540,288,2,257.644426647279
st_s008_ref,st_s008_ref,6,2013,2010,63.5575502052326,-124.154949987235,2013-06-25,24,166,240,213,249,298,2,32.1822628784133
st_s008_ref,st_s008_ref,8,2013,2010,63.5575502052326,-124.154949987235,2013-08-12,2,359,578,639,594,303,2,158.911594172577
st_s008_ref,st_s008_ref,8,2013,2010,63.5575502052326,-124.154949987235,2013-08-28,27,231,492,603,346,285,2,154.757970711718
st_s008_ref,st_s008_ref,5,2014,2010,63.5575502052326,-124.154949987235,2014-05-27,5,558,876,1056,1296,288,2,647.033513674142
st_s008_ref,st_s008_ref,6,2014,2010,63.5575502052326,-124.154949987235,2014-06-28,9,287,506,559,466,300,2,174.716256055415
st_s008_ref,st_s008_ref,7,2014,2010,63.5575502052326,-124.154949987235,2014-07-14,7,292,504,525,532,302,2,119.725754086352
st_s008_ref,st_s008_ref,8,2014,2010,63.5575502052326,-124.154949987235,2014-08-15,14,194,392,502,344,297,2,236.511906011329
st_s008_ref,st_s008_ref,5,2015,2015,63.5575502052326,-124.154949987235,2015-05-14,2,98,374,427,497,281,2,58.1761757958474
st_s008_ref,st_s008_ref,8,2015,2015,63.5575502052326,-124.154949987235,2015-08-02,3,322,633,810,615,291,2,316.940355705774
st_s008_ref,st_s008_ref,9,2015,2015,63.5575502052326,-124.154949987235,2015-09-03,33,330,619,782,485,281,2,228.41258582694
st_s008_ref,st_s008_ref,6,2016,2015,63.5575502052326,-124.154949987235,2016-06-17,8,288,460,533,352,289,2,198.836676197166
st_s008_ref,st_s008_ref,8,2016,2015,63.5575502052326,-124.154949987235,2016-08-20,4,266,484,572,447,295,2,219.719858494988
st_s008_ref,st_s008_ref,9,2016,2015,63.5575502052326,-124.154949987235,2016-09-05,16,241,464,544,400,290,2,170.643277697097
st_s008_ref,st_s008_ref,5,2017,2015,63.5575502052326,-124.154949987235,2017-05-19,2,179,813,1108,952,285,2,99.1168292022592
st_s008_ref,st_s008_ref,6,2017,2015,63.5575502052326,-124.154949987235,2017-06-20,33,490,830,1021,851,294,2,344.034535743042
st_s008_ref,st_s008_ref,7,2017,2015,63.5575502052326,-124.154949987235,2017-07-06,3,522,899,1057,1339,295,2,541.454465388223
st_s008_ref,st_s008_ref,8,2017,2015,63.5575502052326,-124.154949987235,2017-08-07,8,229,437,511,325,298,2,196.428735517775
st_s008_ref,st_s008_ref,5,2018,2015,63.5575502052326,-124.154949987235,2018-05-06,5,501,1032,1294,1420,278,2,530.912972873015
st_s008_ref,st_s008_ref,6,2018,2015,63.5575502052326,-124.154949987235,2018-06-07,16,315,608,730,444,293,2,180.879091312938
st_s008_ref,st_s008_ref,7,2018,2015,63.5575502052326,-124.154949987235,2018-07-09,2,277,550,600,676,300,2,168.005418048942
st_s008_ref,st_s008_ref,7,2018,2015,63.5575502052326,-124.154949987235,2018-07-25,2,253,504,539,583,302,2,141.731423159279
st_s008_ref,st_s008_ref,5,2019,2015,63.5575502052326,-124.154949987235,2019-05-25,12,291,535,676,453,295,2,269.919897079157
st_s008_ref,st_s008_ref,6,2019,2015,63.5575502052326,-124.154949987235,2019-06-10,6,281,515,662,355,290,2,218.480825437831
st_s008_ref,st_s008_ref,5,2020,2015,63.5575502052326,-124.154949987235,2020-05-11,7,476,809,1009,1043,284,2,527.43405104194
st_s008_ref,st_s008_ref,6,2020,2015,63.5575502052326,-124.154949987235,2020-06-12,22,286,537,684,386,296,2,226.689518428304
st_s008_ref,st_s008_ref,6,2020,2015,63.5575502052326,-124.154949987235,2020-06-28,31,440,786,1004,660,293,2,290.744039456755
st_s008_ref,st_s008_ref,7,2020,2015,63.5575502052326,-124.154949987235,2020-07-14,3,356,662,823,960,283,2,556.907621960081
st_s008_ref,st_s008_ref,7,2020,2015,63.5575502052326,-124.154949987235,2020-07-30,2,195,501,376,1008,297,2,9.19342887443615
st_s008_ref,st_s008_ref,5,2021,2015,63.5575502052326,-124.154949987235,2021-05-30,17,206,389,498,343,287,2,278.91533514179
st_s008_ref,st_s008_ref,7,2021,2015,63.5575502052326,-124.154949987235,2021-07-01,7,466,796,896,1105,293,2,344.984530713095
st_s008_ref,st_s008_ref,7,2021,2015,63.5575502052326,-124.154949987235,2021-07-17,23,506,871,1049,693,295,2,277.241836794758
st_s008_ref,st_s008_ref,6,2022,2015,63.5575502052326,-124.154949987235,2022-06-02,12,300,547,688,393,298,2,222.986187783787
st_s008_ref,st_s008_ref,6,2022,2015,63.5575502052326,-124.154949987235,2022-06-18,23,306,576,735,540,297,2,304.367018609548
st_s008_ref,st_s008_ref,7,2022,2015,63.5575502052326,-124.154949987235,2022-07-04,6,220,423,481,368,298,2,158.83734027491
st_s008_ref,st_s008_ref,8,2022,2015,63.5575502052326,-124.154949987235,2022-08-05,35,55,88,68,119,298,2,14.0371948157605
st_s008_ref,st_s008_ref,5,2023,2015,63.5575502052326,-124.154949987235,2023-05-04,5,358,749,970,1044,279,2,503.324636795121
st_s008_ref,st_s008_ref,7,2023,2015,63.5575502052326,-124.154949987235,2023-07-07,9,229,440,527,368,303,2,200.638018132916
st_s008_ref,st_s008_ref,5,2024,2015,63.5575502052326,-124.154949987235,2024-05-06,24,417,707,932,746,287,2,491.152275927406
st_s008_ref,st_s008_ref,5,2024,2015,63.5575502052326,-124.154949987235,2024-05-22,9,291,490,609,379,293,2,307.281385009133
st_s008_ref,st_s008_ref,5,2022,2015,63.5575502052326,-124.154949987235,2022-05-11,4,195,527,712,666,281,2,328.49860915518
st_s008_ref,st_s008_ref,5,2023,2015,63.5575502052326,-124.154949987235,2023-05-14,6,272,506,688,403,292,2,276.501400826919
st_s008_ref,st_s008_ref,4,2024,2015,63.5575502052326,-124.154949987235,2024-04-30,2,535,845,845,669,281,2,157.631854879598
st_s008_ref,st_s008_ref,6,2024,2015,63.5575502052326,-124.154949987235,2024-06-01,6,467,779,980,753,293,2,377.272521607418
st_s008_ref,st_s008_ref,6,2022,2015,63.5575502052326,-124.154949987235,2022-06-03,2,268,532,637,404,297,2,176.497541018318
st_s008_ref,st_s008_ref,6,2022,2015,63.5575502052326,-124.154949987235,2022-06-19,3,246,474,577,406,297,2,215.275989446548
st_s008_ref,st_s008_ref,5,2023,2015,63.5575502052326,-124.154949987235,2023-05-05,5,287,685,859,1061,282,2,397.928675069976
st_s008_ref,st_s008_ref,6,2023,2015,63.5575502052326,-124.154949987235,2023-06-22,8,264,492,605,463,298,2,319.314858380368
st_s008_ref,st_s008_ref,7,2023,2015,63.5575502052326,-124.154949987235,2023-07-08,10,227,470,541,381,306,2,166.978728317764
st_s008_ref,st_s008_ref,6,2022,2015,63.5575502052326,-124.154949987235,2022-06-03,2,264,538,648,364,297,2,163.764993630203
st_s008_ref,st_s008_ref,6,2022,2015,63.5575502052326,-124.154949987235,2022-06-19,3,270,505,596,520,296,2,226.277443442605
st_s008_ref,st_s008_ref,5,2023,2015,63.5575502052326,-124.154949987235,2023-05-05,5,286,683,855,994,282,2,392.747918203187
st_s008_ref,st_s008_ref,6,2023,2015,63.5575502052326,-124.154949987235,2023-06-22,1,371,569,688,605,299,2,299.720511673324
st_s008_ref,st_s008_ref,7,2023,2015,63.5575502052326,-124.154949987235,2023-07-08,5,223,460,521,374,306,2,144.712381512658
st_s008_ref,st_s008_ref,5,2022,2015,63.5575502052326,-124.154949987235,2022-05-09,5,183,547,766,722,279,2,359.532700485834
st_s008_ref,st_s008_ref,6,2022,2015,63.5575502052326,-124.154949987235,2022-06-26,10,229,412,485,356,294,2,176.873740492827
st_s008_ref,st_s008_ref,7,2022,2015,63.5575502052326,-124.154949987235,2022-07-28,3,229,453,514,364,295,2,137.802051588338
st_s008_ref,st_s008_ref,8,2022,2015,63.5575502052326,-124.154949987235,2022-08-13,2,242,429,520,486,300,2,402.030626351436
st_s008_ref,st_s008_ref,5,2023,2015,63.5575502052326,-124.154949987235,2023-05-12,3,298,573,744,634,291,2,378.33645581428
st_s008_ref,st_s008_ref,6,2023,2015,63.5575502052326,-124.154949987235,2023-06-29,2,320,618,717,518,300,2,182.670052712696
st_s009,st_s009,8,1995,1995,63.9490202052524,-124.124815486923,1995-08-13,4,504,671,806,595,298,3,126.971735548157
st_s009,st_s009,7,1985,1990,63.9490202052524,-124.124815486923,1985-07-23,8,329,457,504,468,292,3,94.4430927931402
st_s009,st_s009,8,1985,1990,63.9490202052524,-124.124815486923,1985-08-08,5,301,477,521,471,293,3,89.3336804389053
st_s009,st_s009,8,1986,1990,63.9490202052524,-124.124815486923,1986-08-27,2,389,632,662,669,285,3,74.6275238736169
st_s009,st_s009,8,1987,1990,63.9490202052524,-124.124815486923,1987-08-14,6,256,419,511,494,293,3,160.420667647605
st_s009,st_s009,5,1988,1990,63.9490202052524,-124.124815486923,1988-05-12,10,378,499,611,447,288,3,122.410872139868
st_s009,st_s009,7,1988,1990,63.9490202052524,-124.124815486923,1988-07-31,15,357,450,473,426,294,3,59.7043286728861
st_s009,st_s009,9,1988,1990,63.9490202052524,-124.124815486923,1988-09-01,12,286,420,469,352,290,3,91.814827559825
st_s009,st_s009,6,1990,1990,63.9490202052524,-124.124815486923,1990-06-03,1,358,457,506,483,291,3,77.7353728760005
st_s009,st_s009,7,1990,1990,63.9490202052524,-124.124815486923,1990-07-05,10,270,355,378,329,295,3,55.8349659960228
st_s009,st_s009,7,1990,1990,63.9490202052524,-124.124815486923,1990-07-21,2,741,775,542,962,302,3,8.2069845721811
st_s009,st_s009,7,1991,1990,63.9490202052524,-124.124815486923,1991-07-24,5,305,436,485,492,299,3,120.473585786645
st_s009,st_s009,7,1992,1990,63.9490202052524,-124.124815486923,1992-07-26,1,234,364,434,437,294,3,109.754362990679
st_s009,st_s009,5,1993,1990,63.9490202052524,-124.124815486923,1993-05-10,27,527,712,790,700,281,3,107.996705765432
st_s009,st_s009,5,1993,1990,63.9490202052524,-124.124815486923,1993-05-26,28,437,483,527,430,284,3,72.2245567412935
st_s009,st_s009,6,1993,1990,63.9490202052524,-124.124815486923,1993-06-11,61,214,284,253,507,286,3,35.7418590461016
st_s009,st_s009,8,1993,1990,63.9490202052524,-124.124815486923,1993-08-14,8,280,387,502,441,293,3,186.311934025654
st_s009,st_s009,7,1994,1990,63.9490202052524,-124.124815486923,1994-07-16,4,341,552,584,593,302,3,86.2682728162647
st_s009,st_s009,8,1994,1990,63.9490202052524,-124.124815486923,1994-08-01,9,598,709,661,983,296,3,60.9147183577592
st_s009,st_s009,9,1995,1995,63.9490202052524,-124.124815486923,1995-09-05,17,591,852,1023,737,282,3,150.222878484896
st_s009,st_s009,5,1996,1995,63.9490202052524,-124.124815486923,1996-05-18,2,770,998,1200,1000,284,3,206.641959225505
st_s009,st_s009,5,1998,1995,63.9490202052524,-124.124815486923,1998-05-08,21,327,466,544,307,285,3,73.6352668133582
st_s009,st_s009,6,1998,1995,63.9490202052524,-124.124815486923,1998-06-09,4,275,353,346,357,299,3,44.8665007211457
st_s009,st_s009,6,1998,1995,63.9490202052524,-124.124815486923,1998-06-25,17,190,254,228,278,292,3,27.0966634130406
st_s009,st_s009,7,1998,1995,63.9490202052524,-124.124815486923,1998-07-11,17,351,459,429,635,296,3,44.369149450371
st_s009,st_s009,7,1999,1995,63.9490202052524,-124.124815486923,1999-07-14,12,291,383,411,342,291,3,62.8358426780537
st_s009,st_s009,7,1999,1995,63.9490202052524,-124.124815486923,1999-07-30,9,256,386,411,326,290,3,58.9106730078324
st_s009,st_s009,8,1999,1995,63.9490202052524,-124.124815486923,1999-08-15,6,201,312,358,340,296,3,92.93190088122
st_s009,st_s009,8,2003,2000,63.9490202052524,-124.124815486923,2003-08-10,5,236,324,320,374,289,3,55.7594202943176
st_s009,st_s009,8,2003,2000,63.9490202052524,-124.124815486923,2003-08-26,4,292,411,432,437,294,3,60.9020149918419
st_s009,st_s009,7,2004,2000,63.9490202052524,-124.124815486923,2004-07-11,1,408,539,442,1112,295,3,40.7447839477791
st_s009,st_s009,8,2004,2000,63.9490202052524,-124.124815486923,2004-08-28,7,316,451,514,373,287,3,94.9969530835512
st_s009,st_s009,6,2005,2005,63.9490202052524,-124.124815486923,2005-06-28,2,251,310,348,348,301,3,70.7731830910218
st_s009,st_s009,8,2005,2005,63.9490202052524,-124.124815486923,2005-08-15,4,215,400,465,343,290,3,92.3008555634335
st_s009,st_s009,8,2005,2005,63.9490202052524,-124.124815486923,2005-08-31,8,380,533,533,442,288,3,50.1843340512366
st_s009,st_s009,5,2006,2005,63.9490202052524,-124.124815486923,2006-05-14,3,626,813,985,1028,286,3,187.554561843178
st_s009,st_s009,5,2006,2005,63.9490202052524,-124.124815486923,2006-05-30,14,616,695,730,798,281,3,62.4939053112806
st_s009,st_s009,7,2006,2005,63.9490202052524,-124.124815486923,2006-07-01,7,287,346,380,369,297,3,61.5286246589421
st_s009,st_s009,6,2007,2005,63.9490202052524,-124.124815486923,2007-06-18,7,282,407,423,389,291,3,48.6938837914645
st_s009,st_s009,9,2007,2005,63.9490202052524,-124.124815486923,2007-09-06,1,515,735,748,1029,288,3,76.7590344604743
st_s009,st_s009,5,2008,2005,63.9490202052524,-124.124815486923,2008-05-03,6,1643,1870,1900,1391,277,3,69.0309238907595
st_s009,st_s009,5,2008,2005,63.9490202052524,-124.124815486923,2008-05-19,41,455,700,773,481,285,3,80.202816043204
st_s009,st_s009,7,2008,2005,63.9490202052524,-124.124815486923,2008-07-22,4,286,498,535,424,296,3,67.1649576177192
st_s009,st_s009,5,2009,2005,63.9490202052524,-124.124815486923,2009-05-22,2,475,681,787,935,289,3,161.33146041233
st_s009,st_s009,7,2009,2005,63.9490202052524,-124.124815486923,2009-07-09,10,206,324,323,355,289,3,63.0993197707767
st_s009,st_s009,7,2009,2005,63.9490202052524,-124.124815486923,2009-07-25,3,285,348,342,447,293,3,59.3448075375148
st_s009,st_s009,8,2010,2010,63.9490202052524,-124.124815486923,2010-08-13,5,264,309,310,378,295,3,64.9212102444101
st_s009,st_s009,5,2011,2010,63.9490202052524,-124.124815486923,2011-05-28,2,408,576,616,737,293,3,87.2912857207296
st_s009,st_s009,6,2011,2010,63.9490202052524,-124.124815486923,2011-06-29,3,368,557,506,1056,295,3,79.7367422126011
st_s009,st_s009,7,2011,2010,63.9490202052524,-124.124815486923,2011-07-15,8,342,492,572,491,296,3,115.770428670364
st_s009,st_s009,5,1984,1990,63.9490202052524,-124.124815486923,1984-05-08,22,407,554,660,487,287,3,125.875979874472
st_s009,st_s009,6,1984,1990,63.9490202052524,-124.124815486923,1984-06-25,4,438,590,662,638,295,3,124.329056919644
st_s009,st_s009,7,1985,1990,63.9490202052524,-124.124815486923,1985-07-30,9,348,472,561,403,295,3,116.249361768251
st_s009,st_s009,5,1986,1990,63.9490202052524,-124.124815486923,1986-05-14,17,530,730,856,675,281,3,153.701327027165
st_s009,st_s009,7,1986,1990,63.9490202052524,-124.124815486923,1986-07-17,9,274,372,430,344,296,3,85.3902592378763
st_s009,st_s009,9,1986,1990,63.9490202052524,-124.124815486923,1986-09-03,12,725,941,1025,1059,279,3,124.749684143512
st_s009,st_s009,7,1987,1990,63.9490202052524,-124.124815486923,1987-07-04,8,324,394,447,453,298,3,75.2617924810705
st_s009,st_s009,9,1987,1990,63.9490202052524,-124.124815486923,1987-09-06,4,369,572,653,496,287,3,114.776368213006
st_s009,st_s009,6,1988,1990,63.9490202052524,-124.124815486923,1988-06-20,9,236,329,386,337,294,3,91.610789716236
st_s009,st_s009,8,1988,1990,63.9490202052524,-124.124815486923,1988-08-07,4,220,396,407,333,296,3,55.7218453987289
st_s009,st_s009,8,1988,1990,63.9490202052524,-124.124815486923,1988-08-23,2,529,651,720,654,290,3,75.4457215959407
st_s009,st_s009,8,1989,1990,63.9490202052524,-124.124815486923,1989-08-10,10,307,431,485,483,300,3,102.295086067592
st_s009,st_s009,8,1989,1990,63.9490202052524,-124.124815486923,1989-08-26,3,250,382,485,391,293,3,129.840407305095
st_s009,st_s009,6,1990,1990,63.9490202052524,-124.124815486923,1990-06-10,10,269,344,396,336,286,3,82.3557313132462
st_s009,st_s009,7,1990,1990,63.9490202052524,-124.124815486923,1990-07-12,3,243,390,441,351,294,3,80.8756140015608
st_s009,st_s009,8,1990,1990,63.9490202052524,-124.124815486923,1990-08-13,4,270,416,512,403,294,3,127.419360932947
st_s009,st_s009,5,1991,1990,63.9490202052524,-124.124815486923,1991-05-12,32,589,861,1018,729,284,3,171.635267453944
st_s009,st_s009,5,1991,1990,63.9490202052524,-124.124815486923,1991-05-28,3,346,498,497,550,286,3,58.2094271780907
st_s009,st_s009,6,1991,1990,63.9490202052524,-124.124815486923,1991-06-29,15,278,345,374,301,294,3,55.5409578488494
st_s009,st_s009,7,1991,1990,63.9490202052524,-124.124815486923,1991-07-15,7,318,428,511,477,296,3,142.59905884353
st_s009,st_s009,5,1992,1990,63.9490202052524,-124.124815486923,1992-05-30,10,578,900,998,1045,289,3,135.722324829893
st_s009,st_s009,7,1992,1990,63.9490202052524,-124.124815486923,1992-07-17,1,454,547,540,1029,292,3,64.8253631230805
st_s009,st_s009,8,1993,1990,63.9490202052524,-124.124815486923,1993-08-21,6,328,513,603,539,296,3,106.168149020344
st_s009,st_s009,7,1994,1990,63.9490202052524,-124.124815486923,1994-07-23,6,266,402,497,368,299,3,106.404856580146
st_s009,st_s009,8,1994,1990,63.9490202052524,-124.124815486923,1994-08-08,5,541,618,654,724,296,3,93.4856536523622
st_s009,st_s009,5,1995,1995,63.9490202052524,-124.124815486923,1995-05-23,8,355,393,474,377,284,3,91.1375635421404
st_s009,st_s009,8,1995,1995,63.9490202052524,-124.124815486923,1995-08-11,11,585,766,908,826,296,3,140.059492076237
st_s009,st_s009,6,1996,1995,63.9490202052524,-124.124815486923,1996-06-26,10,363,435,490,451,300,3,91.1354021641919
st_s009,st_s009,7,1996,1995,63.9490202052524,-124.124815486923,1996-07-12,41,657,1049,1201,1473,287,3,282.227637557964
st_s009,st_s009,7,1996,1995,63.9490202052524,-124.124815486923,1996-07-28,15,374,509,558,560,290,3,97.3324783194836
st_s009,st_s009,5,1997,1995,63.9490202052524,-124.124815486923,1997-05-12,26,627,966,1160,1043,281,3,234.840762880432
st_s009,st_s009,8,1997,1995,63.9490202052524,-124.124815486923,1997-08-16,7,232,375,487,364,293,3,163.785135094442
st_s009,st_s009,9,1997,1995,63.9490202052524,-124.124815486923,1997-09-01,3,231,286,384,369,292,3,204.708551729828
st_s009,st_s009,7,1998,1995,63.9490202052524,-124.124815486923,1998-07-02,4,397,517,513,710,298,3,50.3254359060263
st_s009,st_s009,6,1999,1995,63.9490202052524,-124.124815486923,1999-06-19,2,477,699,701,874,294,3,91.4584804071469
st_s009,st_s009,7,1999,1995,63.9490202052524,-124.124815486923,1999-07-05,10,284,370,393,307,288,3,55.1452188272457
st_s009,st_s009,8,1999,1995,63.9490202052524,-124.124815486923,1999-08-06,2,302,342,381,393,295,3,102.723626793643
st_s009,st_s009,7,2003,2000,63.9490202052524,-124.124815486923,2003-07-16,8,260,351,417,379,297,3,109.870447912706
st_s009,st_s009,7,2004,2000,63.9490202052524,-124.124815486923,2004-07-02,3,279,365,388,333,296,3,48.8797159462415
st_s009,st_s009,5,2005,2005,63.9490202052524,-124.124815486923,2005-05-02,7,565,827,967,748,284,3,135.867593141435
st_s009,st_s009,6,2005,2005,63.9490202052524,-124.124815486923,2005-06-19,9,372,502,536,567,290,3,75.8316665622384
st_s009,st_s009,7,2005,2005,63.9490202052524,-124.124815486923,2005-07-21,3,456,516,628,624,289,3,120.627153296303
st_s009,st_s009,8,2005,2005,63.9490202052524,-124.124815486923,2005-08-06,5,324,538,577,520,295,3,83.9468494210372
st_s009,st_s009,6,2006,2005,63.9490202052524,-124.124815486923,2006-06-22,16,141,197,185,286,291,3,39.9191425218706
st_s009,st_s009,5,2007,2005,63.9490202052524,-124.124815486923,2007-05-24,2,418,597,628,770,294,3,82.9421329744797
st_s009,st_s009,6,2007,2005,63.9490202052524,-124.124815486923,2007-06-25,6,257,378,433,357,299,3,67.5032292182618
st_s009,st_s009,8,2007,2005,63.9490202052524,-124.124815486923,2007-08-28,17,293,253,261,304,285,3,61.0418693088616
st_s009,st_s009,8,2008,2005,63.9490202052524,-124.124815486923,2008-08-14,7,265,412,473,405,295,3,91.0888249768165
st_s009,st_s009,5,2009,2005,63.9490202052524,-124.124815486923,2009-05-29,8,360,494,562,373,292,3,85.9327126477063
st_s009,st_s009,6,2009,2005,63.9490202052524,-124.124815486923,2009-06-14,130,275,397,265,733,289,3,17.2263345197828
st_s009,st_s009,6,2010,2010,63.9490202052524,-124.124815486923,2010-06-01,3,302,408,387,434,294,3,37.8690997419287
st_s009,st_s009,7,2010,2010,63.9490202052524,-124.124815486923,2010-07-03,1,754,774,713,719,287,3,37.7340224762448
st_s009,st_s009,7,2010,2010,63.9490202052524,-124.124815486923,2010-07-19,9,303,396,417,420,296,3,58.1208561906315
st_s009,st_s009,8,2010,2010,63.9490202052524,-124.124815486923,2010-08-04,2,288,379,392,417,301,3,51.2022702685399
st_s009,st_s009,9,2010,2010,63.9490202052524,-124.124815486923,2010-09-05,6,213,304,348,365,287,3,118.148062591514
st_s009,st_s009,5,2011,2010,63.9490202052524,-124.124815486923,2011-05-19,12,718,986,1090,999,281,3,133.27624771728
st_s009,st_s009,6,2011,2010,63.9490202052524,-124.124815486923,2011-06-04,4,334,488,556,607,287,3,100.905871123518
st_s009,st_s009,7,2011,2010,63.9490202052524,-124.124815486923,2011-07-22,22,301,499,538,432,293,3,77.7541935019714
st_s009,st_s009,5,2019,2015,63.9490202052524,-124.124815486923,2019-05-19,18,506,595,604,707,281,3,51.0694592199839
st_s009,st_s009,7,2019,2015,63.9490202052524,-124.124815486923,2019-07-22,2,353,430,402,847,294,3,104.833283084506
st_s009,st_s009,6,2020,2015,63.9490202052524,-124.124815486923,2020-06-06,10,303,319,383,317,286,3,144.992829470472
st_s009,st_s009,8,2020,2015,63.9490202052524,-124.124815486923,2020-08-09,15,192,229,254,367,289,3,127.828123045634
st_s009,st_s009,5,2021,2015,63.9490202052524,-124.124815486923,2021-05-24,20,506,557,664,433,282,3,135.152396845293
st_s009,st_s009,8,2021,2015,63.9490202052524,-124.124815486923,2021-08-12,1,463,667,772,995,289,3,205.683540469365
st_s009,st_s009,8,2021,2015,63.9490202052524,-124.124815486923,2021-08-28,4,186,286,276,345,290,3,68.9573764331499
st_s009,st_s009,5,2022,2015,63.9490202052524,-124.124815486923,2022-05-10,60,1015,1229,1404,1449,273,3,217.220354767603
st_s009,st_s009,5,2022,2015,63.9490202052524,-124.124815486923,2022-05-27,5,373,545,614,782,285,3,153.280023299984
st_s009,st_s009,6,2022,2015,63.9490202052524,-124.124815486923,2022-06-13,15,262,305,429,375,284,3,449.836434411202
st_s009,st_s009,6,2022,2015,63.9490202052524,-124.124815486923,2022-06-30,8,509,575,512,977,291,3,39.1935836790127
st_s009,st_s009,7,2022,2015,63.9490202052524,-124.124815486923,2022-07-17,2,349,495,595,576,296,3,179.461243731951
st_s009,st_s009,6,2023,2015,63.9490202052524,-124.124815486923,2023-06-18,22,246,272,266,401,283,3,85.0335743543023
st_s009,st_s009,7,2023,2015,63.9490202052524,-124.124815486923,2023-07-10,13,378,509,372,1188,287,3,36.0941002369182
st_s009,st_s009,8,2023,2015,63.9490202052524,-124.124815486923,2023-08-01,2,578,524,322,940,293,3,15.4826964455581
st_s009,st_s009,8,2023,2015,63.9490202052524,-124.124815486923,2023-08-28,3,467,503,549,586,293,3,78.8500825640795
st_s009,st_s009,5,2023,2015,63.9490202052524,-124.124815486923,2023-05-22,1,254,306,285,362,279,3,28.496162798976
st_s009,st_s009,8,1999,1995,63.9490202052524,-124.124815486923,1999-08-23,1,148,209,192,290,289,3,41.9400201128175
st_s009,st_s009,7,2000,2000,63.9490202052524,-124.124815486923,2000-07-08,4,256,319,320,454,292,3,74.5783358659758
st_s009,st_s009,7,2000,2000,63.9490202052524,-124.124815486923,2000-07-24,20,205,306,378,382,294,3,164.206321711599
st_s009,st_s009,8,2000,2000,63.9490202052524,-124.124815486923,2000-08-09,12,208,259,289,316,291,3,95.8675457918792
st_s009,st_s009,5,2001,2000,63.9490202052524,-124.124815486923,2001-05-24,29,560,690,807,754,278,3,146.879301151483
st_s009,st_s009,7,2003,2000,63.9490202052524,-124.124815486923,2003-07-17,21,375,634,824,605,297,3,169.336610536377
st_s009,st_s009,5,2004,2000,63.9490202052524,-124.124815486923,2004-05-16,12,884,1002,1194,964,282,3,180.484991175716
st_s009,st_s009,8,2005,2005,63.9490202052524,-124.124815486923,2005-08-07,4,240,395,480,486,293,3,92.3308787900905
st_s009,st_s009,5,2006,2005,63.9490202052524,-124.124815486923,2006-05-06,16,1426,1608,1747,1526,275,3,123.404143786563
st_s009,st_s009,8,2006,2005,63.9490202052524,-124.124815486923,2006-08-10,6,268,344,386,471,289,3,109.48053625852
st_s009,st_s009,8,2007,2005,63.9490202052524,-124.124815486923,2007-08-29,2,190,307,350,339,287,3,71.4526098623133
st_s009,st_s009,7,2008,2005,63.9490202052524,-124.124815486923,2008-07-30,1,218,434,438,436,297,3,74.3793426266485
st_s009,st_s009,8,2008,2005,63.9490202052524,-124.124815486923,2008-08-15,5,305,331,446,433,291,3,275.479981608381
st_s009,st_s009,8,2009,2005,63.9490202052524,-124.124815486923,2009-08-18,1,193,251,285,455,289,3,932.008092560645
st_s009,st_s009,7,2010,2010,63.9490202052524,-124.124815486923,2010-07-04,2,352,441,562,583,292,3,297.341700358362
st_s009,st_s009,5,2011,2010,63.9490202052524,-124.124815486923,2011-05-20,3,514,737,942,958,289,3,258.385442992488
st_s009,st_s009,7,2011,2010,63.9490202052524,-124.124815486923,2011-07-07,3,301,416,446,436,290,3,78.7847168887893
st_s009,st_s009,8,2011,2010,63.9490202052524,-124.124815486923,2011-08-24,3,572,644,600,1006,279,3,45.3916159147639
st_s009,st_s009,6,2013,2010,63.9490202052524,-124.124815486923,2013-06-26,1,271,355,369,372,293,3,105.313265003976
st_s009,st_s009,8,2013,2010,63.9490202052524,-124.124815486923,2013-08-29,2,209,329,333,217,285,3,50.9165983093659
st_s009,st_s009,5,2014,2010,63.9490202052524,-124.124815486923,2014-05-12,2,481,720,826,980,285,3,162.172642861548
st_s009,st_s009,6,2014,2010,63.9490202052524,-124.124815486923,2014-06-29,1,467,722,675,1059,287,3,62.663061155977
st_s009,st_s009,7,2014,2010,63.9490202052524,-124.124815486923,2014-07-31,2,500,671,767,1011,287,3,157.991288334342
st_s009,st_s009,5,2015,2015,63.9490202052524,-124.124815486923,2015-05-15,23,514,677,858,679,280,3,230.23450117487
st_s009,st_s009,6,2015,2015,63.9490202052524,-124.124815486923,2015-06-16,10,255,334,392,412,285,3,145.241582133041
st_s009,st_s009,8,2015,2015,63.9490202052524,-124.124815486923,2015-08-03,14,383,479,521,725,290,3,92.4578279827275
st_s009,st_s009,9,2015,2015,63.9490202052524,-124.124815486923,2015-09-04,5,270,435,503,396,285,3,98.0890299815275
st_s009,st_s009,5,2016,2015,63.9490202052524,-124.124815486923,2016-05-01,56,917,1014,1152,1450,280,3,257.245752840933
st_s009,st_s009,6,2016,2015,63.9490202052524,-124.124815486923,2016-06-18,8,250,339,420,475,288,3,202.565880939295
st_s009,st_s009,7,2016,2015,63.9490202052524,-124.124815486923,2016-07-04,5,685,779,728,1303,295,3,49.5987870657846
st_s009,st_s009,8,2016,2015,63.9490202052524,-124.124815486923,2016-08-21,5,236,330,338,407,293,3,95.3251209676315
st_s009,st_s009,5,2017,2015,63.9490202052524,-124.124815486923,2017-05-20,3,426,613,691,730,291,3,83.76917494431
st_s009,st_s009,7,2017,2015,63.9490202052524,-124.124815486923,2017-07-07,2,343,459,469,648,295,3,71.5745406911878
st_s009,st_s009,7,2017,2015,63.9490202052524,-124.124815486923,2017-07-23,6,663,745,767,1326,283,3,114.57456912075
st_s009,st_s009,8,2017,2015,63.9490202052524,-124.124815486923,2017-08-08,1,352,454,457,457,295,3,54.6432177983432
st_s009,st_s009,7,2018,2015,63.9490202052524,-124.124815486923,2018-07-26,1,328,407,395,639,296,3,56.6597379251539
st_s009,st_s009,5,2019,2015,63.9490202052524,-124.124815486923,2019-05-10,2,774,850,942,1085,272,3,137.647063223777
st_s009,st_s009,5,2020,2015,63.9490202052524,-124.124815486923,2020-05-12,30,697,948,1203,1087,278,3,322.656433211236
st_s009,st_s009,5,2020,2015,63.9490202052524,-124.124815486923,2020-05-28,6,456,658,790,749,286,3,143.494960895121
st_s009,st_s009,7,2020,2015,63.9490202052524,-124.124815486923,2020-07-15,1,319,441,650,555,296,3,477.885077663835
st_s009,st_s009,7,2020,2015,63.9490202052524,-124.124815486923,2020-07-31,5,452,515,417,1045,292,3,23.2914981053027
st_s009,st_s009,6,2021,2015,63.9490202052524,-124.124815486923,2021-06-16,4,207,280,333,368,287,3,171.626161729399
st_s009,st_s009,7,2021,2015,63.9490202052524,-124.124815486923,2021-07-18,3,185,281,269,436,293,3,107.928138775218
st_s009,st_s009,9,2021,2015,63.9490202052524,-124.124815486923,2021-09-04,5,221,331,424,457,291,3,273.41133647961
st_s009,st_s009,7,2022,2015,63.9490202052524,-124.124815486923,2022-07-05,3,224,341,323,380,296,3,63.0345940449906
st_s009,st_s009,7,2022,2015,63.9490202052524,-124.124815486923,2022-07-22,5,214,319,389,480,295,3,240.396829529626
st_s009,st_s009,8,2022,2015,63.9490202052524,-124.124815486923,2022-08-08,2,257,392,466,452,290,3,85.9576809932052
st_s009,st_s009,5,2023,2015,63.9490202052524,-124.124815486923,2023-05-05,33,1290,1341,1397,1607,276,3,119.641601137034
st_s009,st_s009,5,2023,2015,63.9490202052524,-124.124815486923,2023-05-10,10,396,592,718,577,279,3,164.559770254652
st_s009,st_s009,5,2023,2015,63.9490202052524,-124.124815486923,2023-05-27,6,224,265,264,387,283,3,77.9153937665444
st_s009,st_s009,6,2023,2015,63.9490202052524,-124.124815486923,2023-06-01,4,344,435,465,473,289,3,38.8233035456199
st_s009,st_s009,7,2023,2015,63.9490202052524,-124.124815486923,2023-07-15,10,491,537,439,971,294,3,28.3269557506325
st_s009,st_s009,8,2023,2015,63.9490202052524,-124.124815486923,2023-08-06,4,696,759,540,1205,296,3,11.3700021742937
st_s009,st_s009,9,2000,2000,63.9490202052524,-124.124815486923,2000-09-01,8,265,338,329,332,285,3,50.1772309715737
st_s009,st_s009,5,2001,2000,63.9490202052524,-124.124815486923,2001-05-15,33,303,330,331,318,279,3,55.7483408049389
st_s009,st_s009,7,2001,2000,63.9490202052524,-124.124815486923,2001-07-18,5,284,365,438,458,295,3,106.982606370427
st_s009,st_s009,6,2002,2000,63.9490202052524,-124.124815486923,2002-06-19,31,509,770,935,656,283,3,156.964695687604
st_s009,st_s009,8,2002,2000,63.9490202052524,-124.124815486923,2002-08-06,19,475,435,407,1038,289,3,71.6185116162561
st_s009,st_s009,5,2003,2000,63.9490202052524,-124.124815486923,2003-05-05,29,466,590,723,526,277,3,157.67187925236
st_s009,st_s009,8,2003,2000,63.9490202052524,-124.124815486923,2003-08-09,1,233,358,466,135,286,3,121.983011213138
st_s009,st_s009,5,2004,2000,63.9490202052524,-124.124815486923,2004-05-23,2,545,715,884,671,287,3,165.945511361496
st_s009,st_s009,6,2004,2000,63.9490202052524,-124.124815486923,2004-06-24,2,432,528,504,897,288,3,86.5582701163139
st_s009,st_s009,8,2004,2000,63.9490202052524,-124.124815486923,2004-08-11,2,647,733,745,1134,297,3,79.2618103428837
st_s009,st_s009,8,2004,2000,63.9490202052524,-124.124815486923,2004-08-27,4,257,335,416,449,285,3,207.816978227561
st_s009,st_s009,8,2005,2005,63.9490202052524,-124.124815486923,2005-08-30,2,558,693,608,1132,278,3,37.7925034957202
st_s009,st_s009,5,2006,2005,63.9490202052524,-124.124815486923,2006-05-13,2,549,774,941,1058,284,3,228.095531391197
st_s009,st_s009,6,2006,2005,63.9490202052524,-124.124815486923,2006-06-30,20,208,220,207,319,290,3,42.9510187761459
st_s009,st_s009,7,2006,2005,63.9490202052524,-124.124815486923,2006-07-16,19,376,547,706,549,291,3,208.433651963818
st_s009,st_s009,7,2007,2005,63.9490202052524,-124.124815486923,2007-07-03,3,337,426,546,544,294,3,300.361100397381
st_s009,st_s009,7,2008,2005,63.9490202052524,-124.124815486923,2008-07-21,4,148,185,243,432,295,3,481.774460447762
st_s009,st_s009,8,2008,2005,63.9490202052524,-124.124815486923,2008-08-06,3,251,419,553,462,293,3,316.89294051959
st_s009,st_s009,6,2009,2005,63.9490202052524,-124.124815486923,2009-06-06,1,417,513,519,686,287,3,57.0223863282337
st_s009,st_s009,7,2009,2005,63.9490202052524,-124.124815486923,2009-07-08,12,266,333,399,426,285,3,189.908600377532
st_s009,st_s009,6,2010,2010,63.9490202052524,-124.124815486923,2010-06-25,8,248,355,424,437,295,3,91.9297914798586
st_s009,st_s009,5,2011,2010,63.9490202052524,-124.124815486923,2011-05-27,2,410,530,641,705,290,3,139.335454802726
st_s009,st_s009,6,2011,2010,63.9490202052524,-124.124815486923,2011-06-12,16,319,336,364,393,285,3,86.3942608208826
st_s009,st_s009,6,2011,2010,63.9490202052524,-124.124815486923,2011-06-28,4,215,287,306,414,293,3,73.1111013584443
st_s009,st_s009,7,2011,2010,63.9490202052524,-124.124815486923,2011-07-30,15,253,289,348,369,292,3,149.629500357059
st_s009,st_s009,8,2011,2010,63.9490202052524,-124.124815486923,2011-08-15,2,363,328,397,394,289,3,86.8239778925744
st_s009,st_s009,8,2011,2010,63.9490202052524,-124.124815486923,2011-08-31,9,240,303,326,349,287,3,90.7606510708929
st_s009,st_s009,5,2012,2010,63.9490202052524,-124.124815486923,2012-05-29,3,371,545,573,661,288,3,76.0961301813028
st_s009,st_s009,8,2012,2010,63.9490202052524,-124.124815486923,2012-08-01,23,358,611,787,644,297,3,216.007075194688
st_s009,st_s009,9,2012,2010,63.9490202052524,-124.124815486923,2012-09-02,9,223,336,348,429,288,3,110.153420547876
st_s009,st_s009,5,2013,2010,63.9490202052524,-124.124815486923,2013-05-16,17,1007,1345,1574,1310,280,3,205.36478185813
st_s009,st_s009,8,2013,2010,63.9490202052524,-124.124815486923,2013-08-20,1,435,645,632,543,289,3,62.362676323196
st_s009,st_s009,9,2013,2010,63.9490202052524,-124.124815486923,2013-09-05,4,206,295,333,339,288,3,103.899583882959
st_s009,st_s009,5,2015,2015,63.9490202052524,-124.124815486923,2015-05-06,7,695,801,930,763,278,3,154.088034825074
st_s009,st_s009,5,2015,2015,63.9490202052524,-124.124815486923,2015-05-22,3,308,458,494,593,291,3,97.1616132618515
st_s009,st_s009,6,2015,2015,63.9490202052524,-124.124815486923,2015-06-07,1,402,493,542,485,292,3,86.8073591217158
st_s009,st_s009,6,2015,2015,63.9490202052524,-124.124815486923,2015-06-23,1,381,534,604,785,296,3,184.454296389982
st_s009,st_s009,7,2015,2015,63.9490202052524,-124.124815486923,2015-07-25,5,242,328,385,404,293,3,122.145101168129
st_s009,st_s009,8,2015,2015,63.9490202052524,-124.124815486923,2015-08-10,6,175,267,247,376,294,3,79.4395573938007
st_s009,st_s009,8,2015,2015,63.9490202052524,-124.124815486923,2015-08-26,1,474,638,653,1015,281,3,83.9561195367555
st_s009,st_s009,6,2016,2015,63.9490202052524,-124.124815486923,2016-06-25,2,232,360,431,491,292,3,156.824702053552
st_s009,st_s009,7,2016,2015,63.9490202052524,-124.124815486923,2016-07-11,2,764,798,785,1218,293,3,56.6892887399618
st_s009,st_s009,7,2016,2015,63.9490202052524,-124.124815486923,2016-07-27,5,244,336,402,443,293,3,172.612546706458
st_s009,st_s009,8,2016,2015,63.9490202052524,-124.124815486923,2016-08-12,2,201,270,376,371,293,3,414.699680656862
st_s009,st_s009,7,2017,2015,63.9490202052524,-124.124815486923,2017-07-14,3,206,329,334,378,294,3,72.1860160412167
st_s009,st_s009,7,2017,2015,63.9490202052524,-124.124815486923,2017-07-30,10,331,422,444,461,290,3,111.653928823291
st_s009,st_s009,5,2018,2015,63.9490202052524,-124.124815486923,2018-05-30,3,359,468,501,876,285,3,294.196286337444
st_s009,st_s009,6,2018,2015,63.9490202052524,-124.124815486923,2018-06-15,22,343,534,667,474,287,3,162.760514249202
st_s009,st_s009,8,2018,2015,63.9490202052524,-124.124815486923,2018-08-02,2,257,325,359,428,295,3,189.87494956049
st_s009,st_s009,9,2018,2015,63.9490202052524,-124.124815486923,2018-09-03,1,276,368,435,464,280,3,206.405398708232
st_s009,st_s009,8,2020,2015,63.9490202052524,-124.124815486923,2020-08-23,15,195,302,292,376,290,3,59.7985615622184
st_s009,st_s009,5,2021,2015,63.9490202052524,-124.124815486923,2021-05-06,56,701,862,979,1274,282,3,199.155751323617
st_s009,st_s009,8,2022,2015,63.9490202052524,-124.124815486923,2022-08-13,1,201,367,505,451,292,3,203.159074839266
st_s009,st_s009,5,2023,2015,63.9490202052524,-124.124815486923,2023-05-15,1,355,477,625,292,285,3,138.833525477436
st_s009,st_s009,6,2014,2010,63.9490202052524,-124.124815486923,2014-06-05,18,157,206,229,178,289,3,69.1023497380188
st_s009,st_s009,5,2015,2015,63.9490202052524,-124.124815486923,2015-05-23,2,272,424,461,390,289,3,67.0967263095652
st_s009,st_s009,6,2015,2015,63.9490202052524,-124.124815486923,2015-06-24,6,178,265,342,239,295,3,131.799826904065
st_s009,st_s009,5,2016,2015,63.9490202052524,-124.124815486923,2016-05-09,44,357,552,724,341,283,3,149.962000943412
st_s009,st_s009,5,2016,2015,63.9490202052524,-124.124815486923,2016-05-25,2,288,435,467,484,289,3,86.908450784603
st_s009,st_s009,6,2016,2015,63.9490202052524,-124.124815486923,2016-06-26,3,146,246,280,224,296,3,55.9542960241949
st_s009,st_s009,7,2016,2015,63.9490202052524,-124.124815486923,2016-07-28,4,73,228,252,239,300,3,160.639791109827
st_s009,st_s009,8,2016,2015,63.9490202052524,-124.124815486923,2016-08-13,1,17,173,198,124,298,3,8.61868064475457
st_s009,st_s009,5,2017,2015,63.9490202052524,-124.124815486923,2017-05-12,28,385,653,884,560,286,3,236.878083500891
st_s009,st_s009,5,2017,2015,63.9490202052524,-124.124815486923,2017-05-28,23,185,243,262,221,292,3,58.2546779207597
st_s009,st_s009,7,2017,2015,63.9490202052524,-124.124815486923,2017-07-15,4,246,317,339,301,296,3,51.2858373715604
st_s009,st_s009,7,2017,2015,63.9490202052524,-124.124815486923,2017-07-31,10,128,197,241,239,295,3,147.316310040901
st_s009,st_s009,5,2018,2015,63.9490202052524,-124.124815486923,2018-05-31,23,187,278,322,218,291,3,76.1743977794378
st_s009,st_s009,6,2018,2015,63.9490202052524,-124.124815486923,2018-06-16,24,194,355,434,226,293,3,81.4657733934408
st_s009,st_s009,7,2018,2015,63.9490202052524,-124.124815486923,2018-07-02,7,250,345,419,270,290,3,88.1853177362019
st_s009,st_s009,8,2020,2015,63.9490202052524,-124.124815486923,2020-08-08,9,86,143,131,139,290,3,30.5159833566801
st_s009,st_s009,8,2020,2015,63.9490202052524,-124.124815486923,2020-08-24,13,113,215,232,153,291,3,44.0281240455628
st_s009,st_s009,6,2021,2015,63.9490202052524,-124.124815486923,2021-06-08,19,182,259,286,177,290,3,59.1293151924549
st_s009,st_s009,8,2021,2015,63.9490202052524,-124.124815486923,2021-08-11,5,163,330,378,238,291,3,74.2558482010753
st_s009,st_s009,8,2021,2015,63.9490202052524,-124.124815486923,2021-08-27,8,113,239,261,265,293,3,103.864569269172
st_s009,st_s009,6,2022,2015,63.9490202052524,-124.124815486923,2022-06-27,9,187,250,286,182,295,3,59.8954890581632
st_s009,st_s009,5,2023,2015,63.9490202052524,-124.124815486923,2023-05-13,32,308,527,670,323,291,3,109.547681489527
st_s009,st_s009,6,2023,2015,63.9490202052524,-124.124815486923,2023-06-14,16,178,283,333,191,290,3,68.3440455731238
st_s009,st_s009,6,2013,2010,63.9490202052524,-124.124815486923,2013-06-09,16,206,261,275,202,292,3,44.9153364226806
st_s009,st_s009,8,2013,2010,63.9490202052524,-124.124815486923,2013-08-12,8,186,336,388,313,302,3,93.8601679539139
st_s009,st_s009,8,2013,2010,63.9490202052524,-124.124815486923,2013-08-28,16,204,358,408,305,286,3,69.2393448579004
st_s009,st_s009,5,2014,2010,63.9490202052524,-124.124815486923,2014-05-11,5,141,215,190,149,282,3,26.0540784187936
st_s009,st_s009,5,2014,2010,63.9490202052524,-124.124815486923,2014-05-27,28,350,535,675,432,290,3,142.881041794058
st_s009,st_s009,6,2014,2010,63.9490202052524,-124.124815486923,2014-06-28,13,213,302,336,296,299,3,66.8807127963863
st_s009,st_s009,7,2014,2010,63.9490202052524,-124.124815486923,2014-07-14,2,228,391,468,417,297,3,133.36672300468
st_s009,st_s009,8,2014,2010,63.9490202052524,-124.124815486923,2014-08-15,13,169,332,390,282,297,3,66.3664904153835
st_s009,st_s009,8,2015,2015,63.9490202052524,-124.124815486923,2015-08-02,4,222,357,365,504,293,3,69.7233060953378
st_s009,st_s009,9,2015,2015,63.9490202052524,-124.124815486923,2015-09-03,20,202,343,417,243,283,3,82.2047396169806
st_s009,st_s009,6,2016,2015,63.9490202052524,-124.124815486923,2016-06-17,14,136,250,318,239,287,3,110.118619983843
st_s009,st_s009,7,2016,2015,63.9490202052524,-124.124815486923,2016-07-03,7,175,250,249,212,301,3,46.9373162169496
st_s009,st_s009,8,2016,2015,63.9490202052524,-124.124815486923,2016-08-20,10,140,290,315,254,294,3,63.8124091504493
st_s009,st_s009,9,2016,2015,63.9490202052524,-124.124815486923,2016-09-05,9,147,253,347,214,289,3,170.727636356009
st_s009,st_s009,6,2017,2015,63.9490202052524,-124.124815486923,2017-06-20,11,160,277,313,253,296,3,69.1339722205402
st_s009,st_s009,7,2017,2015,63.9490202052524,-124.124815486923,2017-07-06,3,218,382,390,451,298,3,67.8472442523638
st_s009,st_s009,8,2017,2015,63.9490202052524,-124.124815486923,2017-08-07,14,146,236,272,216,297,3,81.0246582706084
st_s009,st_s009,5,2018,2015,63.9490202052524,-124.124815486923,2018-05-22,26,321,442,536,355,290,3,115.102238399121
st_s009,st_s009,7,2018,2015,63.9490202052524,-124.124815486923,2018-07-09,3,234,397,374,485,297,3,68.8576868881817
st_s009,st_s009,7,2018,2015,63.9490202052524,-124.124815486923,2018-07-25,10,180,291,297,330,301,3,52.9125044310898
st_s009,st_s009,5,2019,2015,63.9490202052524,-124.124815486923,2019-05-25,21,272,391,429,337,292,3,70.3399834665343
st_s009,st_s009,6,2019,2015,63.9490202052524,-124.124815486923,2019-06-10,29,266,396,476,273,290,3,97.1693390900073
st_s009,st_s009,7,2019,2015,63.9490202052524,-124.124815486923,2019-07-12,4,180,289,263,433,291,3,43.2540313098378
st_s009,st_s009,5,2020,2015,63.9490202052524,-124.124815486923,2020-05-11,22,707,1034,1234,950,286,3,186.228594849728
st_s009,st_s009,5,2020,2015,63.9490202052524,-124.124815486923,2020-05-27,6,430,691,831,524,284,3,117.038990263979
st_s009,st_s009,6,2020,2015,63.9490202052524,-124.124815486923,2020-06-12,22,208,277,312,232,295,3,65.0378032616461
st_s009,st_s009,6,2020,2015,63.9490202052524,-124.124815486923,2020-06-28,12,177,264,326,243,293,3,124.337250333098
st_s009,st_s009,7,2020,2015,63.9490202052524,-124.124815486923,2020-07-14,18,225,339,393,340,293,3,90.1905809545144
st_s009,st_s009,7,2020,2015,63.9490202052524,-124.124815486923,2020-07-30,4,213,451,345,746,292,3,84.086037269578
st_s009,st_s009,5,2021,2015,63.9490202052524,-124.124815486923,2021-05-30,23,58,90,83,64,285,3,21.027903859878
st_s009,st_s009,6,2021,2015,63.9490202052524,-124.124815486923,2021-06-15,26,251,335,383,248,291,3,72.6382077122452
st_s009,st_s009,7,2021,2015,63.9490202052524,-124.124815486923,2021-07-17,12,154,251,326,273,295,3,140.184427787025
st_s009,st_s009,8,2021,2015,63.9490202052524,-124.124815486923,2021-08-02,3,267,685,377,924,300,3,59.8989950025777
st_s009,st_s009,6,2022,2015,63.9490202052524,-124.124815486923,2022-06-02,23,223,315,348,319,292,3,64.6368228586896
st_s009,st_s009,6,2022,2015,63.9490202052524,-124.124815486923,2022-06-18,23,216,298,320,296,296,3,60.9642779423662
st_s009,st_s009,7,2022,2015,63.9490202052524,-124.124815486923,2022-07-04,14,209,289,312,261,299,3,58.3681803506461
st_s009,st_s009,7,2022,2015,63.9490202052524,-124.124815486923,2022-07-20,13,216,344,429,312,294,3,111.77411368748
st_s009,st_s009,8,2022,2015,63.9490202052524,-124.124815486923,2022-08-05,12,167,265,328,255,299,3,98.6794725026217
st_s009,st_s009,5,2023,2015,63.9490202052524,-124.124815486923,2023-05-04,13,251,686,696,1279,279,3,575.447545278566
st_s009,st_s009,7,2023,2015,63.9490202052524,-124.124815486923,2023-07-07,14,172,236,293,248,298,3,104.433085415223
st_s009,st_s009,8,2023,2015,63.9490202052524,-124.124815486923,2023-08-08,3,262,572,409,805,298,3,62.4015323415428
st_s009,st_s009,5,2024,2015,63.9490202052524,-124.124815486923,2024-05-06,25,529,787,975,693,287,3,203.319356129135
st_s009,st_s009,7,2024,2015,63.9490202052524,-124.124815486923,2024-07-25,3,239,410,421,589,301,3,74.1344841100604
st_s009,st_s009,6,2022,2015,63.9490202052524,-124.124815486923,2022-06-19,19,226,306,296,309,296,3,42.3772038112227
st_s009,st_s009,7,2022,2015,63.9490202052524,-124.124815486923,2022-07-21,6,177,279,292,333,299,3,54.027021850873
st_s009,st_s009,6,2023,2015,63.9490202052524,-124.124815486923,2023-06-22,19,146,215,235,195,295,3,62.6257094970574
st_s009,st_s009,7,2023,2015,63.9490202052524,-124.124815486923,2023-07-08,13,178,247,267,273,302,3,69.8519505471592
st_s009,st_s009,8,2023,2015,63.9490202052524,-124.124815486923,2023-08-09,4,284,622,421,946,298,3,72.4948739007906
st_s009,st_s009,5,2024,2015,63.9490202052524,-124.124815486923,2024-05-23,18,313,451,539,325,295,3,95.3180169014118
st_s009,st_s009,7,2024,2015,63.9490202052524,-124.124815486923,2024-07-26,3,235,431,460,610,302,3,86.430424774052
st_s009,st_s009,5,2022,2015,63.9490202052524,-124.124815486923,2022-05-09,5,223,489,699,432,278,3,158.547836789431
st_s009,st_s009,6,2022,2015,63.9490202052524,-124.124815486923,2022-06-26,11,206,250,272,220,292,3,57.8884910789053
st_s009,st_s009,7,2022,2015,63.9490202052524,-124.124815486923,2022-07-12,22,300,427,478,333,299,3,68.7264981026884
st_s009,st_s009,7,2022,2015,63.9490202052524,-124.124815486923,2022-07-28,9,173,317,354,301,294,3,58.1260540080756
st_s009,st_s009,8,2022,2015,63.9490202052524,-124.124815486923,2022-08-13,10,142,260,342,222,298,3,111.849985459035
st_s009,st_s009,5,2023,2015,63.9490202052524,-124.124815486923,2023-05-28,18,233,322,328,334,288,3,47.6864953192679
st_s009,st_s009,6,2023,2015,63.9490202052524,-124.124815486923,2023-06-29,16,197,292,291,338,297,3,53.7379709347688
st_s009,st_s009,7,2023,2015,63.9490202052524,-124.124815486923,2023-07-15,2,188,437,372,593,302,3,99.488268147396
st_s009,st_s009,8,2023,2015,63.9490202052524,-124.124815486923,2023-08-16,13,159,265,311,268,295,3,81.9975981110829
st_s009,st_s009,7,2024,2015,63.9490202052524,-124.124815486923,2024-07-01,2,266,558,496,795,297,3,98.1951592783147
st_s009,st_s009,7,2024,2015,63.9490202052524,-124.124815486923,2024-07-17,3,209,429,429,516,305,3,77.2197802216418
st_s009_ref,st_s009_ref,5,1986,1990,63.9311002051992,-124.085829987018,1986-05-16,27,469,642,780,597,281,6,71.5564022808171
st_s009_ref,st_s009_ref,5,1995,1995,63.9311002051992,-124.085829987018,1995-05-09,3,511,606,736,595,289,6,35.1489026973179
st_s009_ref,st_s009_ref,8,1995,1995,63.9311002051992,-124.085829987018,1995-08-13,17,476,670,761,595,294,6,32.032877668512
st_s009_ref,st_s009_ref,5,2008,2005,63.9311002051992,-124.085829987018,2008-05-12,25,315,457,541,375,285,6,58.7815032192757
st_s009_ref,st_s009_ref,6,1985,1990,63.9311002051992,-124.085829987018,1985-06-05,21,383,448,468,572,285,6,10.5858340862781
st_s009_ref,st_s009_ref,7,1985,1990,63.9311002051992,-124.085829987018,1985-07-23,15,144,236,272,245,290,6,31.5813692912491
st_s009_ref,st_s009_ref,8,1985,1990,63.9311002051992,-124.085829987018,1985-08-08,12,196,243,274,278,291,6,24.1981731522794
st_s009_ref,st_s009_ref,6,1987,1990,63.9311002051992,-124.085829987018,1987-06-27,12,197,246,212,205,292,6,7.07573144368955
st_s009_ref,st_s009_ref,8,1987,1990,63.9311002051992,-124.085829987018,1987-08-14,5,149,277,257,248,290,6,9.44349543620733
st_s009_ref,st_s009_ref,5,1988,1990,63.9311002051992,-124.085829987018,1988-05-12,2,270,348,383,270,287,6,8.5116251453796
st_s009_ref,st_s009_ref,7,1988,1990,63.9311002051992,-124.085829987018,1988-07-31,16,309,399,385,375,294,6,14.3367126878877
st_s009_ref,st_s009_ref,6,1990,1990,63.9311002051992,-124.085829987018,1990-06-03,3,367,463,436,571,282,6,7.68750252352934
st_s009_ref,st_s009_ref,7,1990,1990,63.9311002051992,-124.085829987018,1990-07-05,6,213,272,269,245,294,6,10.2767307971618
st_s009_ref,st_s009_ref,7,1990,1990,63.9311002051992,-124.085829987018,1990-07-21,3,701,774,604,1096,300,6,8.56128853989806
st_s009_ref,st_s009_ref,5,1991,1990,63.9311002051992,-124.085829987018,1991-05-21,18,385,531,531,540,277,6,18.3079330902076
st_s009_ref,st_s009_ref,5,1992,1990,63.9311002051992,-124.085829987018,1992-05-23,49,716,942,966,1014,282,6,41.0783264404364
st_s009_ref,st_s009_ref,7,1992,1990,63.9311002051992,-124.085829987018,1992-07-26,7,237,317,356,345,293,6,23.5999972403786
st_s009_ref,st_s009_ref,5,1993,1990,63.9311002051992,-124.085829987018,1993-05-10,14,518,653,744,743,279,6,29.5598466985233
st_s009_ref,st_s009_ref,5,1993,1990,63.9311002051992,-124.085829987018,1993-05-26,20,403,427,443,426,282,6,10.0540004370154
st_s009_ref,st_s009_ref,6,1993,1990,63.9311002051992,-124.085829987018,1993-06-11,76,213,284,215,420,284,6,7.66374307645862
st_s009_ref,st_s009_ref,8,1993,1990,63.9311002051992,-124.085829987018,1993-08-14,10,204,280,286,291,291,6,13.2871192773465
st_s009_ref,st_s009_ref,7,1994,1990,63.9311002051992,-124.085829987018,1994-07-16,9,199,255,269,361,300,6,14.4314735340873
st_s009_ref,st_s009_ref,8,1994,1990,63.9311002051992,-124.085829987018,1994-08-01,6,544,652,565,1052,297,6,11.279674343727
st_s009_ref,st_s009_ref,9,1995,1995,63.9311002051992,-124.085829987018,1995-09-05,17,562,853,1023,679,281,6,95.3389022266964
st_s009_ref,st_s009_ref,6,1998,1995,63.9311002051992,-124.085829987018,1998-06-25,65,169,207,152,322,289,6,6.16923154415566
st_s009_ref,st_s009_ref,7,1999,1995,63.9311002051992,-124.085829987018,1999-07-14,16,177,194,223,212,288,6,10.056740688398
st_s009_ref,st_s009_ref,7,1999,1995,63.9311002051992,-124.085829987018,1999-07-30,19,202,229,206,183,288,6,6.27352094345642
st_s009_ref,st_s009_ref,8,1999,1995,63.9311002051992,-124.085829987018,1999-08-15,11,124,204,185,185,294,6,12.7234863038973
st_s009_ref,st_s009_ref,8,2003,2000,63.9311002051992,-124.085829987018,2003-08-10,7,115,171,198,233,289,6,26.2553121178209
st_s009_ref,st_s009_ref,8,2003,2000,63.9311002051992,-124.085829987018,2003-08-26,7,124,180,157,171,291,6,6.7730355320447
st_s009_ref,st_s009_ref,5,2004,2000,63.9311002051992,-124.085829987018,2004-05-24,1,499,672,713,689,282,6,18.0611465372875
st_s009_ref,st_s009_ref,6,2004,2000,63.9311002051992,-124.085829987018,2004-06-09,1,425,455,389,411,287,6,6.52004747304297
st_s009_ref,st_s009_ref,7,2004,2000,63.9311002051992,-124.085829987018,2004-07-11,3,379,479,349,1011,292,6,10.9896992554132
st_s009_ref,st_s009_ref,8,2004,2000,63.9311002051992,-124.085829987018,2004-08-28,5,273,257,313,311,286,6,12.5222987962229
st_s009_ref,st_s009_ref,6,2005,2005,63.9311002051992,-124.085829987018,2005-06-28,4,184,249,281,289,295,6,20.6009111259523
st_s009_ref,st_s009_ref,8,2005,2005,63.9311002051992,-124.085829987018,2005-08-15,9,138,189,212,197,289,6,17.6248816057067
st_s009_ref,st_s009_ref,8,2005,2005,63.9311002051992,-124.085829987018,2005-08-31,15,266,292,293,276,287,6,7.37718812989333
st_s009_ref,st_s009_ref,5,2006,2005,63.9311002051992,-124.085829987018,2006-05-14,6,488,693,749,983,286,6,40.2922597692159
st_s009_ref,st_s009_ref,5,2006,2005,63.9311002051992,-124.085829987018,2006-05-30,4,331,407,426,495,283,6,9.55948181178353
st_s009_ref,st_s009_ref,7,2006,2005,63.9311002051992,-124.085829987018,2006-07-01,3,247,256,270,371,295,6,6.93101011685167
st_s009_ref,st_s009_ref,8,2006,2005,63.9311002051992,-124.085829987018,2006-08-02,2,637,744,695,968,284,6,12.8577300760045
st_s009_ref,st_s009_ref,5,2007,2005,63.9311002051992,-124.085829987018,2007-05-17,26,614,556,502,442,276,6,5.26704403048244
st_s009_ref,st_s009_ref,6,2007,2005,63.9311002051992,-124.085829987018,2007-06-18,12,177,230,247,267,288,6,14.2999407984963
st_s009_ref,st_s009_ref,5,2008,2005,63.9311002051992,-124.085829987018,2008-05-19,124,214,237,177,315,284,6,5.30282921318682
st_s009_ref,st_s009_ref,7,2008,2005,63.9311002051992,-124.085829987018,2008-07-22,1,198,292,334,327,290,6,27.8159404072957
st_s009_ref,st_s009_ref,7,2009,2005,63.9311002051992,-124.085829987018,2009-07-09,3,185,233,250,229,288,6,12.5233725428245
st_s009_ref,st_s009_ref,7,2010,2010,63.9311002051992,-124.085829987018,2010-07-28,11,194,211,233,339,297,6,10.3428083579214
st_s009_ref,st_s009_ref,8,2010,2010,63.9311002051992,-124.085829987018,2010-08-13,14,105,146,137,227,294,6,8.80090237318004
st_s009_ref,st_s009_ref,7,2011,2010,63.9311002051992,-124.085829987018,2011-07-15,17,181,256,233,268,294,6,14.6171509773434
st_s009_ref,st_s009_ref,5,1984,1990,63.9311002051992,-124.085829987018,1984-05-08,1,262,330,349,311,285,6,10.4327369047772
st_s009_ref,st_s009_ref,6,1984,1990,63.9311002051992,-124.085829987018,1984-06-25,1,421,547,587,595,291,6,24.0000716134665
st_s009_ref,st_s009_ref,7,1985,1990,63.9311002051992,-124.085829987018,1985-07-30,12,193,300,290,314,292,6,17.2991914656991
st_s009_ref,st_s009_ref,7,1986,1990,63.9311002051992,-124.085829987018,1986-07-17,12,199,290,283,301,293,6,16.1853140318064
st_s009_ref,st_s009_ref,9,1986,1990,63.9311002051992,-124.085829987018,1986-09-03,7,616,764,770,1177,278,6,22.0555749222686
st_s009_ref,st_s009_ref,7,1987,1990,63.9311002051992,-124.085829987018,1987-07-20,7,706,752,606,748,292,6,6.12713972735726
st_s009_ref,st_s009_ref,9,1987,1990,63.9311002051992,-124.085829987018,1987-09-06,8,314,458,454,380,283,6,16.363669327994
st_s009_ref,st_s009_ref,6,1988,1990,63.9311002051992,-124.085829987018,1988-06-20,3,202,251,282,256,292,6,12.476935244827
st_s009_ref,st_s009_ref,8,1989,1990,63.9311002051992,-124.085829987018,1989-08-10,15,198,288,319,286,299,6,22.1755039514573
st_s009_ref,st_s009_ref,8,1989,1990,63.9311002051992,-124.085829987018,1989-08-26,11,153,227,258,180,291,6,13.9667002267993
st_s009_ref,st_s009_ref,6,1990,1990,63.9311002051992,-124.085829987018,1990-06-10,4,196,264,221,256,286,6,5.11934000778761
st_s009_ref,st_s009_ref,7,1990,1990,63.9311002051992,-124.085829987018,1990-07-12,73,107,142,114,265,292,6,7.4773014068339
st_s009_ref,st_s009_ref,8,1990,1990,63.9311002051992,-124.085829987018,1990-08-13,9,140,229,265,209,291,6,44.7038259565279
st_s009_ref,st_s009_ref,5,1991,1990,63.9311002051992,-124.085829987018,1991-05-12,38,435,672,773,497,284,6,85.0816146934805
st_s009_ref,st_s009_ref,5,1991,1990,63.9311002051992,-124.085829987018,1991-05-28,4,360,479,480,614,284,6,11.3887277084729
st_s009_ref,st_s009_ref,6,1991,1990,63.9311002051992,-124.085829987018,1991-06-29,46,174,214,183,299,290,6,7.68094518055996
st_s009_ref,st_s009_ref,7,1991,1990,63.9311002051992,-124.085829987018,1991-07-15,7,129,224,223,223,292,6,15.9101275634743
st_s009_ref,st_s009_ref,5,1992,1990,63.9311002051992,-124.085829987018,1992-05-30,10,476,724,820,1045,288,6,91.95388150948
st_s009_ref,st_s009_ref,7,1992,1990,63.9311002051992,-124.085829987018,1992-07-17,2,390,568,556,1164,293,6,29.3198088520332
st_s009_ref,st_s009_ref,5,1993,1990,63.9311002051992,-124.085829987018,1993-05-01,4,1608,1811,1859,1662,272,6,32.9205370691785
st_s009_ref,st_s009_ref,8,1993,1990,63.9311002051992,-124.085829987018,1993-08-21,6,193,239,296,281,292,6,17.7049162873623
st_s009_ref,st_s009_ref,5,1994,1990,63.9311002051992,-124.085829987018,1994-05-04,2,469,630,763,721,285,6,53.5295837973181
st_s009_ref,st_s009_ref,8,1994,1990,63.9311002051992,-124.085829987018,1994-08-08,6,481,490,452,552,297,6,7.1684008463929
st_s009_ref,st_s009_ref,5,1995,1995,63.9311002051992,-124.085829987018,1995-05-23,10,225,251,250,243,281,6,6.1458054083892
st_s009_ref,st_s009_ref,8,1995,1995,63.9311002051992,-124.085829987018,1995-08-11,16,734,899,1012,889,293,6,34.7659651874312
st_s009_ref,st_s009_ref,6,1996,1995,63.9311002051992,-124.085829987018,1996-06-26,14,288,308,311,326,294,6,7.80771950762509
st_s009_ref,st_s009_ref,7,1996,1995,63.9311002051992,-124.085829987018,1996-07-12,44,611,1002,1200,1429,287,6,439.523340581789
st_s009_ref,st_s009_ref,7,1996,1995,63.9311002051992,-124.085829987018,1996-07-28,53,512,566,518,758,283,6,8.13990908495762
st_s009_ref,st_s009_ref,8,1996,1995,63.9311002051992,-124.085829987018,1996-08-29,2,171,267,323,308,281,6,36.9387173692229
st_s009_ref,st_s009_ref,5,1997,1995,63.9311002051992,-124.085829987018,1997-05-12,46,601,965,1160,1185,279,6,352.701378468935
st_s009_ref,st_s009_ref,5,1997,1995,63.9311002051992,-124.085829987018,1997-05-28,4,346,455,497,575,283,6,16.7605192013678
st_s009_ref,st_s009_ref,8,1997,1995,63.9311002051992,-124.085829987018,1997-08-16,15,128,163,193,167,292,6,15.3347187299913
st_s009_ref,st_s009_ref,9,1997,1995,63.9311002051992,-124.085829987018,1997-09-01,10,147,170,196,147,291,6,9.36068168161185
st_s009_ref,st_s009_ref,6,1998,1995,63.9311002051992,-124.085829987018,1998-06-16,5,352,458,466,589,291,6,10.8719919778897
st_s009_ref,st_s009_ref,7,1998,1995,63.9311002051992,-124.085829987018,1998-07-02,11,214,303,306,334,296,6,18.4395254818109
st_s009_ref,st_s009_ref,8,1998,1995,63.9311002051992,-124.085829987018,1998-08-03,5,543,587,460,588,298,6,6.15687367112672
st_s009_ref,st_s009_ref,7,1999,1995,63.9311002051992,-124.085829987018,1999-07-05,45,125,179,133,222,286,6,7.56454712956342
st_s009_ref,st_s009_ref,8,1999,1995,63.9311002051992,-124.085829987018,1999-08-06,12,179,293,257,295,294,6,18.4216171581135
st_s009_ref,st_s009_ref,8,1999,1995,63.9311002051992,-124.085829987018,1999-08-22,4,546,649,529,1038,288,6,9.15442017378039
st_s009_ref,st_s009_ref,7,2003,2000,63.9311002051992,-124.085829987018,2003-07-16,15,174,259,231,292,295,6,13.6441141250664
st_s009_ref,st_s009_ref,7,2004,2000,63.9311002051992,-124.085829987018,2004-07-02,6,131,146,179,253,291,6,17.8979946507138
st_s009_ref,st_s009_ref,6,2005,2005,63.9311002051992,-124.085829987018,2005-06-19,18,239,317,316,318,287,6,12.5610652922759
st_s009_ref,st_s009_ref,7,2005,2005,63.9311002051992,-124.085829987018,2005-07-21,3,433,515,513,756,285,6,9.52506996093765
st_s009_ref,st_s009_ref,8,2005,2005,63.9311002051992,-124.085829987018,2005-08-06,9,262,333,329,327,294,6,13.2227853846962
st_s009_ref,st_s009_ref,6,2007,2005,63.9311002051992,-124.085829987018,2007-06-09,11,615,750,694,1035,278,6,11.5241940441545
st_s009_ref,st_s009_ref,5,2008,2005,63.9311002051992,-124.085829987018,2008-05-10,2,672,914,941,1089,281,6,33.8556329781768
st_s009_ref,st_s009_ref,6,2008,2005,63.9311002051992,-124.085829987018,2008-06-27,8,210,281,287,273,294,6,15.1202426441957
st_s009_ref,st_s009_ref,8,2008,2005,63.9311002051992,-124.085829987018,2008-08-14,10,145,209,229,261,293,6,12.8909950202738
st_s009_ref,st_s009_ref,6,2010,2010,63.9311002051992,-124.085829987018,2010-06-01,3,329,457,425,688,294,6,8.68653355229305
st_s009_ref,st_s009_ref,7,2010,2010,63.9311002051992,-124.085829987018,2010-07-19,14,165,256,193,245,291,6,7.91908019267745
st_s009_ref,st_s009_ref,8,2010,2010,63.9311002051992,-124.085829987018,2010-08-04,6,189,261,235,301,301,6,9.17326925312467
st_s009_ref,st_s009_ref,9,2010,2010,63.9311002051992,-124.085829987018,2010-09-05,18,156,183,155,201,286,6,4.76091642958238
st_s009_ref,st_s009_ref,5,2011,2010,63.9311002051992,-124.085829987018,2011-05-19,5,798,986,1008,1139,275,6,28.4539835807753
st_s009_ref,st_s009_ref,7,2011,2010,63.9311002051992,-124.085829987018,2011-07-22,25,233,360,427,300,292,6,53.1862174896838
st_s009_ref,st_s009_ref,8,2019,2015,63.9311002051992,-124.085829987018,2019-08-23,3,610,697,628,1118,278,6,12.9867835463547
st_s009_ref,st_s009_ref,7,2020,2015,63.9311002051992,-124.085829987018,2020-07-24,19,120,158,135,245,290,6,9.42494558331844
st_s009_ref,st_s009_ref,8,2020,2015,63.9311002051992,-124.085829987018,2020-08-09,15,122,149,105,211,289,6,6.2879525666085
st_s009_ref,st_s009_ref,5,2022,2015,63.9311002051992,-124.085829987018,2022-05-27,4,217,254,261,295,284,6,11.3073296851067
st_s009_ref,st_s009_ref,6,2022,2015,63.9311002051992,-124.085829987018,2022-06-13,20,206,194,190,234,282,6,5.41899440059883
st_s009_ref,st_s009_ref,6,2022,2015,63.9311002051992,-124.085829987018,2022-06-30,8,427,477,380,1046,291,6,9.8624769598482
st_s009_ref,st_s009_ref,7,2022,2015,63.9311002051992,-124.085829987018,2022-07-17,10,132,147,190,272,294,6,21.0308669426779
st_s009_ref,st_s009_ref,8,2023,2015,63.9311002051992,-124.085829987018,2023-08-01,2,611,506,448,1048,293,6,5.19454280496449
st_s009_ref,st_s009_ref,8,2023,2015,63.9311002051992,-124.085829987018,2023-08-28,5,287,324,277,311,292,6,6.71209524047062
st_s009_ref,st_s009_ref,8,1999,1995,63.9311002051992,-124.085829987018,1999-08-23,7,50,97,120,185,289,6,54.3398428932342
st_s009_ref,st_s009_ref,7,2000,2000,63.9311002051992,-124.085829987018,2000-07-08,11,183,178,197,304,289,6,9.21323102684112
st_s009_ref,st_s009_ref,7,2000,2000,63.9311002051992,-124.085829987018,2000-07-24,1,503,653,668,1041,284,6,17.3936081407861
st_s009_ref,st_s009_ref,8,2000,2000,63.9311002051992,-124.085829987018,2000-08-09,17,136,153,172,250,290,6,9.46603947764859
st_s009_ref,st_s009_ref,7,2001,2000,63.9311002051992,-124.085829987018,2001-07-27,19,560,601,591,833,281,6,9.07289959139578
st_s009_ref,st_s009_ref,6,2002,2000,63.9311002051992,-124.085829987018,2002-06-28,5,249,272,314,377,283,6,11.1255807005234
st_s009_ref,st_s009_ref,7,2003,2000,63.9311002051992,-124.085829987018,2003-07-17,27,287,510,649,465,293,6,359.577405812881
st_s009_ref,st_s009_ref,8,2005,2005,63.9311002051992,-124.085829987018,2005-08-07,8,205,229,259,284,291,6,12.9496748343331
st_s009_ref,st_s009_ref,8,2006,2005,63.9311002051992,-124.085829987018,2006-08-10,17,198,345,351,272,287,6,42.7419426727759
st_s009_ref,st_s009_ref,8,2007,2005,63.9311002051992,-124.085829987018,2007-08-29,7,194,171,187,265,286,6,6.75868060651711
st_s009_ref,st_s009_ref,7,2008,2005,63.9311002051992,-124.085829987018,2008-07-14,12,127,145,194,237,289,6,19.0002481599692
st_s009_ref,st_s009_ref,7,2008,2005,63.9311002051992,-124.085829987018,2008-07-30,6,143,193,224,337,294,6,12.7002717318107
st_s009_ref,st_s009_ref,8,2009,2005,63.9311002051992,-124.085829987018,2009-08-02,16,161,172,147,344,293,6,5.82285771795188
st_s009_ref,st_s009_ref,8,2009,2005,63.9311002051992,-124.085829987018,2009-08-18,5,168,172,171,291,287,6,5.39448759110759
st_s009_ref,st_s009_ref,7,2011,2010,63.9311002051992,-124.085829987018,2011-07-07,12,150,133,160,288,288,6,8.75294597657098
st_s009_ref,st_s009_ref,6,2012,2010,63.9311002051992,-124.085829987018,2012-06-23,1,207,237,305,154,294,6,7.90152433574245
st_s009_ref,st_s009_ref,7,2012,2010,63.9311002051992,-124.085829987018,2012-07-25,14,156,163,176,304,292,6,11.0809438478725
st_s009_ref,st_s009_ref,6,2013,2010,63.9311002051992,-124.085829987018,2013-06-26,3,224,254,259,325,293,6,11.4855497224027
st_s009_ref,st_s009_ref,8,2013,2010,63.9311002051992,-124.085829987018,2013-08-13,8,363,542,430,961,297,6,12.9697871116683
st_s009_ref,st_s009_ref,8,2013,2010,63.9311002051992,-124.085829987018,2013-08-29,8,172,192,252,257,284,6,22.4501765606771
st_s009_ref,st_s009_ref,5,2014,2010,63.9311002051992,-124.085829987018,2014-05-28,2,378,516,538,738,287,6,14.5203300013728
st_s009_ref,st_s009_ref,5,2015,2015,63.9311002051992,-124.085829987018,2015-05-15,49,274,291,277,309,279,6,7.53608200875886
st_s009_ref,st_s009_ref,6,2015,2015,63.9311002051992,-124.085829987018,2015-06-16,13,190,224,198,279,284,6,6.18108664293521
st_s009_ref,st_s009_ref,8,2015,2015,63.9311002051992,-124.085829987018,2015-08-03,10,242,265,235,370,289,6,7.03778458814258
st_s009_ref,st_s009_ref,9,2015,2015,63.9311002051992,-124.085829987018,2015-09-04,16,189,195,161,242,283,6,4.6182720961596
st_s009_ref,st_s009_ref,5,2016,2015,63.9311002051992,-124.085829987018,2016-05-01,57,805,812,701,1030,281,6,7.62504947620611
st_s009_ref,st_s009_ref,6,2016,2015,63.9311002051992,-124.085829987018,2016-06-18,4,191,238,204,303,286,6,6.50374454940892
st_s009_ref,st_s009_ref,7,2016,2015,63.9311002051992,-124.085829987018,2016-07-04,9,661,633,529,924,291,6,6.24278945516146
st_s009_ref,st_s009_ref,8,2016,2015,63.9311002051992,-124.085829987018,2016-08-21,9,159,246,263,300,292,6,24.9939098539388
st_s009_ref,st_s009_ref,8,2017,2015,63.9311002051992,-124.085829987018,2017-08-08,11,172,214,170,255,294,6,5.28335005100317
st_s009_ref,st_s009_ref,5,2018,2015,63.9311002051992,-124.085829987018,2018-05-23,11,207,205,214,227,286,6,6.63711751791286
st_s009_ref,st_s009_ref,5,2019,2015,63.9311002051992,-124.085829987018,2019-05-10,7,697,815,951,1036,272,6,31.0399816970764
st_s009_ref,st_s009_ref,7,2019,2015,63.9311002051992,-124.085829987018,2019-07-13,3,239,267,242,328,286,6,6.21109158266123
st_s009_ref,st_s009_ref,5,2020,2015,63.9311002051992,-124.085829987018,2020-05-12,42,750,950,1135,1025,277,6,97.6023989294643
st_s009_ref,st_s009_ref,7,2020,2015,63.9311002051992,-124.085829987018,2020-07-15,20,194,223,185,278,290,6,5.96723352832782
st_s009_ref,st_s009_ref,7,2020,2015,63.9311002051992,-124.085829987018,2020-07-31,2,498,564,503,1102,292,6,12.1879757291097
st_s009_ref,st_s009_ref,7,2021,2015,63.9311002051992,-124.085829987018,2021-07-18,13,116,166,166,293,291,6,20.4553457068367
st_s009_ref,st_s009_ref,9,2021,2015,63.9311002051992,-124.085829987018,2021-09-04,11,196,198,215,245,290,6,10.7176878323586
st_s009_ref,st_s009_ref,7,2022,2015,63.9311002051992,-124.085829987018,2022-07-05,13,188,219,215,330,294,6,9.45885922205588
st_s009_ref,st_s009_ref,7,2022,2015,63.9311002051992,-124.085829987018,2022-07-22,15,147,188,224,329,294,6,31.4201159977011
st_s009_ref,st_s009_ref,8,2022,2015,63.9311002051992,-124.085829987018,2022-08-08,15,160,194,171,260,289,6,8.35197923012699
st_s009_ref,st_s009_ref,5,2023,2015,63.9311002051992,-124.085829987018,2023-05-10,4,564,662,740,870,281,6,25.7431461711535
st_s009_ref,st_s009_ref,6,2023,2015,63.9311002051992,-124.085829987018,2023-06-01,17,162,190,211,225,281,6,10.8848422177508
st_s009_ref,st_s009_ref,7,2023,2015,63.9311002051992,-124.085829987018,2023-07-15,4,346,376,326,575,291,6,52.2198398300129
st_s009_ref,st_s009_ref,8,2023,2015,63.9311002051992,-124.085829987018,2023-08-06,5,757,651,592,1198,295,6,6.75245622978155
st_s009_ref,st_s009_ref,8,1999,1995,63.9311002051992,-124.085829987018,1999-08-14,1,507,592,534,1120,283,6,9.74280925834109
st_s009_ref,st_s009_ref,9,2000,2000,63.9311002051992,-124.085829987018,2000-09-01,1,219,295,320,326,284,6,9.50069579778413
st_s009_ref,st_s009_ref,7,2001,2000,63.9311002051992,-124.085829987018,2001-07-18,13,154,195,198,318,292,6,10.4004425750977
st_s009_ref,st_s009_ref,8,2001,2000,63.9311002051992,-124.085829987018,2001-08-03,6,184,250,219,397,289,6,10.4470570691648
st_s009_ref,st_s009_ref,7,2002,2000,63.9311002051992,-124.085829987018,2002-07-21,5,136,182,147,251,292,6,6.87776834133258
st_s009_ref,st_s009_ref,8,2002,2000,63.9311002051992,-124.085829987018,2002-08-06,2,425,361,308,1020,288,6,7.55800516683734
st_s009_ref,st_s009_ref,5,2003,2000,63.9311002051992,-124.085829987018,2003-05-05,34,521,647,772,590,275,6,51.1158726804376
st_s009_ref,st_s009_ref,8,2003,2000,63.9311002051992,-124.085829987018,2003-08-09,14,117,178,190,279,285,6,28.8660019939239
st_s009_ref,st_s009_ref,7,2004,2000,63.9311002051992,-124.085829987018,2004-07-26,9,125,215,174,292,292,6,14.182030852429
st_s009_ref,st_s009_ref,8,2004,2000,63.9311002051992,-124.085829987018,2004-08-27,8,85,81,50,257,282,6,11.6852066144601
st_s009_ref,st_s009_ref,8,2005,2005,63.9311002051992,-124.085829987018,2005-08-30,15,686,740,771,1168,277,6,16.1972610108582
st_s009_ref,st_s009_ref,5,2006,2005,63.9311002051992,-124.085829987018,2006-05-13,5,583,696,804,1058,285,6,36.8408752232687
st_s009_ref,st_s009_ref,9,2006,2005,63.9311002051992,-124.085829987018,2006-09-02,1,181,258,285,405,287,6,26.6513606544232
st_s009_ref,st_s009_ref,7,2007,2005,63.9311002051992,-124.085829987018,2007-07-03,12,148,188,204,264,291,6,15.5996895542452
st_s009_ref,st_s009_ref,8,2008,2005,63.9311002051992,-124.085829987018,2008-08-06,10,157,262,296,313,292,6,24.6963470225205
st_s009_ref,st_s009_ref,7,2009,2005,63.9311002051992,-124.085829987018,2009-07-08,1,235,299,293,383,286,6,12.6747880638081
st_s009_ref,st_s009_ref,8,2009,2005,63.9311002051992,-124.085829987018,2009-08-09,2,167,225,213,391,292,6,14.7347765167063
st_s009_ref,st_s009_ref,5,2010,2010,63.9311002051992,-124.085829987018,2010-05-24,1,207,324,381,168,286,6,24.3358753014032
st_s009_ref,st_s009_ref,6,2010,2010,63.9311002051992,-124.085829987018,2010-06-25,4,249,285,341,437,293,6,12.3986644692561
st_s009_ref,st_s009_ref,5,2011,2010,63.9311002051992,-124.085829987018,2011-05-27,1,320,416,459,614,295,6,6.65015467327496
st_s009_ref,st_s009_ref,6,2011,2010,63.9311002051992,-124.085829987018,2011-06-12,3,231,182,206,253,281,6,4.3807648069539
st_s009_ref,st_s009_ref,6,2011,2010,63.9311002051992,-124.085829987018,2011-06-28,13,190,210,217,321,291,6,8.72971969027476
st_s009_ref,st_s009_ref,7,2011,2010,63.9311002051992,-124.085829987018,2011-07-30,22,176,205,239,270,291,6,15.7737391393676
st_s009_ref,st_s009_ref,8,2011,2010,63.9311002051992,-124.085829987018,2011-08-15,7,220,195,170,256,289,6,3.67592699614649
st_s009_ref,st_s009_ref,8,2011,2010,63.9311002051992,-124.085829987018,2011-08-31,13,162,179,159,235,286,6,6.07067986755362
st_s009_ref,st_s009_ref,5,2012,2010,63.9311002051992,-124.085829987018,2012-05-13,15,1415,1450,1426,1626,277,6,16.3605285550821
st_s009_ref,st_s009_ref,8,2012,2010,63.9311002051992,-124.085829987018,2012-08-01,25,288,483,606,402,295,6,163.791576661045
st_s009_ref,st_s009_ref,8,2012,2010,63.9311002051992,-124.085829987018,2012-08-17,2,155,235,212,367,290,6,8.99083745653325
st_s009_ref,st_s009_ref,9,2012,2010,63.9311002051992,-124.085829987018,2012-09-02,17,205,248,213,314,286,6,6.30692914900963
st_s009_ref,st_s009_ref,8,2013,2010,63.9311002051992,-124.085829987018,2013-08-04,6,122,191,185,260,297,6,21.1917408394299
st_s009_ref,st_s009_ref,8,2013,2010,63.9311002051992,-124.085829987018,2013-08-20,32,242,347,343,359,288,6,20.7247015481008
st_s009_ref,st_s009_ref,9,2013,2010,63.9311002051992,-124.085829987018,2013-09-05,12,146,166,163,221,288,6,7.18485657586975
st_s009_ref,st_s009_ref,5,2014,2010,63.9311002051992,-124.085829987018,2014-05-03,62,654,576,490,756,278,6,4.7916667267693
st_s009_ref,st_s009_ref,6,2014,2010,63.9311002051992,-124.085829987018,2014-06-20,25,105,158,139,287,286,6,5.02865663021298
st_s009_ref,st_s009_ref,7,2015,2015,63.9311002051992,-124.085829987018,2015-07-25,16,143,168,175,255,292,6,10.4004749853797
st_s009_ref,st_s009_ref,8,2015,2015,63.9311002051992,-124.085829987018,2015-08-10,11,141,180,170,272,291,6,9.27159896842855
st_s009_ref,st_s009_ref,6,2016,2015,63.9311002051992,-124.085829987018,2016-06-25,15,157,169,199,292,290,6,13.5805651154387
st_s009_ref,st_s009_ref,7,2016,2015,63.9311002051992,-124.085829987018,2016-07-27,17,122,172,189,216,292,6,15.4204570032285
st_s009_ref,st_s009_ref,8,2016,2015,63.9311002051992,-124.085829987018,2016-08-12,14,142,192,225,246,291,6,12.9766557597626
st_s009_ref,st_s009_ref,7,2017,2015,63.9311002051992,-124.085829987018,2017-07-30,28,195,267,284,217,289,6,21.3399283943638
st_s009_ref,st_s009_ref,8,2018,2015,63.9311002051992,-124.085829987018,2018-08-02,11,231,269,238,325,294,6,6.72667383138664
st_s009_ref,st_s009_ref,9,2018,2015,63.9311002051992,-124.085829987018,2018-09-03,15,208,233,231,305,280,6,10.0840049681637
st_s009_ref,st_s009_ref,7,2019,2015,63.9311002051992,-124.085829987018,2019-07-04,20,686,756,702,1147,280,6,10.7527244230001
st_s009_ref,st_s009_ref,7,2019,2015,63.9311002051992,-124.085829987018,2019-07-20,5,414,531,412,1095,296,6,13.6094169500264
st_s009_ref,st_s009_ref,8,2019,2015,63.9311002051992,-124.085829987018,2019-08-05,2,263,261,265,417,283,6,6.16828647587482
st_s009_ref,st_s009_ref,5,2021,2015,63.9311002051992,-124.085829987018,2021-05-06,90,887,941,978,1242,280,6,20.156900155806
st_s009_ref,st_s009_ref,6,2021,2015,63.9311002051992,-124.085829987018,2021-06-07,18,207,250,277,213,281,6,15.3512934341999
st_s009_ref,st_s009_ref,5,2023,2015,63.9311002051992,-124.085829987018,2023-05-15,12,292,363,436,344,281,6,26.737295061554
st_s009_ref,st_s009_ref,6,2023,2015,63.9311002051992,-124.085829987018,2023-06-28,3,124,225,229,298,289,6,63.6546024315601
st_s009_ref,st_s009_ref,8,2023,2015,63.9311002051992,-124.085829987018,2023-08-16,7,159,235,256,298,290,6,18.8579563719233
st_s009_ref,st_s009_ref,8,2013,2010,63.9311002051992,-124.085829987018,2013-08-05,1,79,191,196,93,301,6,94.1252969880575
st_s009_ref,st_s009_ref,6,2014,2010,63.9311002051992,-124.085829987018,2014-06-05,23,135,162,151,134,287,6,5.76891265997877
st_s009_ref,st_s009_ref,7,2014,2010,63.9311002051992,-124.085829987018,2014-07-07,2,150,257,214,276,298,6,16.2358681424863
st_s009_ref,st_s009_ref,7,2014,2010,63.9311002051992,-124.085829987018,2014-07-23,10,98,171,194,144,298,6,29.2407175302928
st_s009_ref,st_s009_ref,5,2015,2015,63.9311002051992,-124.085829987018,2015-05-23,25,197,265,256,283,287,6,10.8687301843724
st_s009_ref,st_s009_ref,6,2015,2015,63.9311002051992,-124.085829987018,2015-06-24,16,94,128,130,111,292,6,9.75939113505829
st_s009_ref,st_s009_ref,5,2016,2015,63.9311002051992,-124.085829987018,2016-05-09,44,232,381,510,200,282,6,168.350021160208
st_s009_ref,st_s009_ref,5,2016,2015,63.9311002051992,-124.085829987018,2016-05-25,3,143,197,186,186,286,6,7.36183448438355
st_s009_ref,st_s009_ref,6,2016,2015,63.9311002051992,-124.085829987018,2016-06-10,15,107,152,143,140,291,6,7.62523162280961
st_s009_ref,st_s009_ref,6,2016,2015,63.9311002051992,-124.085829987018,2016-06-26,6,67,134,136,201,292,6,9.40105277442797
st_s009_ref,st_s009_ref,7,2016,2015,63.9311002051992,-124.085829987018,2016-07-28,15,73,115,134,88,298,6,12.5393867488889
st_s009_ref,st_s009_ref,8,2016,2015,63.9311002051992,-124.085829987018,2016-08-13,12,81,150,168,70,297,6,35.6052998623093
st_s009_ref,st_s009_ref,5,2017,2015,63.9311002051992,-124.085829987018,2017-05-12,29,617,868,958,707,283,6,86.3684045640648
st_s009_ref,st_s009_ref,5,2017,2015,63.9311002051992,-124.085829987018,2017-05-28,22,154,178,176,160,292,6,5.56196290652454
st_s009_ref,st_s009_ref,6,2017,2015,63.9311002051992,-124.085829987018,2017-06-29,4,140,171,175,137,295,6,8.63273930951135
st_s009_ref,st_s009_ref,7,2017,2015,63.9311002051992,-124.085829987018,2017-07-15,3,187,244,219,180,296,6,8.84081489685265
st_s009_ref,st_s009_ref,7,2017,2015,63.9311002051992,-124.085829987018,2017-07-31,24,114,162,176,129,294,6,14.9978182537908
st_s009_ref,st_s009_ref,5,2018,2015,63.9311002051992,-124.085829987018,2018-05-31,25,180,211,212,153,289,6,7.4892544798253
st_s009_ref,st_s009_ref,6,2018,2015,63.9311002051992,-124.085829987018,2018-06-16,29,200,305,371,186,292,6,45.8269977011091
st_s009_ref,st_s009_ref,7,2018,2015,63.9311002051992,-124.085829987018,2018-07-02,30,188,225,235,164,291,6,8.60084466307171
st_s009_ref,st_s009_ref,7,2018,2015,63.9311002051992,-124.085829987018,2018-07-18,2,106,135,86,74,290,6,2.64578459113901
st_s009_ref,st_s009_ref,8,2020,2015,63.9311002051992,-124.085829987018,2020-08-08,7,23,78,77,111,289,6,29.5234361352485
st_s009_ref,st_s009_ref,8,2020,2015,63.9311002051992,-124.085829987018,2020-08-24,19,83,104,88,63,290,6,4.26301565636798
st_s009_ref,st_s009_ref,6,2021,2015,63.9311002051992,-124.085829987018,2021-06-08,20,145,168,174,105,289,6,6.57441730396063
st_s009_ref,st_s009_ref,8,2021,2015,63.9311002051992,-124.085829987018,2021-08-11,18,84,155,167,126,291,6,19.8358053920524
st_s009_ref,st_s009_ref,8,2021,2015,63.9311002051992,-124.085829987018,2021-08-27,14,74,116,133,97,292,6,15.0713012280906
st_s009_ref,st_s009_ref,5,2022,2015,63.9311002051992,-124.085829987018,2022-05-10,5,202,440,604,680,278,6,695.971195023198
st_s009_ref,st_s009_ref,6,2022,2015,63.9311002051992,-124.085829987018,2022-06-27,17,114,144,139,89,295,6,6.07097174223902
st_s009_ref,st_s009_ref,8,2022,2015,63.9311002051992,-124.085829987018,2022-08-14,14,96,173,177,152,300,6,16.6080789648404
st_s009_ref,st_s009_ref,5,2023,2015,63.9311002051992,-124.085829987018,2023-05-13,32,213,311,383,197,290,6,39.1676125883367
st_s009_ref,st_s009_ref,6,2023,2015,63.9311002051992,-124.085829987018,2023-06-14,28,174,227,242,147,288,6,11.1005134145746
st_s009_ref,st_s009_ref,7,2023,2015,63.9311002051992,-124.085829987018,2023-07-16,3,257,561,327,703,298,6,14.5383406556396
st_s009_ref,st_s009_ref,8,2023,2015,63.9311002051992,-124.085829987018,2023-08-01,4,245,523,371,676,296,6,23.4222169662987
st_s009_ref,st_s009_ref,5,2024,2015,63.9311002051992,-124.085829987018,2024-05-31,6,212,271,275,243,292,6,6.84159009791136
st_s009_ref,st_s009_ref,6,2013,2010,63.9311002051992,-124.085829987018,2013-06-09,22,153,182,163,151,289,6,4.9502662474505
st_s009_ref,st_s009_ref,8,2013,2010,63.9311002051992,-124.085829987018,2013-08-12,5,110,209,221,199,299,6,29.5043759217245
st_s009_ref,st_s009_ref,8,2013,2010,63.9311002051992,-124.085829987018,2013-08-28,16,77,169,189,149,285,6,50.1399591659505
st_s009_ref,st_s009_ref,5,2014,2010,63.9311002051992,-124.085829987018,2014-05-11,2,28,176,46,319,280,6,0.820862476951572
st_s009_ref,st_s009_ref,5,2014,2010,63.9311002051992,-124.085829987018,2014-05-27,31,256,416,530,364,287,6,96.8798730953277
st_s009_ref,st_s009_ref,6,2014,2010,63.9311002051992,-124.085829987018,2014-06-28,15,88,135,160,145,295,6,25.1139027562648
st_s009_ref,st_s009_ref,7,2014,2010,63.9311002051992,-124.085829987018,2014-07-14,5,113,223,257,230,297,6,21.8585305639025
st_s009_ref,st_s009_ref,8,2014,2010,63.9311002051992,-124.085829987018,2014-08-15,13,44,101,127,87,295,6,60.1318982049957
st_s009_ref,st_s009_ref,8,2015,2015,63.9311002051992,-124.085829987018,2015-08-02,3,133,228,211,378,291,6,23.8202067268129
st_s009_ref,st_s009_ref,9,2015,2015,63.9311002051992,-124.085829987018,2015-09-03,20,53,113,132,70,282,6,60.4374683191818
st_s009_ref,st_s009_ref,6,2016,2015,63.9311002051992,-124.085829987018,2016-06-17,21,107,143,166,114,285,6,9.43053856089029
st_s009_ref,st_s009_ref,7,2016,2015,63.9311002051992,-124.085829987018,2016-07-03,15,97,164,165,168,299,6,12.9070476180611
st_s009_ref,st_s009_ref,8,2016,2015,63.9311002051992,-124.085829987018,2016-08-20,13,76,155,190,127,293,6,73.4081896548191
st_s009_ref,st_s009_ref,9,2016,2015,63.9311002051992,-124.085829987018,2016-09-05,14,82,152,188,133,288,6,39.2826948404957
st_s009_ref,st_s009_ref,6,2017,2015,63.9311002051992,-124.085829987018,2017-06-20,19,129,155,170,117,294,6,6.81285339905172
st_s009_ref,st_s009_ref,7,2017,2015,63.9311002051992,-124.085829987018,2017-07-06,3,180,270,244,274,296,6,8.42201159661796
st_s009_ref,st_s009_ref,8,2017,2015,63.9311002051992,-124.085829987018,2017-08-07,19,99,130,147,105,296,6,11.5130939047029
st_s009_ref,st_s009_ref,5,2018,2015,63.9311002051992,-124.085829987018,2018-05-22,13,229,309,329,329,287,6,8.28823568624447
st_s009_ref,st_s009_ref,6,2018,2015,63.9311002051992,-124.085829987018,2018-06-07,21,68,106,113,101,288,6,13.362814021452
st_s009_ref,st_s009_ref,7,2018,2015,63.9311002051992,-124.085829987018,2018-07-09,4,213,336,288,397,294,6,11.2894283389978
st_s009_ref,st_s009_ref,7,2018,2015,63.9311002051992,-124.085829987018,2018-07-25,19,84,168,157,153,299,6,21.8385436885027
st_s009_ref,st_s009_ref,5,2019,2015,63.9311002051992,-124.085829987018,2019-05-25,24,175,239,235,233,291,6,11.3121853235461
st_s009_ref,st_s009_ref,6,2019,2015,63.9311002051992,-124.085829987018,2019-06-10,33,214,284,319,200,288,6,17.0422239189247
st_s009_ref,st_s009_ref,7,2019,2015,63.9311002051992,-124.085829987018,2019-07-12,3,171,254,201,247,289,6,5.42829249295681
st_s009_ref,st_s009_ref,5,2020,2015,63.9311002051992,-124.085829987018,2020-05-11,10,1316,1279,1436,1335,284,6,25.4778682992275
st_s009_ref,st_s009_ref,6,2020,2015,63.9311002051992,-124.085829987018,2020-06-12,17,120,163,159,141,292,6,7.42813079065443
st_s009_ref,st_s009_ref,6,2020,2015,63.9311002051992,-124.085829987018,2020-06-28,16,82,128,160,110,290,6,17.9305070253486
st_s009_ref,st_s009_ref,7,2020,2015,63.9311002051992,-124.085829987018,2020-07-14,20,163,229,239,276,292,6,11.6693929048133
st_s009_ref,st_s009_ref,7,2020,2015,63.9311002051992,-124.085829987018,2020-07-30,4,204,399,292,686,291,6,17.9470468286524
st_s009_ref,st_s009_ref,6,2021,2015,63.9311002051992,-124.085829987018,2021-06-15,10,149,165,138,111,288,6,4.0383674588623
st_s009_ref,st_s009_ref,7,2021,2015,63.9311002051992,-124.085829987018,2021-07-17,13,67,109,125,91,293,6,12.170891149458
st_s009_ref,st_s009_ref,8,2021,2015,63.9311002051992,-124.085829987018,2021-08-02,2,245,600,287,549,298,6,6.50736547633659
st_s009_ref,st_s009_ref,6,2022,2015,63.9311002051992,-124.085829987018,2022-06-02,16,231,269,269,296,292,6,6.40841870164773
st_s009_ref,st_s009_ref,6,2022,2015,63.9311002051992,-124.085829987018,2022-06-18,23,189,229,223,206,295,6,6.69389499602845
st_s009_ref,st_s009_ref,7,2022,2015,63.9311002051992,-124.085829987018,2022-07-04,21,138,172,183,158,298,6,8.72291879362215
st_s009_ref,st_s009_ref,8,2022,2015,63.9311002051992,-124.085829987018,2022-08-05,15,80,135,162,105,298,6,19.7853796738913
st_s009_ref,st_s009_ref,7,2023,2015,63.9311002051992,-124.085829987018,2023-07-07,16,67,127,151,99,298,6,27.5351533057104
st_s009_ref,st_s009_ref,8,2023,2015,63.9311002051992,-124.085829987018,2023-08-08,2,254,562,392,753,296,6,20.2853156777267
st_s009_ref,st_s009_ref,5,2024,2015,63.9311002051992,-124.085829987018,2024-05-06,17,166,278,329,157,284,6,52.9585313921591
st_s009_ref,st_s009_ref,5,2024,2015,63.9311002051992,-124.085829987018,2024-05-22,16,170,202,259,148,288,6,17.8196302186742
st_s009_ref,st_s009_ref,6,2022,2015,63.9311002051992,-124.085829987018,2022-06-19,20,167,214,191,223,294,6,6.70602412401398
st_s009_ref,st_s009_ref,7,2022,2015,63.9311002051992,-124.085829987018,2022-07-05,2,151,212,187,205,298,6,9.53531564087113
st_s009_ref,st_s009_ref,7,2022,2015,63.9311002051992,-124.085829987018,2022-07-21,13,105,149,165,129,297,6,13.2547519141392
st_s009_ref,st_s009_ref,5,2023,2015,63.9311002051992,-124.085829987018,2023-05-05,4,1160,1576,1700,1248,276,6,99.2026686751148
st_s009_ref,st_s009_ref,6,2023,2015,63.9311002051992,-124.085829987018,2023-06-22,22,135,175,160,142,294,6,6.24720232234893
st_s009_ref,st_s009_ref,7,2023,2015,63.9311002051992,-124.085829987018,2023-07-08,18,125,143,161,130,301,6,9.18054570533438
st_s009_ref,st_s009_ref,8,2023,2015,63.9311002051992,-124.085829987018,2023-08-09,3,355,735,439,926,296,6,8.83803930406338
st_s009_ref,st_s009_ref,5,2024,2015,63.9311002051992,-124.085829987018,2024-05-23,19,164,212,230,149,293,6,11.3691926461312
st_s009_ref,st_s009_ref,7,2024,2015,63.9311002051992,-124.085829987018,2024-07-26,2,203,412,349,480,299,6,8.38211028877042
st_s009_ref,st_s009_ref,5,2022,2015,63.9311002051992,-124.085829987018,2022-05-09,7,616,831,917,1055,278,6,63.5560191748233
st_s009_ref,st_s009_ref,6,2022,2015,63.9311002051992,-124.085829987018,2022-06-26,22,153,190,192,198,290,6,6.68956953593856
st_s009_ref,st_s009_ref,7,2022,2015,63.9311002051992,-124.085829987018,2022-07-12,22,168,289,336,178,297,6,59.0849099640403
st_s009_ref,st_s009_ref,7,2022,2015,63.9311002051992,-124.085829987018,2022-07-28,16,86,151,194,111,293,6,68.3704829926831
st_s009_ref,st_s009_ref,8,2022,2015,63.9311002051992,-124.085829987018,2022-08-13,13,62,133,169,119,297,6,134.790253964317
st_s009_ref,st_s009_ref,5,2023,2015,63.9311002051992,-124.085829987018,2023-05-28,20,184,230,231,260,286,6,7.68236025832649
st_s009_ref,st_s009_ref,6,2023,2015,63.9311002051992,-124.085829987018,2023-06-29,22,158,213,200,216,296,6,9.02594959817407
st_s009_ref,st_s009_ref,7,2023,2015,63.9311002051992,-124.085829987018,2023-07-15,3,219,425,320,554,301,6,15.2853702691511
st_s009_ref,st_s009_ref,8,2023,2015,63.9311002051992,-124.085829987018,2023-08-16,13,75,158,169,188,291,6,14.1188491412715
st_s009_ref,st_s009_ref,9,2023,2015,63.9311002051992,-124.085829987018,2023-09-01,2,115,299,347,304,294,6,124.163666609452
st_s009_ref,st_s009_ref,7,2024,2015,63.9311002051992,-124.085829987018,2024-07-01,2,257,523,409,659,295,6,16.2772662321806
st_s015,st_s015,6,1985,1990,68.9166136218429,-131.522804949654,1985-06-22,5,224,296,289,229,298,6,7.03657545181444
st_s015,st_s015,7,1985,1990,68.9166136218429,-131.522804949654,1985-07-08,7,198,306,333,307,288,6,33.1692903713158
st_s015,st_s015,6,1986,1990,68.9166136218429,-131.522804949654,1986-06-09,19,426,580,646,616,286,6,37.8943220841005
st_s015,st_s015,6,1986,1990,68.9166136218429,-131.522804949654,1986-06-25,3,235,287,278,160,291,6,7.16855462671663
st_s015,st_s015,5,1988,1990,68.9166136218429,-131.522804949654,1988-05-29,20,374,499,577,538,288,6,40.0137688712897
st_s015,st_s015,6,1988,1990,68.9166136218429,-131.522804949654,1988-06-30,3,192,242,279,294,296,6,18.9282423837224
st_s015,st_s015,7,1989,1990,68.9166136218429,-131.522804949654,1989-07-19,7,211,359,344,340,297,6,31.6721453366297
st_s015,st_s015,9,1989,1990,68.9166136218429,-131.522804949654,1989-09-05,7,338,385,380,320,287,6,10.9805511564214
st_s015,st_s015,6,1990,1990,68.9166136218429,-131.522804949654,1990-06-04,16,380,450,462,422,285,6,12.2244298492497
st_s015,st_s015,7,1990,1990,68.9166136218429,-131.522804949654,1990-07-06,2,201,313,344,313,299,6,20.821005729646
st_s015,st_s015,8,1990,1990,68.9166136218429,-131.522804949654,1990-08-07,1,159,180,219,308,289,6,10.941665984832
st_s015,st_s015,6,1991,1990,68.9166136218429,-131.522804949654,1991-06-07,7,263,282,269,223,286,6,6.67663568815917
st_s015,st_s015,6,1992,1990,68.9166136218429,-131.522804949654,1992-06-09,14,525,617,636,643,289,6,16.0759727023863
st_s015,st_s015,6,1993,1990,68.9166136218429,-131.522804949654,1993-06-12,9,319,377,403,388,291,6,15.5602038044367
st_s015,st_s015,6,1993,1990,68.9166136218429,-131.522804949654,1993-06-28,2,291,380,386,373,297,6,14.2623137642501
st_s015,st_s015,8,1993,1990,68.9166136218429,-131.522804949654,1993-08-15,2,245,330,349,302,293,6,14.2066506482525
st_s015,st_s015,6,1994,1990,68.9166136218429,-131.522804949654,1994-06-15,4,308,329,325,341,291,6,7.13389335491449
st_s015,st_s015,7,1994,1990,68.9166136218429,-131.522804949654,1994-07-01,6,225,281,287,260,296,6,8.77304441658208
st_s015,st_s015,9,1994,1990,68.9166136218429,-131.522804949654,1994-09-03,3,383,344,391,351,286,6,10.5257262485463
st_s015,st_s015,7,1995,1995,68.9166136218429,-131.522804949654,1995-07-04,1,142,210,214,205,296,6,6.62530291757051
st_s015,st_s015,5,1998,1995,68.9166136218429,-131.522804949654,1998-05-25,9,282,338,332,260,287,6,11.4801294166549
st_s015,st_s015,6,1998,1995,68.9166136218429,-131.522804949654,1998-06-26,2,170,239,250,219,298,6,16.2621931697749
st_s015,st_s015,7,1998,1995,68.9166136218429,-131.522804949654,1998-07-12,4,177,239,273,312,292,6,24.8456308756677
st_s015,st_s015,7,1999,1995,68.9166136218429,-131.522804949654,1999-07-31,8,241,366,355,306,297,6,18.608258140531
st_s015,st_s015,7,2003,2000,68.9166136218429,-131.522804949654,2003-07-10,4,223,254,288,257,294,6,12.9997552256943
st_s015,st_s015,8,2005,2005,68.9166136218429,-131.522804949654,2005-08-16,5,176,248,259,232,293,6,18.8247948917657
st_s015,st_s015,5,2006,2005,68.9166136218429,-131.522804949654,2006-05-31,18,355,403,503,417,288,6,25.6047413303996
st_s015,st_s015,6,2006,2005,68.9166136218429,-131.522804949654,2006-06-16,2,184,249,266,235,294,6,24.3233073778927
st_s015,st_s015,8,2006,2005,68.9166136218429,-131.522804949654,2006-08-03,4,200,248,237,257,294,6,7.8973556920219
st_s015,st_s015,9,2006,2005,68.9166136218429,-131.522804949654,2006-09-04,6,285,279,307,304,289,6,9.48588515842246
st_s015,st_s015,6,2007,2005,68.9166136218429,-131.522804949654,2007-06-19,4,283,332,289,275,289,6,7.44897741469977
st_s015,st_s015,8,2007,2005,68.9166136218429,-131.522804949654,2007-08-22,7,255,349,338,312,289,6,16.3231266697138
st_s015,st_s015,6,2008,2005,68.9166136218429,-131.522804949654,2008-06-21,1,217,215,181,340,297,6,2.29944641624861
st_s015,st_s015,7,2008,2005,68.9166136218429,-131.522804949654,2008-07-23,2,231,243,322,266,290,6,15.3244100473908
st_s015,st_s015,6,2009,2005,68.9166136218429,-131.522804949654,2009-06-08,13,351,388,510,422,289,6,29.7296077856462
st_s015,st_s015,5,2010,2010,68.9166136218429,-131.522804949654,2010-05-26,3,204,220,260,206,292,6,15.481921734133
st_s015,st_s015,6,2010,2010,68.9166136218429,-131.522804949654,2010-06-11,2,247,345,295,231,298,6,8.65809643912079
st_s015,st_s015,8,2010,2010,68.9166136218429,-131.522804949654,2010-08-30,11,352,405,509,412,287,6,26.4857119618627
st_s015,st_s015,5,2011,2010,68.9166136218429,-131.522804949654,2011-05-29,23,385,520,597,573,292,6,43.1632085754755
st_s015,st_s015,7,2011,2010,68.9166136218429,-131.522804949654,2011-07-16,7,224,325,383,361,297,6,39.0748969911766
st_s015,st_s015,6,1984,1990,68.9166136218429,-131.522804949654,1984-06-10,13,305,416,424,364,291,6,17.4057364986294
st_s015,st_s015,7,1985,1990,68.9166136218429,-131.522804949654,1985-07-15,3,259,414,390,383,287,6,25.326775115811
st_s015,st_s015,7,1985,1990,68.9166136218429,-131.522804949654,1985-07-31,6,228,348,361,312,287,6,25.6425904748513
st_s015,st_s015,9,1985,1990,68.9166136218429,-131.522804949654,1985-09-01,6,258,410,406,300,286,6,19.2481168782027
st_s015,st_s015,6,1987,1990,68.9166136218429,-131.522804949654,1987-06-03,5,489,605,712,690,287,6,48.7708834092415
st_s015,st_s015,6,1989,1990,68.9166136218429,-131.522804949654,1989-06-08,12,249,328,348,273,292,6,13.4199022130398
st_s015,st_s015,6,1990,1990,68.9166136218429,-131.522804949654,1990-06-27,4,206,269,240,199,294,6,6.09441745237738
st_s015,st_s015,8,1990,1990,68.9166136218429,-131.522804949654,1990-08-14,1,180,226,258,289,290,6,12.1697317339941
st_s015,st_s015,5,1991,1990,68.9166136218429,-131.522804949654,1991-05-29,10,246,268,253,243,291,6,4.90879232575874
st_s015,st_s015,6,1991,1990,68.9166136218429,-131.522804949654,1991-06-14,9,306,416,386,362,293,6,10.4978165592138
st_s015,st_s015,7,1992,1990,68.9166136218429,-131.522804949654,1992-07-18,1,259,352,387,319,297,6,23.0087817109276
st_s015,st_s015,9,1992,1990,68.9166136218429,-131.522804949654,1992-09-04,6,686,897,882,1098,281,6,30.6843915377606
st_s015,st_s015,6,1993,1990,68.9166136218429,-131.522804949654,1993-06-19,2,258,382,368,349,291,6,9.0215893857454
st_s015,st_s015,5,1994,1990,68.9166136218429,-131.522804949654,1994-05-21,9,392,541,611,517,284,6,41.1551661551917
st_s015,st_s015,6,1994,1990,68.9166136218429,-131.522804949654,1994-06-06,14,276,319,354,277,288,6,12.0114236177059
st_s015,st_s015,8,1994,1990,68.9166136218429,-131.522804949654,1994-08-25,7,279,403,384,340,286,6,18.6089729002024
st_s015,st_s015,5,1995,1995,68.9166136218429,-131.522804949654,1995-05-08,3,862,916,1101,1176,282,6,44.8791675423921
st_s015,st_s015,6,1995,1995,68.9166136218429,-131.522804949654,1995-06-09,1,157,166,176,235,297,6,5.75662300563299
st_s015,st_s015,7,1995,1995,68.9166136218429,-131.522804949654,1995-07-11,1,186,240,276,268,297,6,18.4419374176331
st_s015,st_s015,6,1997,1995,68.9166136218429,-131.522804949654,1997-06-30,5,210,239,213,215,293,6,4.2295750671023
st_s015,st_s015,8,1997,1995,68.9166136218429,-131.522804949654,1997-08-01,1,236,316,273,289,292,6,4.72282037597706
st_s015,st_s015,5,1998,1995,68.9166136218429,-131.522804949654,1998-05-16,13,278,356,427,361,283,6,24.2622457297516
st_s015,st_s015,6,1998,1995,68.9166136218429,-131.522804949654,1998-06-17,2,147,193,215,216,291,6,7.14201316285987
st_s015,st_s015,7,1998,1995,68.9166136218429,-131.522804949654,1998-07-19,3,449,566,357,1101,298,6,13.8809025718655
st_s015,st_s015,9,1998,1995,68.9166136218429,-131.522804949654,1998-09-05,19,526,737,813,629,287,6,49.678569461043
st_s015,st_s015,8,1999,1995,68.9166136218429,-131.522804949654,1999-08-07,6,227,328,346,297,296,6,21.0918540552247
st_s015,st_s015,8,2003,2000,68.9166136218429,-131.522804949654,2003-08-02,5,206,255,307,301,291,6,20.5728268475532
st_s015,st_s015,7,2004,2000,68.9166136218429,-131.522804949654,2004-07-19,4,344,436,366,343,295,6,7.90259481838385
st_s015,st_s015,6,2005,2005,68.9166136218429,-131.522804949654,2005-06-04,14,268,345,375,306,290,6,12.6936280810981
st_s015,st_s015,6,2005,2005,68.9166136218429,-131.522804949654,2005-06-20,1,200,232,248,166,289,6,12.7595993364073
st_s015,st_s015,7,2006,2005,68.9166136218429,-131.522804949654,2006-07-09,5,178,201,184,263,291,6,5.65980553209571
st_s015,st_s015,7,2006,2005,68.9166136218429,-131.522804949654,2006-07-25,2,174,185,209,217,292,6,7.52790128560906
st_s015,st_s015,8,2007,2005,68.9166136218429,-131.522804949654,2007-08-29,8,167,340,380,335,288,6,140.099922966823
st_s015,st_s015,7,2008,2005,68.9166136218429,-131.522804949654,2008-07-14,1,279,413,432,414,292,6,31.0959658477637
st_s015,st_s015,5,2009,2005,68.9166136218429,-131.522804949654,2009-05-30,4,414,561,548,519,292,6,16.6173928638893
st_s015,st_s015,7,2009,2005,68.9166136218429,-131.522804949654,2009-07-01,1,217,308,350,341,291,6,38.2230122508224
st_s015,st_s015,8,2009,2005,68.9166136218429,-131.522804949654,2009-08-18,2,222,318,290,265,290,6,9.22266819571177
st_s015,st_s015,9,2009,2005,68.9166136218429,-131.522804949654,2009-09-03,12,435,507,627,496,290,6,33.3085324542085
st_s015,st_s015,7,2010,2010,68.9166136218429,-131.522804949654,2010-07-04,4,346,408,407,418,294,6,10.0632210167422
st_s015,st_s015,8,2010,2010,68.9166136218429,-131.522804949654,2010-08-05,3,237,299,210,278,300,6,4.47444236110885
st_s015,st_s015,6,2011,2010,68.9166136218429,-131.522804949654,2011-06-05,4,273,394,414,309,294,6,9.92010799564519
st_s015,st_s015,6,1985,1990,68.9166136218429,-131.522804949654,1985-06-04,9,290,390,399,371,293,6,19.2522187900768
st_s015,st_s015,8,1985,1990,68.9166136218429,-131.522804949654,1985-08-07,5,240,325,385,276,290,6,19.6721614888027
st_s015,st_s015,6,1986,1990,68.9166136218429,-131.522804949654,1986-06-07,20,357,466,505,445,285,6,24.3093840772091
st_s015,st_s015,8,1986,1990,68.9166136218429,-131.522804949654,1986-08-10,7,198,382,346,287,296,6,27.6490653125217
st_s015,st_s015,7,1988,1990,68.9166136218429,-131.522804949654,1988-07-14,7,215,335,355,328,299,6,25.1568744332342
st_s015,st_s015,6,1989,1990,68.9166136218429,-131.522804949654,1989-06-15,7,200,293,242,234,290,6,6.62151937252748
st_s015,st_s015,8,1989,1990,68.9166136218429,-131.522804949654,1989-08-18,6,201,317,334,311,290,6,23.3753041521979
st_s015,st_s015,7,1990,1990,68.9166136218429,-131.522804949654,1990-07-04,2,163,251,245,239,297,6,16.44795764786
st_s015,st_s015,6,1991,1990,68.9166136218429,-131.522804949654,1991-06-21,2,175,227,223,241,296,6,10.4431304594089
st_s015,st_s015,8,1992,1990,68.9166136218429,-131.522804949654,1992-08-26,4,407,591,554,518,291,6,19.5782802123821
st_s015,st_s015,6,1993,1990,68.9166136218429,-131.522804949654,1993-06-10,10,303,414,430,407,293,6,27.4339554897463
st_s015,st_s015,7,1993,1990,68.9166136218429,-131.522804949654,1993-07-28,2,229,319,399,334,294,6,51.6113533148848
st_s015,st_s015,6,1994,1990,68.9166136218429,-131.522804949654,1994-06-13,3,216,277,245,235,293,6,5.87210685872807
st_s015,st_s015,7,1995,1995,68.9166136218429,-131.522804949654,1995-07-02,2,271,240,296,344,295,6,9.19526046327139
st_s015,st_s015,6,1996,1995,68.9166136218429,-131.522804949654,1996-06-18,7,245,293,300,225,293,6,8.82311072790261
st_s015,st_s015,6,1997,1995,68.9166136218429,-131.522804949654,1997-06-05,14,281,325,358,278,288,6,12.0643628949792
st_s015,st_s015,5,1998,1995,68.9166136218429,-131.522804949654,1998-05-23,6,365,446,460,429,284,6,17.3249456774552
st_s015,st_s015,6,1998,1995,68.9166136218429,-131.522804949654,1998-06-08,1,209,302,266,226,293,6,7.15620300178407
st_s015,st_s015,6,1999,1995,68.9166136218429,-131.522804949654,1999-06-11,9,224,268,276,275,292,6,12.5965658255334
st_s015,st_s015,8,2003,2000,68.9166136218429,-131.522804949654,2003-08-09,7,217,338,331,322,290,6,13.0201616216356
st_s015,st_s015,6,2004,2000,68.9166136218429,-131.522804949654,2004-06-08,5,447,657,741,694,291,6,66.0362258447157
st_s015,st_s015,7,2004,2000,68.9166136218429,-131.522804949654,2004-07-26,4,174,257,289,291,296,6,29.5713635896216
st_s015,st_s015,6,2005,2005,68.9166136218429,-131.522804949654,2005-06-11,5,245,248,260,224,295,6,6.10498063143824
st_s015,st_s015,6,2005,2005,68.9166136218429,-131.522804949654,2005-06-27,6,201,221,275,271,292,6,21.0051066136367
st_s015,st_s015,8,2005,2005,68.9166136218429,-131.522804949654,2005-08-14,5,151,198,222,241,289,6,16.5361783026648
st_s015,st_s015,6,2006,2005,68.9166136218429,-131.522804949654,2006-06-30,26,276,461,509,661,291,6,90.3080540259386
st_s015,st_s015,8,2006,2005,68.9166136218429,-131.522804949654,2006-08-01,4,147,185,210,239,298,6,12.0990952197689
st_s015,st_s015,7,2007,2005,68.9166136218429,-131.522804949654,2007-07-03,2,179,267,295,231,291,6,24.9211417117898
st_s015,st_s015,8,2007,2005,68.9166136218429,-131.522804949654,2007-08-04,3,212,326,324,270,295,6,18.9469512167979
st_s015,st_s015,9,2007,2005,68.9166136218429,-131.522804949654,2007-09-05,5,239,378,415,304,286,6,47.4308673250852
st_s015,st_s015,6,2008,2005,68.9166136218429,-131.522804949654,2008-06-03,13,284,356,306,271,292,6,6.18685569831503
st_s015,st_s015,7,2008,2005,68.9166136218429,-131.522804949654,2008-07-05,2,187,274,299,258,300,6,24.3501105803462
st_s015,st_s015,6,2009,2005,68.9166136218429,-131.522804949654,2009-06-06,24,361,507,577,488,292,6,37.1627924301556
st_s015,st_s015,7,2009,2005,68.9166136218429,-131.522804949654,2009-07-08,2,199,304,326,290,289,6,21.694779922564
st_s015,st_s015,8,2009,2005,68.9166136218429,-131.522804949654,2009-08-25,11,405,499,506,504,292,6,17.4335269964291
st_s015,st_s015,5,2010,2010,68.9166136218429,-131.522804949654,2010-05-24,13,300,395,410,322,287,6,13.554213383735
st_s015,st_s015,6,2010,2010,68.9166136218429,-131.522804949654,2010-06-09,3,198,315,349,272,296,6,19.218779318132
st_s015,st_s015,7,2010,2010,68.9166136218429,-131.522804949654,2010-07-27,1,170,246,259,255,298,6,16.4745854452895
st_s015,st_s015,7,2011,2010,68.9166136218429,-131.522804949654,2011-07-14,6,217,370,397,326,294,6,45.0153845962239
st_s015,st_s015,8,2011,2010,68.9166136218429,-131.522804949654,2011-08-31,6,407,671,697,553,284,6,40.0773534057541
st_s015,st_s015,6,1985,1990,68.9166136218429,-131.522804949654,1985-06-04,7,268,343,396,326,293,6,23.7514120965786
st_s015,st_s015,8,1985,1990,68.9166136218429,-131.522804949654,1985-08-07,7,265,325,384,327,290,6,16.2682317053936
st_s015,st_s015,6,1986,1990,68.9166136218429,-131.522804949654,1986-06-07,17,356,460,503,452,284,6,24.2633105354958
st_s015,st_s015,8,1986,1990,68.9166136218429,-131.522804949654,1986-08-10,5,197,378,387,282,296,6,76.9051997049863
st_s015,st_s015,6,1988,1990,68.9166136218429,-131.522804949654,1988-06-28,4,284,377,396,434,294,6,11.0024483745594
st_s015,st_s015,7,1988,1990,68.9166136218429,-131.522804949654,1988-07-14,6,212,331,352,328,300,6,27.4650928627522
st_s015,st_s015,6,1989,1990,68.9166136218429,-131.522804949654,1989-06-15,6,203,293,243,195,290,6,5.60006297665109
st_s015,st_s015,8,1989,1990,68.9166136218429,-131.522804949654,1989-08-18,6,198,322,337,288,290,6,23.134248175549
st_s015,st_s015,7,1990,1990,68.9166136218429,-131.522804949654,1990-07-04,2,188,275,246,196,299,6,9.5643446157669
st_s015,st_s015,6,1991,1990,68.9166136218429,-131.522804949654,1991-06-21,1,174,160,203,150,296,6,6.91448871921744
st_s015,st_s015,8,1992,1990,68.9166136218429,-131.522804949654,1992-08-26,9,416,525,578,573,291,6,31.5622439259322
st_s015,st_s015,6,1993,1990,68.9166136218429,-131.522804949654,1993-06-10,10,305,415,431,410,292,6,21.3578820082772
st_s015,st_s015,7,1993,1990,68.9166136218429,-131.522804949654,1993-07-28,2,203,267,377,333,294,6,47.4154761035776
st_s015,st_s015,6,1994,1990,68.9166136218429,-131.522804949654,1994-06-13,3,198,280,246,235,292,6,7.26545861923542
st_s015,st_s015,7,1995,1995,68.9166136218429,-131.522804949654,1995-07-02,2,251,266,260,371,295,6,9.55955883301543
st_s015,st_s015,6,1996,1995,68.9166136218429,-131.522804949654,1996-06-18,7,247,294,300,269,293,6,8.20395370094651
st_s015,st_s015,6,1997,1995,68.9166136218429,-131.522804949654,1997-06-05,11,284,278,321,281,288,6,7.11818357988209
st_s015,st_s015,6,1999,1995,68.9166136218429,-131.522804949654,1999-06-11,6,229,270,241,235,293,6,7.20055433186929
st_s015,st_s015,8,1999,1995,68.9166136218429,-131.522804949654,1999-08-30,16,587,752,818,664,283,6,38.9219591503984
st_s015,st_s015,8,2003,2000,68.9166136218429,-131.522804949654,2003-08-09,7,216,278,326,316,290,6,20.318935191069
st_s015,st_s015,6,2004,2000,68.9166136218429,-131.522804949654,2004-06-08,8,467,653,700,691,291,6,32.7725395536787
st_s015,st_s015,7,2004,2000,68.9166136218429,-131.522804949654,2004-07-26,4,171,253,265,241,296,6,15.7677911343839
st_s015,st_s015,6,2005,2005,68.9166136218429,-131.522804949654,2005-06-11,7,227,250,262,268,296,6,9.12139335657033
st_s015,st_s015,6,2005,2005,68.9166136218429,-131.522804949654,2005-06-27,5,206,223,240,273,292,6,8.6123379611663
st_s015,st_s015,8,2005,2005,68.9166136218429,-131.522804949654,2005-08-14,8,161,202,224,188,289,6,13.3498194628944
st_s015,st_s015,6,2006,2005,68.9166136218429,-131.522804949654,2006-06-30,28,264,502,581,617,291,6,225.58595319162
st_s015,st_s015,8,2006,2005,68.9166136218429,-131.522804949654,2006-08-01,5,126,214,232,214,299,6,16.8721617534576
st_s015,st_s015,7,2007,2005,68.9166136218429,-131.522804949654,2007-07-03,3,184,223,278,276,291,6,20.9363124211393
st_s015,st_s015,8,2007,2005,68.9166136218429,-131.522804949654,2007-08-04,4,198,299,322,243,296,6,22.6045212808346
st_s015,st_s015,9,2007,2005,68.9166136218429,-131.522804949654,2007-09-05,6,258,315,364,273,286,6,18.4508134847318
st_s015,st_s015,6,2008,2005,68.9166136218429,-131.522804949654,2008-06-03,9,282,353,265,270,291,6,4.5334331187428
st_s015,st_s015,7,2008,2005,68.9166136218429,-131.522804949654,2008-07-05,1,145,275,319,283,300,6,44.8092115473334
st_s015,st_s015,6,2009,2005,68.9166136218429,-131.522804949654,2009-06-06,3,357,549,612,533,293,6,53.6662373524376
st_s015,st_s015,7,2009,2005,68.9166136218429,-131.522804949654,2009-07-08,4,235,303,325,268,289,6,12.5467325525594
st_s015,st_s015,8,2009,2005,68.9166136218429,-131.522804949654,2009-08-25,11,440,499,505,501,292,6,11.4320338996854
st_s015,st_s015,5,2010,2010,68.9166136218429,-131.522804949654,2010-05-24,12,305,397,411,323,287,6,15.2260508982262
st_s015,st_s015,6,2010,2010,68.9166136218429,-131.522804949654,2010-06-09,3,240,264,272,270,296,6,7.76729749606636
st_s015,st_s015,7,2010,2010,68.9166136218429,-131.522804949654,2010-07-27,2,194,270,277,277,298,6,16.1040030014741
st_s015,st_s015,8,2011,2010,68.9166136218429,-131.522804949654,2011-08-31,8,495,689,709,651,284,6,28.4409254718639
st_s015,st_s015,6,1986,1990,68.9166136218429,-131.522804949654,1986-06-14,1,317,422,429,406,294,6,6.28107381920993
st_s015,st_s015,8,1986,1990,68.9166136218429,-131.522804949654,1986-08-17,7,223,373,333,254,291,6,21.5606093375908
st_s015,st_s015,9,1986,1990,68.9166136218429,-131.522804949654,1986-09-02,10,186,220,241,234,285,6,10.4741300477009
st_s015,st_s015,7,1988,1990,68.9166136218429,-131.522804949654,1988-07-05,6,157,300,304,240,295,6,20.9227062961031
st_s015,st_s015,6,1989,1990,68.9166136218429,-131.522804949654,1989-06-22,4,184,250,260,215,297,6,7.38719632671357
st_s015,st_s015,7,1989,1990,68.9166136218429,-131.522804949654,1989-07-08,1,254,389,448,401,290,6,36.2534837370294
st_s015,st_s015,7,1989,1990,68.9166136218429,-131.522804949654,1989-07-24,6,209,372,385,354,298,6,51.2006042435388
st_s015,st_s015,8,1989,1990,68.9166136218429,-131.522804949654,1989-08-09,2,361,508,493,517,297,6,21.0776130273049
st_s015,st_s015,8,1994,1990,68.9166136218429,-131.522804949654,1994-08-07,2,225,338,334,308,295,6,17.7451090653509
st_s015,st_s015,7,1995,1995,68.9166136218429,-131.522804949654,1995-07-09,1,242,319,345,430,296,6,28.0914474053983
st_s015,st_s015,6,1996,1995,68.9166136218429,-131.522804949654,1996-06-09,3,348,457,504,456,292,6,20.3513470521
st_s015,st_s015,8,1996,1995,68.9166136218429,-131.522804949654,1996-08-12,5,214,316,313,289,288,6,15.0667136265449
st_s015,st_s015,8,1996,1995,68.9166136218429,-131.522804949654,1996-08-28,7,184,269,327,278,281,6,38.9373007959565
st_s015,st_s015,6,1997,1995,68.9166136218429,-131.522804949654,1997-06-12,4,166,227,243,193,296,6,13.4377851049659
st_s015,st_s015,7,1998,1995,68.9166136218429,-131.522804949654,1998-07-01,3,158,273,280,239,300,6,15.2805461841716
st_s015,st_s015,7,2004,2000,68.9166136218429,-131.522804949654,2004-07-01,3,204,284,253,303,294,6,10.7226903909668
st_s015,st_s015,8,2004,2000,68.9166136218429,-131.522804949654,2004-08-18,5,227,326,325,313,296,6,13.694345700047
st_s015,st_s015,5,2006,2005,68.9166136218429,-131.522804949654,2006-05-20,58,1075,1093,1124,1145,282,6,17.6919007756447
st_s015,st_s015,7,2007,2005,68.9166136218429,-131.522804949654,2007-07-26,6,173,280,306,257,293,6,27.9693664939882
st_s015,st_s015,6,2008,2005,68.9166136218429,-131.522804949654,2008-06-10,5,204,274,279,277,293,6,14.4258880414718
st_s015,st_s015,6,2008,2005,68.9166136218429,-131.522804949654,2008-06-26,3,118,223,203,234,299,6,16.1816511970576
st_s015,st_s015,7,2008,2005,68.9166136218429,-131.522804949654,2008-07-28,2,311,455,448,432,297,6,18.8573764463238
st_s015,st_s015,5,2009,2005,68.9166136218429,-131.522804949654,2009-05-28,16,614,745,733,669,285,6,16.7431014260091
st_s015,st_s015,8,2010,2010,68.9166136218429,-131.522804949654,2010-08-19,8,214,400,520,360,292,6,213.236915464232
st_s015,st_s015,6,2011,2010,68.9166136218429,-131.522804949654,2011-06-03,14,343,458,466,364,284,6,17.3341308452055
st_s015,st_s015,8,1999,1995,68.9166136218429,-131.522804949654,1999-08-08,6,149,266,291,336,294,6,77.902697953499
st_s015,st_s015,8,1999,1995,68.9166136218429,-131.522804949654,1999-08-24,7,316,427,398,406,286,6,16.1478383794946
st_s015,st_s015,6,2001,2000,68.9166136218429,-131.522804949654,2001-06-26,2,193,231,221,353,292,6,9.19014484806721
st_s015,st_s015,7,2001,2000,68.9166136218429,-131.522804949654,2001-07-12,6,150,211,201,331,289,6,13.5626288475909
st_s015,st_s015,7,2001,2000,68.9166136218429,-131.522804949654,2001-07-28,3,136,204,247,360,291,6,67.6641765893185
st_s015,st_s015,7,2002,2000,68.9166136218429,-131.522804949654,2002-07-15,1,260,297,307,433,289,6,11.8718102945946
st_s015,st_s015,8,2004,2000,68.9166136218429,-131.522804949654,2004-08-05,1,166,236,218,361,286,6,13.1558702813384
st_s015,st_s015,7,2006,2005,68.9166136218429,-131.522804949654,2006-07-10,6,152,191,184,349,291,6,13.8365025688664
st_s015,st_s015,8,2007,2005,68.9166136218429,-131.522804949654,2007-08-30,4,257,345,343,389,287,6,18.1194530360813
st_s015,st_s015,6,2008,2005,68.9166136218429,-131.522804949654,2008-06-29,1,177,196,193,384,293,6,9.06972285948679
st_s015,st_s015,5,2009,2005,68.9166136218429,-131.522804949654,2009-05-31,3,432,535,603,620,285,6,38.2705162002549
st_s015,st_s015,6,2010,2010,68.9166136218429,-131.522804949654,2010-06-19,3,218,237,230,415,287,6,6.89374024745274
st_s015,st_s015,7,2010,2010,68.9166136218429,-131.522804949654,2010-07-05,3,182,199,194,387,295,6,10.515839514434
st_s015,st_s015,6,2011,2010,68.9166136218429,-131.522804949654,2011-06-06,6,279,286,376,361,286,6,18.6988268931569
st_s015,st_s015,6,2011,2010,68.9166136218429,-131.522804949654,2011-06-22,3,227,239,241,351,297,6,10.4507040167564
st_s015,st_s015,7,2011,2010,68.9166136218429,-131.522804949654,2011-07-08,1,204,226,221,433,295,6,12.3782446231386
st_s015,st_s015,6,2013,2010,68.9166136218429,-131.522804949654,2013-06-27,1,317,355,424,581,298,6,25.8140795447112
st_s015,st_s015,6,2014,2010,68.9166136218429,-131.522804949654,2014-06-30,7,172,256,211,392,296,6,11.3013116147917
st_s015,st_s015,5,2015,2015,68.9166136218429,-131.522804949654,2015-05-16,12,482,575,691,668,281,6,45.4724672911197
st_s015,st_s015,7,2015,2015,68.9166136218429,-131.522804949654,2015-07-03,4,320,444,473,628,294,6,36.7434039736206
st_s015,st_s015,7,2016,2015,68.9166136218429,-131.522804949654,2016-07-05,12,383,597,670,728,300,6,95.7667963409028
st_s015,st_s015,8,2016,2015,68.9166136218429,-131.522804949654,2016-08-06,10,328,535,633,619,288,6,144.562699453368
st_s015,st_s015,5,2017,2015,68.9166136218429,-131.522804949654,2017-05-21,14,527,611,712,808,281,6,35.9022988952273
st_s015,st_s015,6,2017,2015,68.9166136218429,-131.522804949654,2017-06-06,8,245,264,294,300,285,6,14.0869635661967
st_s015,st_s015,8,2017,2015,68.9166136218429,-131.522804949654,2017-08-09,4,254,365,467,492,295,6,100.425122022095
st_s015,st_s015,6,2019,2015,68.9166136218429,-131.522804949654,2019-06-28,10,206,285,257,336,288,6,14.6668751260009
st_s015,st_s015,7,2019,2015,68.9166136218429,-131.522804949654,2019-07-30,11,440,672,656,791,290,6,43.075725807594
st_s015,st_s015,9,2020,2015,68.9166136218429,-131.522804949654,2020-09-02,9,355,349,342,309,284,6,7.06081995865368
st_s015,st_s015,6,2021,2015,68.9166136218429,-131.522804949654,2021-06-17,6,297,424,479,439,292,6,38.6116703270527
st_s015,st_s015,8,2021,2015,68.9166136218429,-131.522804949654,2021-08-04,13,480,716,710,1081,292,6,42.7100052262974
st_s015,st_s015,8,2021,2015,68.9166136218429,-131.522804949654,2021-08-20,6,418,526,606,528,287,6,41.8271630898926
st_s015,st_s015,6,2022,2015,68.9166136218429,-131.522804949654,2022-06-19,4,317,404,497,453,288,6,50.1155510156383
st_s015,st_s015,8,2022,2015,68.9166136218429,-131.522804949654,2022-08-26,7,452,571,647,714,287,6,39.337536445409
st_s015,st_s015,6,2023,2015,68.9166136218429,-131.522804949654,2023-06-24,3,227,331,378,385,288,6,50.0587677699162
st_s015,st_s015,6,2023,2015,68.9166136218429,-131.522804949654,2023-06-29,5,264,396,435,449,296,6,45.0018815711901
st_s015,st_s015,7,2023,2015,68.9166136218429,-131.522804949654,2023-07-21,3,301,529,566,1132,298,6,141.337041053896
st_s015,st_s015,7,1999,1995,68.9166136218429,-131.522804949654,1999-07-14,7,206,291,299,403,290,6,22.2941499118962
st_s015,st_s015,7,1999,1995,68.9166136218429,-131.522804949654,1999-07-30,9,173,224,228,341,291,6,16.8217139621875
st_s015,st_s015,7,2000,2000,68.9166136218429,-131.522804949654,2000-07-16,7,168,199,211,324,294,6,12.3873992183864
st_s015,st_s015,8,2000,2000,68.9166136218429,-131.522804949654,2000-08-17,2,204,214,268,350,286,6,18.0026042057765
st_s015,st_s015,9,2000,2000,68.9166136218429,-131.522804949654,2000-09-02,5,232,255,295,343,286,6,18.4742033961043
st_s015,st_s015,7,2001,2000,68.9166136218429,-131.522804949654,2001-07-03,4,221,217,210,393,296,6,11.5131394422593
st_s015,st_s015,8,2001,2000,68.9166136218429,-131.522804949654,2001-08-04,2,167,249,282,381,289,6,54.8520444959267
st_s015,st_s015,8,2001,2000,68.9166136218429,-131.522804949654,2001-08-20,7,224,295,309,366,288,6,20.5255005040685
st_s015,st_s015,9,2001,2000,68.9166136218429,-131.522804949654,2001-09-05,6,205,285,283,270,287,6,23.2115979642478
st_s015,st_s015,7,2002,2000,68.9166136218429,-131.522804949654,2002-07-22,5,177,253,261,372,297,6,37.018601985753
st_s015,st_s015,8,2002,2000,68.9166136218429,-131.522804949654,2002-08-07,4,153,205,236,418,287,6,29.2857912502547
st_s015,st_s015,8,2004,2000,68.9166136218429,-131.522804949654,2004-08-12,4,164,265,290,366,291,6,54.0385614782327
st_s015,st_s015,7,2005,2005,68.9166136218429,-131.522804949654,2005-07-14,7,163,187,176,322,291,6,8.46443830402872
st_s015,st_s015,8,2005,2005,68.9166136218429,-131.522804949654,2005-08-15,7,179,231,241,397,289,6,16.0687401621264
st_s015,st_s015,6,2006,2005,68.9166136218429,-131.522804949654,2006-06-15,9,242,232,260,383,293,6,9.70980273804546
st_s015,st_s015,8,2006,2005,68.9166136218429,-131.522804949654,2006-08-02,5,162,207,188,347,296,6,9.78507054062951
st_s015,st_s015,9,2006,2005,68.9166136218429,-131.522804949654,2006-09-03,7,229,234,275,352,284,6,15.0726925316687
st_s015,st_s015,6,2007,2005,68.9166136218429,-131.522804949654,2007-06-18,8,209,246,233,307,290,6,7.58502606335289
st_s015,st_s015,7,2007,2005,68.9166136218429,-131.522804949654,2007-07-04,6,204,217,244,392,294,6,13.624473535436
st_s015,st_s015,6,2008,2005,68.9166136218429,-131.522804949654,2008-06-04,1,318,272,294,381,286,6,6.55238446222346
st_s015,st_s015,6,2008,2005,68.9166136218429,-131.522804949654,2008-06-20,1,167,256,245,387,288,6,10.4801839404002
st_s015,st_s015,7,2009,2005,68.9166136218429,-131.522804949654,2009-07-09,3,235,275,259,354,291,6,10.5215487949133
st_s015,st_s015,6,2010,2010,68.9166136218429,-131.522804949654,2010-06-10,1,233,254,241,385,295,6,9.52423655391915
st_s015,st_s015,7,2010,2010,68.9166136218429,-131.522804949654,2010-07-28,3,177,205,229,432,297,6,24.9776061096161
st_s015,st_s015,7,2011,2010,68.9166136218429,-131.522804949654,2011-07-15,5,154,267,288,356,294,6,85.8683013565702
st_s015,st_s015,7,2011,2010,68.9166136218429,-131.522804949654,2011-07-31,4,216,326,380,419,297,6,72.2966329834532
st_s015,st_s015,7,2012,2010,68.9166136218429,-131.522804949654,2012-07-01,2,267,352,353,414,297,6,16.2447641224194
st_s015,st_s015,8,2012,2010,68.9166136218429,-131.522804949654,2012-08-18,2,361,472,579,586,291,6,67.5280661452709
st_s015,st_s015,6,2013,2010,68.9166136218429,-131.522804949654,2013-06-18,3,242,284,333,357,290,6,28.9400887000834
st_s015,st_s015,7,2013,2010,68.9166136218429,-131.522804949654,2013-07-04,7,245,319,344,422,294,6,27.4911587348758
st_s015,st_s015,7,2014,2010,68.9166136218429,-131.522804949654,2014-07-07,2,187,267,254,379,293,6,21.2126122871126
st_s015,st_s015,6,2015,2015,68.9166136218429,-131.522804949654,2015-06-08,6,269,381,495,478,288,6,100.314053508454
st_s015,st_s015,5,2016,2015,68.9166136218429,-131.522804949654,2016-05-25,6,326,336,412,411,283,6,14.5972069305772
st_s015,st_s015,6,2016,2015,68.9166136218429,-131.522804949654,2016-06-26,4,248,415,485,488,296,6,119.979536932158
st_s015,st_s015,5,2017,2015,68.9166136218429,-131.522804949654,2017-05-28,5,334,459,552,506,285,6,55.9290413220985
st_s015,st_s015,6,2017,2015,68.9166136218429,-131.522804949654,2017-06-29,8,280,436,500,452,292,6,63.2335636861604
st_s015,st_s015,7,2017,2015,68.9166136218429,-131.522804949654,2017-07-31,3,266,321,398,542,292,6,40.117701922503
st_s015,st_s015,7,2018,2015,68.9166136218429,-131.522804949654,2018-07-02,6,207,287,301,379,290,6,24.9735402678546
st_s015,st_s015,7,2018,2015,68.9166136218429,-131.522804949654,2018-07-18,1,263,390,468,455,289,6,35.7571406144182
st_s015,st_s015,8,2019,2015,68.9166136218429,-131.522804949654,2019-08-22,23,523,702,768,1175,282,6,61.7166291087263
st_s015,st_s015,6,2020,2015,68.9166136218429,-131.522804949654,2020-06-05,21,291,274,290,300,283,6,8.43841200380158
st_s015,st_s015,8,2020,2015,68.9166136218429,-131.522804949654,2020-08-24,10,455,696,777,829,291,6,108.74482228678
st_s015,st_s015,8,2021,2015,68.9166136218429,-131.522804949654,2021-08-27,6,656,805,829,1125,284,6,26.3249758924939
st_s015,st_s015,8,2022,2015,68.9166136218429,-131.522804949654,2022-08-31,7,284,387,512,456,288,6,96.6504233946822
st_s015,st_s015,6,2023,2015,68.9166136218429,-131.522804949654,2023-06-12,7,198,278,322,358,290,6,36.6144093438447
st_s015,st_s015,7,2023,2015,68.9166136218429,-131.522804949654,2023-07-04,9,350,524,592,612,299,6,76.1007311223504
st_s015,st_s015,8,1999,1995,68.9166136218429,-131.522804949654,1999-08-06,11,134,239,220,349,296,6,21.0664791238569
st_s015,st_s015,6,2000,2000,68.9166136218429,-131.522804949654,2000-06-21,13,270,382,461,402,292,6,48.6649442833873
st_s015,st_s015,7,2000,2000,68.9166136218429,-131.522804949654,2000-07-07,9,165,236,246,312,291,6,26.2400220650325
st_s015,st_s015,7,2000,2000,68.9166136218429,-131.522804949654,2000-07-23,9,171,248,273,403,297,6,43.8451903768026
st_s015,st_s015,8,2001,2000,68.9166136218429,-131.522804949654,2001-08-27,5,235,256,268,443,290,6,11.9137020817134
st_s015,st_s015,9,2003,2000,68.9166136218429,-131.522804949654,2003-09-02,16,153,218,198,255,289,6,11.8256324764189
st_s015,st_s015,6,2005,2005,68.9166136218429,-131.522804949654,2005-06-19,8,167,219,206,314,288,6,10.9849794149678
st_s015,st_s015,7,2006,2005,68.9166136218429,-131.522804949654,2006-07-08,9,141,190,203,315,289,6,22.056116155411
st_s015,st_s015,6,2007,2005,68.9166136218429,-131.522804949654,2007-06-09,7,245,291,303,308,289,6,13.8288312186979
st_s015,st_s015,6,2007,2005,68.9166136218429,-131.522804949654,2007-06-25,10,217,239,218,436,288,6,8.27318238982369
st_s015,st_s015,8,2007,2005,68.9166136218429,-131.522804949654,2007-08-12,4,176,267,273,443,289,6,34.5265493180384
st_s015,st_s015,8,2007,2005,68.9166136218429,-131.522804949654,2007-08-28,5,209,291,332,384,287,6,35.3818945754939
st_s015,st_s015,5,2008,2005,68.9166136218429,-131.522804949654,2008-05-26,16,382,410,488,490,282,6,20.8580167500615
st_s015,st_s015,6,2008,2005,68.9166136218429,-131.522804949654,2008-06-11,6,219,224,210,288,289,6,8.95864394844862
st_s015,st_s015,5,2009,2005,68.9166136218429,-131.522804949654,2009-05-29,2,356,380,462,495,283,6,16.1808498559464
st_s015,st_s015,9,2009,2005,68.9166136218429,-131.522804949654,2009-09-02,9,376,497,575,562,285,6,37.0531403410209
st_s015,st_s015,9,2010,2010,68.9166136218429,-131.522804949654,2010-09-05,9,165,227,272,308,283,6,44.0680554439672
st_s015,st_s015,6,2011,2010,68.9166136218429,-131.522804949654,2011-06-20,7,211,288,365,350,291,6,50.9352576421893
st_s015,st_s015,6,2012,2010,68.9166136218429,-131.522804949654,2012-06-22,5,229,253,276,390,296,6,13.3432351596096
st_s015,st_s015,8,2012,2010,68.9166136218429,-131.522804949654,2012-08-09,8,336,528,670,742,292,6,206.194834436131
st_s015,st_s015,8,2013,2010,68.9166136218429,-131.522804949654,2013-08-12,10,392,606,670,711,297,6,82.3048068663904
st_s015,st_s015,8,2013,2010,68.9166136218429,-131.522804949654,2013-08-28,16,457,655,787,756,283,6,110.358990899677
st_s015,st_s015,5,2014,2010,68.9166136218429,-131.522804949654,2014-05-27,7,297,317,329,452,284,6,11.7712986225463
st_s015,st_s015,6,2014,2010,68.9166136218429,-131.522804949654,2014-06-28,4,204,230,271,377,297,6,16.7699489015536
st_s015,st_s015,7,2015,2015,68.9166136218429,-131.522804949654,2015-07-01,8,400,529,569,1039,296,6,42.7598481998441
st_s015,st_s015,6,2017,2015,68.9166136218429,-131.522804949654,2017-06-04,11,234,344,381,359,286,6,37.1168031097432
st_s015,st_s015,6,2017,2015,68.9166136218429,-131.522804949654,2017-06-20,5,230,300,343,360,294,6,22.4184244266042
st_s015,st_s015,6,2018,2015,68.9166136218429,-131.522804949654,2018-06-07,5,296,354,461,396,286,6,45.5556825047271
st_s015,st_s015,7,2019,2015,68.9166136218429,-131.522804949654,2019-07-28,10,386,608,598,637,294,6,48.8951546885022
st_s015,st_s015,6,2020,2015,68.9166136218429,-131.522804949654,2020-06-12,12,418,512,570,511,290,6,26.2521823691911
st_s015,st_s015,7,2021,2015,68.9166136218429,-131.522804949654,2021-07-17,5,395,609,713,1038,296,6,121.030112745134
st_s015,st_s015,5,2023,2015,68.9166136218429,-131.522804949654,2023-05-26,6,331,454,549,606,278,6,57.0641832205548
st_s015,st_s015,7,2023,2015,68.9166136218429,-131.522804949654,2023-07-09,8,293,547,598,531,295,6,149.635565390375
st_s015,st_s015,8,1999,1995,68.9166136218429,-131.522804949654,1999-08-06,9,119,225,209,308,296,6,34.9305627201716
st_s015,st_s015,6,2000,2000,68.9166136218429,-131.522804949654,2000-06-21,14,275,384,462,411,291,6,55.3046704984444
st_s015,st_s015,7,2000,2000,68.9166136218429,-131.522804949654,2000-07-07,8,169,213,246,281,290,6,23.1155359640787
st_s015,st_s015,7,2000,2000,68.9166136218429,-131.522804949654,2000-07-23,7,169,220,248,372,297,6,20.7864738750311
st_s015,st_s015,8,2001,2000,68.9166136218429,-131.522804949654,2001-08-27,4,236,248,258,402,290,6,8.55420346777033
st_s015,st_s015,6,2005,2005,68.9166136218429,-131.522804949654,2005-06-19,8,173,220,207,312,288,6,7.7673085303524
st_s015,st_s015,7,2006,2005,68.9166136218429,-131.522804949654,2006-07-08,8,163,162,179,316,289,6,11.0379191711321
st_s015,st_s015,6,2007,2005,68.9166136218429,-131.522804949654,2007-06-09,6,246,292,320,307,289,6,17.4337549109679
st_s015,st_s015,8,2007,2005,68.9166136218429,-131.522804949654,2007-08-12,6,201,289,273,387,289,6,16.209097053608
st_s015,st_s015,8,2007,2005,68.9166136218429,-131.522804949654,2007-08-28,5,226,301,338,325,287,6,21.1362278372736
st_s015,st_s015,5,2008,2005,68.9166136218429,-131.522804949654,2008-05-26,7,384,410,523,537,283,6,28.8040879553096
st_s015,st_s015,6,2008,2005,68.9166136218429,-131.522804949654,2008-06-11,5,220,222,208,310,289,6,7.28568957947182
st_s015,st_s015,6,2009,2005,68.9166136218429,-131.522804949654,2009-06-30,3,226,288,274,478,289,6,12.2981318699908
st_s015,st_s015,9,2009,2005,68.9166136218429,-131.522804949654,2009-09-02,6,393,469,548,500,285,6,25.6773935672754
st_s015,st_s015,9,2010,2010,68.9166136218429,-131.522804949654,2010-09-05,9,184,234,276,267,283,6,20.7963078921298
st_s015,st_s015,6,2011,2010,68.9166136218429,-131.522804949654,2011-06-20,6,201,279,348,350,292,6,55.2280810208404
st_s015,st_s015,6,2012,2010,68.9166136218429,-131.522804949654,2012-06-22,6,189,286,289,388,296,6,25.6890329594205
st_s015,st_s015,8,2012,2010,68.9166136218429,-131.522804949654,2012-08-09,10,371,521,665,794,292,6,115.975553243985
st_s015,st_s015,8,2013,2010,68.9166136218429,-131.522804949654,2013-08-12,12,393,605,669,1064,297,6,90.6942106296361
st_s015,st_s015,8,2013,2010,68.9166136218429,-131.522804949654,2013-08-28,16,460,654,786,818,283,6,110.562099455496
st_s015,st_s015,6,2014,2010,68.9166136218429,-131.522804949654,2014-06-28,5,186,229,252,304,297,6,12.5757925460411
st_s015,st_s015,7,2015,2015,68.9166136218429,-131.522804949654,2015-07-01,7,389,520,574,770,296,6,48.0924354711584
st_s015,st_s015,6,2017,2015,68.9166136218429,-131.522804949654,2017-06-04,1,240,346,415,271,287,6,28.4590376778665
st_s015,st_s015,6,2017,2015,68.9166136218429,-131.522804949654,2017-06-20,7,235,304,345,362,294,6,26.1638496044218
st_s015,st_s015,8,2017,2015,68.9166136218429,-131.522804949654,2017-08-23,15,400,605,740,674,291,6,153.014904841798
st_s015,st_s015,6,2018,2015,68.9166136218429,-131.522804949654,2018-06-07,4,259,352,425,394,285,6,46.7298591700628
st_s015,st_s015,7,2019,2015,68.9166136218429,-131.522804949654,2019-07-28,11,390,595,611,626,294,6,52.6891319081358
st_s015,st_s015,6,2020,2015,68.9166136218429,-131.522804949654,2020-06-12,12,393,510,568,559,289,6,32.8452321715577
st_s015,st_s015,6,2021,2015,68.9166136218429,-131.522804949654,2021-06-15,8,279,349,420,326,293,6,31.0919442821111
st_s015,st_s015,7,2021,2015,68.9166136218429,-131.522804949654,2021-07-17,3,390,603,671,714,296,6,103.408980036464
st_s015,st_s015,6,2023,2015,68.9166136218429,-131.522804949654,2023-06-17,1,186,340,382,387,290,6,120.640743894411
st_s015,st_s015,7,2023,2015,68.9166136218429,-131.522804949654,2023-07-09,7,291,545,596,634,296,6,192.633514820809
st_s015,st_s015,7,1999,1995,68.9166136218429,-131.522804949654,1999-07-12,5,227,283,311,372,290,6,16.0741173834305
st_s015,st_s015,6,2000,2000,68.9166136218429,-131.522804949654,2000-06-12,6,504,658,776,937,288,6,73.5864148484217
st_s015,st_s015,8,2000,2000,68.9166136218429,-131.522804949654,2000-08-31,8,143,222,243,369,282,6,52.293399065891
st_s015,st_s015,8,2001,2000,68.9166136218429,-131.522804949654,2001-08-18,8,166,240,260,358,284,6,29.6386512622564
st_s015,st_s015,7,2002,2000,68.9166136218429,-131.522804949654,2002-07-20,5,174,235,253,333,298,6,23.3801729733325
st_s015,st_s015,9,2002,2000,68.9166136218429,-131.522804949654,2002-09-06,9,178,188,241,274,288,6,15.0445769335498
st_s015,st_s015,8,2003,2000,68.9166136218429,-131.522804949654,2003-08-24,2,201,207,144,314,289,6,5.30461875780154
st_s015,st_s015,6,2004,2000,68.9166136218429,-131.522804949654,2004-06-23,1,258,322,340,391,298,6,13.8463181760672
st_s015,st_s015,7,2004,2000,68.9166136218429,-131.522804949654,2004-07-25,3,195,234,264,446,292,6,15.6057636615346
st_s015,st_s015,6,2005,2005,68.9166136218429,-131.522804949654,2005-06-26,8,224,224,244,360,289,6,11.6987395401033
st_s015,st_s015,7,2005,2005,68.9166136218429,-131.522804949654,2005-07-12,6,170,195,250,375,292,6,23.5090554880664
st_s015,st_s015,7,2006,2005,68.9166136218429,-131.522804949654,2006-07-31,6,167,201,231,364,296,6,21.5257834995193
st_s015,st_s015,6,2007,2005,68.9166136218429,-131.522804949654,2007-06-16,5,231,279,329,442,290,6,19.609990950032
st_s015,st_s015,9,2007,2005,68.9166136218429,-131.522804949654,2007-09-04,7,222,281,321,351,285,6,17.7160432670583
st_s015,st_s015,6,2008,2005,68.9166136218429,-131.522804949654,2008-06-02,8,259,262,276,310,281,6,9.48288820156782
st_s015,st_s015,7,2008,2005,68.9166136218429,-131.522804949654,2008-07-04,2,170,234,267,367,296,6,12.1180427388612
st_s015,st_s015,8,2009,2005,68.9166136218429,-131.522804949654,2009-08-24,1,377,370,465,503,290,6,17.7642706298909
st_s015,st_s015,5,2010,2010,68.9166136218429,-131.522804949654,2010-05-23,12,289,290,330,369,283,6,11.1422972403194
st_s015,st_s015,6,2010,2010,68.9166136218429,-131.522804949654,2010-06-24,1,163,231,214,317,292,6,8.14540767496686
st_s015,st_s015,7,2010,2010,68.9166136218429,-131.522804949654,2010-07-10,2,232,223,216,353,296,6,8.64829346291378
st_s015,st_s015,6,2011,2010,68.9166136218429,-131.522804949654,2011-06-27,8,205,208,265,354,293,6,15.9301758231932
st_s015,st_s015,6,2012,2010,68.9166136218429,-131.522804949654,2012-06-13,4,218,260,275,310,291,6,13.1024677674244
st_s015,st_s015,6,2014,2010,68.9166136218429,-131.522804949654,2014-06-03,11,413,520,674,629,281,6,74.1906968206766
st_s015,st_s015,6,2015,2015,68.9166136218429,-131.522804949654,2015-06-22,15,210,263,215,347,294,6,6.90192473607668
st_s015,st_s015,6,2016,2015,68.9166136218429,-131.522804949654,2016-06-24,4,210,390,472,406,295,6,232.171011835123
st_s015,st_s015,7,2016,2015,68.9166136218429,-131.522804949654,2016-07-10,18,292,308,288,452,299,6,8.52256225997795
st_s015,st_s015,7,2016,2015,68.9166136218429,-131.522804949654,2016-07-26,5,381,591,681,1135,287,6,82.8699239960041
st_s015,st_s015,6,2017,2015,68.9166136218429,-131.522804949654,2017-06-11,4,253,295,359,363,285,6,21.0438343933705
st_s015,st_s015,7,2017,2015,68.9166136218429,-131.522804949654,2017-07-13,3,322,552,610,699,293,6,162.593029605095
st_s015,st_s015,6,2018,2015,68.9166136218429,-131.522804949654,2018-06-30,6,212,304,386,390,292,6,67.4985006692297
st_s015,st_s015,6,2019,2015,68.9166136218429,-131.522804949654,2019-06-01,3,254,359,436,363,287,6,46.5044884484902
st_s015,st_s015,8,2020,2015,68.9166136218429,-131.522804949654,2020-08-22,18,456,664,792,1095,290,6,113.312925094477
st_s015,st_s015,7,2021,2015,68.9166136218429,-131.522804949654,2021-07-08,19,138,184,105,418,293,6,18.0900652212382
st_s015,st_s015,7,2022,2015,68.9166136218429,-131.522804949654,2022-07-04,6,373,497,492,895,299,6,26.3247644715897
st_s015,st_s015,6,2013,2010,68.9166136218429,-131.522804949654,2013-06-19,11,147,208,253,128,296,6,25.7453667118778
st_s015,st_s015,7,2013,2010,68.9166136218429,-131.522804949654,2013-07-05,3,166,331,360,275,297,6,87.2435987585906
st_s015,st_s015,6,2014,2010,68.9166136218429,-131.522804949654,2014-06-22,11,109,175,213,119,296,6,18.252786849231
st_s015,st_s015,7,2014,2010,68.9166136218429,-131.522804949654,2014-07-08,9,120,163,185,143,295,6,16.4902503034849
st_s015,st_s015,8,2014,2010,68.9166136218429,-131.522804949654,2014-08-09,17,349,577,680,536,291,6,137.500327237962
st_s015,st_s015,5,2015,2015,68.9166136218429,-131.522804949654,2015-05-24,25,258,418,540,354,291,6,141.26115403257
st_s015,st_s015,6,2015,2015,68.9166136218429,-131.522804949654,2015-06-09,15,148,248,336,186,295,6,111.566516938797
st_s015,st_s015,6,2016,2015,68.9166136218429,-131.522804949654,2016-06-11,10,101,205,262,150,290,6,79.5017277583543
st_s015,st_s015,5,2017,2015,68.9166136218429,-131.522804949654,2017-05-29,2,195,356,469,553,289,6,71.8546855438903
st_s015,st_s015,6,2017,2015,68.9166136218429,-131.522804949654,2017-06-14,9,105,158,193,100,292,6,15.5400637644835
st_s015,st_s015,6,2017,2015,68.9166136218429,-131.522804949654,2017-06-30,15,184,326,394,194,295,6,88.1285492702085
st_s015,st_s015,8,2017,2015,68.9166136218429,-131.522804949654,2017-08-01,12,99,217,283,205,299,6,305.731379941219
st_s015,st_s015,9,2017,2015,68.9166136218429,-131.522804949654,2017-09-02,25,563,804,911,952,287,6,94.0159038150216
st_s015,st_s015,6,2018,2015,68.9166136218429,-131.522804949654,2018-06-17,8,81,138,166,69,290,6,14.5328443476062
st_s015,st_s015,6,2019,2015,68.9166136218429,-131.522804949654,2019-06-20,10,113,186,218,73,293,6,23.4227568631218
st_s015,st_s015,5,2021,2015,68.9166136218429,-131.522804949654,2021-05-24,4,421,606,735,819,285,6,113.007064182302
st_s015,st_s015,6,2021,2015,68.9166136218429,-131.522804949654,2021-06-25,2,117,247,290,258,291,6,75.3547902867681
st_s015,st_s015,8,2022,2015,68.9166136218429,-131.522804949654,2022-08-31,16,167,304,418,225,292,6,285.285543368426
st_s015,st_s015,5,2023,2015,68.9166136218429,-131.522804949654,2023-05-30,2,141,279,311,227,293,6,22.3722931820586
st_s015,st_s015,6,2024,2015,68.9166136218429,-131.522804949654,2024-06-01,4,251,431,557,567,287,6,191.496168665892
st_s015,st_s015,6,2024,2015,68.9166136218429,-131.522804949654,2024-06-17,16,248,372,463,235,296,6,55.7916425658909
st_s015,st_s015,6,2013,2010,68.9166136218429,-131.522804949654,2013-06-26,6,154,234,237,184,299,6,12.4667226464611
st_s015,st_s015,6,2014,2010,68.9166136218429,-131.522804949654,2014-06-29,9,102,162,193,111,297,6,17.6573352927351
st_s015,st_s015,9,2014,2010,68.9166136218429,-131.522804949654,2014-09-01,4,355,619,763,773,285,6,257.624858262163
st_s015,st_s015,5,2015,2015,68.9166136218429,-131.522804949654,2015-05-15,4,368,539,663,719,279,6,73.5151430669178
st_s015,st_s015,7,2015,2015,68.9166136218429,-131.522804949654,2015-07-02,2,237,461,465,593,301,6,89.4410309878165
st_s015,st_s015,5,2016,2015,68.9166136218429,-131.522804949654,2016-05-17,2,190,316,422,427,281,6,51.9771520388295
st_s015,st_s015,6,2016,2015,68.9166136218429,-131.522804949654,2016-06-18,13,133,276,344,203,297,6,191.275708084466
st_s015,st_s015,7,2016,2015,68.9166136218429,-131.522804949654,2016-07-04,13,289,557,651,626,300,6,240.553407352776
st_s015,st_s015,6,2017,2015,68.9166136218429,-131.522804949654,2017-06-05,12,120,204,274,124,288,6,71.9648612545599
st_s015,st_s015,6,2017,2015,68.9166136218429,-131.522804949654,2017-06-21,12,155,257,313,158,299,6,48.2628172359631
st_s015,st_s015,7,2017,2015,68.9166136218429,-131.522804949654,2017-07-07,2,266,530,565,683,302,6,103.182817026737
st_s015,st_s015,6,2018,2015,68.9166136218429,-131.522804949654,2018-06-08,10,132,210,279,129,287,6,60.0990588961179
st_s015,st_s015,7,2018,2015,68.9166136218429,-131.522804949654,2018-07-10,13,110,202,273,167,293,6,120.933369618757
st_s015,st_s015,7,2018,2015,68.9166136218429,-131.522804949654,2018-07-26,4,348,624,717,669,297,6,210.471908784289
st_s015,st_s015,5,2019,2015,68.9166136218429,-131.522804949654,2019-05-26,4,266,429,554,492,284,6,100.432664997352
st_s015,st_s015,6,2019,2015,68.9166136218429,-131.522804949654,2019-06-27,2,172,414,493,191,290,6,777.826483191407
st_s015,st_s015,7,2019,2015,68.9166136218429,-131.522804949654,2019-07-13,13,266,503,556,343,296,6,112.196269627761
st_s015,st_s015,6,2020,2015,68.9166136218429,-131.522804949654,2020-06-13,15,219,342,421,206,298,6,58.587607832924
st_s015,st_s015,7,2020,2015,68.9166136218429,-131.522804949654,2020-07-31,3,351,660,692,854,297,6,166.409505759716
st_s015,st_s015,6,2021,2015,68.9166136218429,-131.522804949654,2021-06-16,15,191,353,427,190,298,6,76.6940115519443
st_s015,st_s015,8,2021,2015,68.9166136218429,-131.522804949654,2021-08-03,3,347,637,674,875,291,6,82.6975191262695
st_s015,st_s015,8,2022,2015,68.9166136218429,-131.522804949654,2022-08-22,18,338,590,725,656,284,6,291.124865366649
st_s015,st_s015,6,2024,2015,68.9166136218429,-131.522804949654,2024-06-08,7,399,613,747,652,291,6,168.321821111701
st_s015,st_s015,6,2024,2015,68.9166136218429,-131.522804949654,2024-06-24,14,159,259,323,147,298,6,35.381861467931
st_s015,st_s015,7,2024,2015,68.9166136218429,-131.522804949654,2024-07-10,14,162,286,363,210,294,6,113.551661452729
st_s015,st_s015,7,2013,2010,68.9166136218429,-131.522804949654,2013-07-19,12,80,185,233,199,295,6,185.39148049838
st_s015,st_s015,6,2014,2010,68.9166136218429,-131.522804949654,2014-06-04,25,231,374,514,314,288,6,206.908690484724
st_s015,st_s015,7,2014,2010,68.9166136218429,-131.522804949654,2014-07-06,12,89,188,244,181,295,6,205.146322629523
st_s015,st_s015,5,2015,2015,68.9166136218429,-131.522804949654,2015-05-22,2,350,619,737,1005,287,6,75.147046443737
st_s015,st_s015,6,2016,2015,68.9166136218429,-131.522804949654,2016-06-25,16,204,390,493,314,298,6,219.957014233341
st_s015,st_s015,7,2016,2015,68.9166136218429,-131.522804949654,2016-07-27,19,278,511,652,569,295,6,359.561065427563
st_s015,st_s015,8,2016,2015,68.9166136218429,-131.522804949654,2016-08-28,19,196,396,546,333,287,6,789.876098068857
st_s015,st_s015,7,2017,2015,68.9166136218429,-131.522804949654,2017-07-30,2,184,398,480,572,293,6,133.859045828964
st_s015,st_s015,6,2019,2015,68.9166136218429,-131.522804949654,2019-06-18,12,95,177,223,115,294,6,45.3189486932966
st_s015,st_s015,8,2019,2015,68.9166136218429,-131.522804949654,2019-08-21,4,345,599,734,765,286,6,252.056509436788
st_s015,st_s015,9,2019,2015,68.9166136218429,-131.522804949654,2019-09-06,2,182,350,446,267,288,6,258.841390210143
st_s015,st_s015,6,2020,2015,68.9166136218429,-131.522804949654,2020-06-04,25,286,474,606,460,287,6,214.969933496774
st_s015,st_s015,8,2020,2015,68.9166136218429,-131.522804949654,2020-08-23,25,373,629,763,694,294,6,196.296593783114
st_s015,st_s015,6,2021,2015,68.9166136218429,-131.522804949654,2021-06-07,12,180,306,415,167,290,6,146.940276149671
st_s015,st_s015,6,2021,2015,68.9166136218429,-131.522804949654,2021-06-23,14,160,312,369,232,296,6,105.511448235787
st_s015,st_s015,8,2021,2015,68.9166136218429,-131.522804949654,2021-08-26,17,205,423,474,284,293,6,134.136688925911
st_s015,st_s015,8,2022,2015,68.9166136218429,-131.522804949654,2022-08-13,23,288,540,663,477,297,6,278.892674495021
st_s015,st_s015,5,2023,2015,68.9166136218429,-131.522804949654,2023-05-28,3,223,365,441,295,287,6,90.9476694276384
st_s015,st_s015,8,2023,2015,68.9166136218429,-131.522804949654,2023-08-16,6,225,462,501,807,291,6,142.723673303522
st_s015,st_s015,6,2024,2015,68.9166136218429,-131.522804949654,2024-06-15,20,219,388,503,315,293,6,111.014305151528
st_s015,st_s015,7,2013,2010,68.9166136218429,-131.522804949654,2013-07-19,12,119,200,245,193,295,6,48.1762184229863
st_s015,st_s015,6,2014,2010,68.9166136218429,-131.522804949654,2014-06-04,21,226,372,513,329,288,6,218.197945145702
st_s015,st_s015,7,2014,2010,68.9166136218429,-131.522804949654,2014-07-06,10,102,188,243,157,295,6,109.554480427119
st_s015,st_s015,5,2015,2015,68.9166136218429,-131.522804949654,2015-05-22,4,368,624,728,826,286,6,73.414178251699
st_s015,st_s015,6,2016,2015,68.9166136218429,-131.522804949654,2016-06-25,8,211,398,491,277,298,6,149.906396564898
st_s015,st_s015,7,2016,2015,68.9166136218429,-131.522804949654,2016-07-27,19,269,495,632,573,295,6,270.629324360325
st_s015,st_s015,8,2016,2015,68.9166136218429,-131.522804949654,2016-08-28,20,201,400,548,377,287,6,571.548308368195
st_s015,st_s015,7,2017,2015,68.9166136218429,-131.522804949654,2017-07-14,3,275,559,615,708,295,6,154.226225018368
st_s015,st_s015,7,2017,2015,68.9166136218429,-131.522804949654,2017-07-30,2,185,395,484,481,293,6,139.914936090445
st_s015,st_s015,5,2018,2015,68.9166136218429,-131.522804949654,2018-05-30,3,104,337,410,444,287,6,577.466879264788
st_s015,st_s015,6,2019,2015,68.9166136218429,-131.522804949654,2019-06-18,11,116,183,232,127,293,6,35.3959853432028
st_s015,st_s015,8,2019,2015,68.9166136218429,-131.522804949654,2019-08-21,2,340,592,749,661,286,6,433.998743306376
st_s015,st_s015,9,2019,2015,68.9166136218429,-131.522804949654,2019-09-06,2,190,344,443,281,288,6,176.951849704114
st_s015,st_s015,6,2020,2015,68.9166136218429,-131.522804949654,2020-06-04,24,276,465,596,443,287,6,238.209785864296
st_s015,st_s015,8,2020,2015,68.9166136218429,-131.522804949654,2020-08-23,23,358,630,760,624,294,6,198.690609565667
st_s015,st_s015,6,2021,2015,68.9166136218429,-131.522804949654,2021-06-07,13,186,315,407,207,290,6,72.9364239547234
st_s015,st_s015,6,2021,2015,68.9166136218429,-131.522804949654,2021-06-23,14,160,311,364,226,296,6,94.6578709074162
st_s015,st_s015,8,2021,2015,68.9166136218429,-131.522804949654,2021-08-26,16,198,413,461,263,293,6,152.476298481876
st_s015,st_s015,6,2022,2015,68.9166136218429,-131.522804949654,2022-06-26,3,202,384,410,418,295,6,47.9737760845101
st_s015,st_s015,8,2022,2015,68.9166136218429,-131.522804949654,2022-08-13,21,278,537,652,437,297,6,268.019131347768
st_s015,st_s015,5,2023,2015,68.9166136218429,-131.522804949654,2023-05-28,2,220,362,439,286,286,6,105.231967461159
st_s015,st_s015,6,2024,2015,68.9166136218429,-131.522804949654,2024-06-15,19,239,399,508,280,293,6,121.334449316694
st_s015,st_s015,6,2013,2010,68.9166136218429,-131.522804949654,2013-06-08,21,238,376,510,334,291,6,135.556958379913
st_s015,st_s015,7,2013,2010,68.9166136218429,-131.522804949654,2013-07-10,9,107,171,224,187,294,6,55.8334755780053
st_s015,st_s015,8,2013,2010,68.9166136218429,-131.522804949654,2013-08-11,18,313,567,671,558,305,6,206.371201629343
st_s015,st_s015,6,2014,2010,68.9166136218429,-131.522804949654,2014-06-27,7,62,131,185,94,295,6,157.711642830084
st_s015,st_s015,7,2014,2010,68.9166136218429,-131.522804949654,2014-07-13,21,308,561,691,545,301,6,267.783731259023
st_s015,st_s015,5,2015,2015,68.9166136218429,-131.522804949654,2015-05-13,4,901,1161,1280,1137,283,6,86.0105566664183
st_s015,st_s015,6,2015,2015,68.9166136218429,-131.522804949654,2015-06-30,2,303,540,616,632,296,6,144.68950396176
st_s015,st_s015,7,2015,2015,68.9166136218429,-131.522804949654,2015-07-16,5,245,466,555,479,297,6,133.368474117828
st_s015,st_s015,5,2016,2015,68.9166136218429,-131.522804949654,2016-05-31,2,127,221,275,243,288,6,29.6306184919769
st_s015,st_s015,6,2017,2015,68.9166136218429,-131.522804949654,2017-06-03,16,141,225,320,164,287,6,72.3276399412788
st_s015,st_s015,6,2017,2015,68.9166136218429,-131.522804949654,2017-06-19,10,132,244,311,147,297,6,86.1295614958212
st_s015,st_s015,6,2018,2015,68.9166136218429,-131.522804949654,2018-06-22,6,165,298,359,305,297,6,55.3215744247186
st_s015,st_s015,7,2018,2015,68.9166136218429,-131.522804949654,2018-07-24,2,249,489,545,647,294,6,85.2262216517892
st_s015,st_s015,8,2018,2015,68.9166136218429,-131.522804949654,2018-08-25,20,311,568,713,576,286,6,243.234106448036
st_s015,st_s015,5,2019,2015,68.9166136218429,-131.522804949654,2019-05-24,32,366,569,710,774,291,6,166.115620649166
st_s015,st_s015,7,2019,2015,68.9166136218429,-131.522804949654,2019-07-27,19,329,612,665,565,294,6,138.472607172894
st_s015,st_s015,6,2021,2015,68.9166136218429,-131.522804949654,2021-06-14,13,148,256,332,171,292,6,75.5699845784486
st_s015,st_s015,7,2021,2015,68.9166136218429,-131.522804949654,2021-07-16,17,234,454,550,397,294,6,267.626632686949
st_s015,st_s015,6,2022,2015,68.9166136218429,-131.522804949654,2022-06-01,4,297,487,634,637,286,6,172.765346084217
st_s015,st_s015,6,2022,2015,68.9166136218429,-131.522804949654,2022-06-17,2,255,419,463,387,297,6,52.8076398528411
st_s015,st_s015,5,2023,2015,68.9166136218429,-131.522804949654,2023-05-19,2,330,561,635,531,282,6,116.923372629583
st_s015,st_s015,6,2023,2015,68.9166136218429,-131.522804949654,2023-06-04,14,211,303,379,243,294,6,32.1101852465229
st_s015,st_s015,7,2023,2015,68.9166136218429,-131.522804949654,2023-07-06,15,202,399,478,381,303,6,213.161774377402
st_s015,st_s015,7,2024,2015,68.9166136218429,-131.522804949654,2024-07-24,21,308,568,677,666,299,6,261.861131893727
st_s015,st_s015,5,2023,2015,68.9166136218429,-131.522804949654,2023-05-22,4,301,500,608,600,289,6,189.84085626814
st_s015,st_s015,6,2023,2015,68.9166136218429,-131.522804949654,2023-06-07,2,183,287,300,268,296,6,33.7496917009303
st_s015,st_s015,7,2023,2015,68.9166136218429,-131.522804949654,2023-07-09,4,299,555,696,485,300,6,331.681103166395
st_s015,st_s015,7,2024,2015,68.9166136218429,-131.522804949654,2024-07-11,14,166,274,354,211,297,6,87.4450802367441
st_s015,st_s015,5,2023,2015,68.9166136218429,-131.522804949654,2023-05-29,7,163,278,369,258,294,6,63.8039195295326
st_s015,st_s015,8,2022,2015,68.9166136218429,-131.522804949654,2022-08-30,20,180,360,493,369,289,6,515.967052314309
st_s015,st_s015,5,2023,2015,68.9166136218429,-131.522804949654,2023-05-29,11,152,270,358,206,293,6,124.837200459532
st_s015,st_s015,6,2023,2015,68.9166136218429,-131.522804949654,2023-06-30,13,174,320,380,281,305,6,103.163048132792
st_s015,st_s015,6,2024,2015,68.9166136218429,-131.522804949654,2024-06-16,21,217,369,477,237,294,6,129.260891878764
st_s015,st_s015,6,2022,2015,68.9166136218429,-131.522804949654,2022-06-18,1,222,386,445,481,298,6,25.2142476517227
st_s015,st_s015,7,2022,2015,68.9166136218429,-131.522804949654,2022-07-04,2,235,429,422,631,305,6,51.383691083774
st_s015,st_s015,8,2022,2015,68.9166136218429,-131.522804949654,2022-08-05,15,177,336,428,289,298,6,209.545522252217
st_s015,st_s015,5,2023,2015,68.9166136218429,-131.522804949654,2023-05-20,3,226,413,513,523,286,6,180.305241321871
st_s015,st_s015,6,2023,2015,68.9166136218429,-131.522804949654,2023-06-21,12,140,238,268,220,296,6,32.992079277776
st_s015,st_s015,6,2024,2015,68.9166136218429,-131.522804949654,2024-06-23,13,176,279,349,188,294,6,57.3187443661147
st_s015,st_s015,7,2022,2015,68.9166136218429,-131.522804949654,2022-07-04,2,241,430,443,480,305,6,44.5280176196992
st_s015,st_s015,8,2022,2015,68.9166136218429,-131.522804949654,2022-08-05,14,163,326,426,242,298,6,332.194598844227
st_s015,st_s015,5,2023,2015,68.9166136218429,-131.522804949654,2023-05-20,2,251,413,513,482,287,6,102.069483407357
st_s015,st_s015,6,2023,2015,68.9166136218429,-131.522804949654,2023-06-21,9,131,224,257,205,296,6,41.784608469309
st_s015,st_s015,7,2023,2015,68.9166136218429,-131.522804949654,2023-07-23,2,315,594,646,707,300,6,143.53719324734
st_s015,st_s015,6,2024,2015,68.9166136218429,-131.522804949654,2024-06-23,12,148,270,332,182,294,6,84.364736091501
st_s015,st_s015,8,2022,2015,68.9166136218429,-131.522804949654,2022-08-12,17,212,429,534,352,295,6,398.703967207108
st_s015,st_s015,6,2023,2015,68.9166136218429,-131.522804949654,2023-06-12,10,101,185,233,144,295,6,92.613321359557
st_s015,st_s015,6,2024,2015,68.9166136218429,-131.522804949654,2024-06-14,15,288,480,593,529,286,6,73.8606170797006
st_s015_ref,st_s015_ref,7,1985,1990,68.8683139661908,-131.567819940838,1985-07-08,1,177,261,254,262,289,6,14.6368449467987
st_s015_ref,st_s015_ref,6,1986,1990,68.8683139661908,-131.567819940838,1986-06-09,23,400,532,605,614,288,6,31.3696558026334
st_s015_ref,st_s015_ref,6,1986,1990,68.8683139661908,-131.567819940838,1986-06-25,1,262,246,242,208,292,6,6.00029276609395
st_s015_ref,st_s015_ref,5,1988,1990,68.8683139661908,-131.567819940838,1988-05-29,23,374,499,577,584,287,6,30.6350088623907
st_s015_ref,st_s015_ref,6,1988,1990,68.8683139661908,-131.567819940838,1988-06-30,1,163,237,236,202,296,6,5.01769073502993
st_s015_ref,st_s015_ref,9,1989,1990,68.8683139661908,-131.567819940838,1989-09-05,1,302,315,378,253,286,6,16.7343531413855
st_s015_ref,st_s015_ref,6,1990,1990,68.8683139661908,-131.567819940838,1990-06-04,20,336,405,463,377,285,6,16.9974737877662
st_s015_ref,st_s015_ref,6,1991,1990,68.8683139661908,-131.567819940838,1991-06-07,1,268,375,312,270,288,6,5.45025785468652
st_s015_ref,st_s015_ref,8,1991,1990,68.8683139661908,-131.567819940838,1991-08-10,1,522,484,437,431,289,6,5.33247616538014
st_s015_ref,st_s015_ref,6,1992,1990,68.8683139661908,-131.567819940838,1992-06-09,1,597,666,675,737,286,6,13.7993510765677
st_s015_ref,st_s015_ref,6,1993,1990,68.8683139661908,-131.567819940838,1993-06-12,2,312,372,400,342,292,6,12.2378393686831
st_s015_ref,st_s015_ref,6,1994,1990,68.8683139661908,-131.567819940838,1994-06-15,1,329,357,347,376,289,6,10.1654341930069
st_s015_ref,st_s015_ref,7,1994,1990,68.8683139661908,-131.567819940838,1994-07-01,1,227,284,250,355,295,6,8.09613727123744
st_s015_ref,st_s015_ref,8,1994,1990,68.8683139661908,-131.567819940838,1994-08-02,6,574,682,536,1106,300,6,8.2018232975483
st_s015_ref,st_s015_ref,6,1995,1995,68.8683139661908,-131.567819940838,1995-06-18,17,620,567,494,1184,288,6,8.61676628976694
st_s015_ref,st_s015_ref,5,1998,1995,68.8683139661908,-131.567819940838,1998-05-25,5,327,334,330,306,287,6,5.70932886227682
st_s015_ref,st_s015_ref,6,1998,1995,68.8683139661908,-131.567819940838,1998-06-26,1,264,312,229,241,298,6,3.62158752375025
st_s015_ref,st_s015_ref,7,1998,1995,68.8683139661908,-131.567819940838,1998-07-28,1,231,284,245,313,295,6,7.04910074727706
st_s015_ref,st_s015_ref,5,1999,1995,68.8683139661908,-131.567819940838,1999-05-28,2,301,336,408,341,293,6,15.829516947369
st_s015_ref,st_s015_ref,6,2004,2000,68.8683139661908,-131.567819940838,2004-06-10,6,325,461,508,422,287,6,33.0572234149928
st_s015_ref,st_s015_ref,8,2004,2000,68.8683139661908,-131.567819940838,2004-08-29,1,201,316,257,205,288,6,7.03649644767226
st_s015_ref,st_s015_ref,5,2006,2005,68.8683139661908,-131.567819940838,2006-05-31,20,315,411,468,421,289,6,22.3181813490276
st_s015_ref,st_s015_ref,6,2006,2005,68.8683139661908,-131.567819940838,2006-06-16,2,188,198,224,256,295,6,9.92984171284457
st_s015_ref,st_s015_ref,8,2006,2005,68.8683139661908,-131.567819940838,2006-08-03,1,249,271,186,308,294,6,4.30110215092379
st_s015_ref,st_s015_ref,8,2007,2005,68.8683139661908,-131.567819940838,2007-08-22,1,252,347,337,368,289,6,12.7095393866667
st_s015_ref,st_s015_ref,6,2009,2005,68.8683139661908,-131.567819940838,2009-06-08,6,353,435,510,467,289,6,14.3031682113446
st_s015_ref,st_s015_ref,7,2009,2005,68.8683139661908,-131.567819940838,2009-07-10,6,265,333,277,471,288,6,6.93919874296648
st_s015_ref,st_s015_ref,6,2010,2010,68.8683139661908,-131.567819940838,2010-06-11,1,248,346,376,459,301,6,30.2694634782851
st_s015_ref,st_s015_ref,8,2010,2010,68.8683139661908,-131.567819940838,2010-08-30,4,310,337,480,471,287,6,46.518313905766
st_s015_ref,st_s015_ref,5,2011,2010,68.8683139661908,-131.567819940838,2011-05-29,27,351,464,593,524,294,6,41.8934471195196
st_s015_ref,st_s015_ref,7,2011,2010,68.8683139661908,-131.567819940838,2011-07-16,3,92,86,69,266,294,6,9.65725734647522
st_s015_ref,st_s015_ref,6,1984,1990,68.8683139661908,-131.567819940838,1984-06-10,8,283,370,423,363,291,6,32.8823948597947
st_s015_ref,st_s015_ref,7,1985,1990,68.8683139661908,-131.567819940838,1985-07-31,1,252,301,278,214,288,6,10.0085491046066
st_s015_ref,st_s015_ref,9,1985,1990,68.8683139661908,-131.567819940838,1985-09-01,1,256,283,350,299,286,6,22.2601429286363
st_s015_ref,st_s015_ref,6,1987,1990,68.8683139661908,-131.567819940838,1987-06-03,17,444,604,671,644,288,6,35.2633364595967
st_s015_ref,st_s015_ref,6,1989,1990,68.8683139661908,-131.567819940838,1989-06-08,6,267,328,348,317,293,6,7.39503063353481
st_s015_ref,st_s015_ref,6,1990,1990,68.8683139661908,-131.567819940838,1990-06-27,1,198,219,178,265,294,6,2.38170281800745
st_s015_ref,st_s015_ref,8,1990,1990,68.8683139661908,-131.567819940838,1990-08-14,1,193,236,220,240,291,6,8.27087847509176
st_s015_ref,st_s015_ref,5,1991,1990,68.8683139661908,-131.567819940838,1991-05-13,6,359,419,379,432,287,6,6.59862125497459
st_s015_ref,st_s015_ref,5,1991,1990,68.8683139661908,-131.567819940838,1991-05-29,2,224,289,252,243,292,6,8.51447204135209
st_s015_ref,st_s015_ref,6,1991,1990,68.8683139661908,-131.567819940838,1991-06-14,4,308,373,386,318,293,6,8.96409452987518
st_s015_ref,st_s015_ref,5,1992,1990,68.8683139661908,-131.567819940838,1992-05-31,22,694,828,932,1131,283,6,36.8094705357176
st_s015_ref,st_s015_ref,9,1992,1990,68.8683139661908,-131.567819940838,1992-09-04,6,754,894,881,1161,285,6,18.9778478553622
st_s015_ref,st_s015_ref,5,1994,1990,68.8683139661908,-131.567819940838,1994-05-21,16,399,495,573,566,287,6,26.8893991027185
st_s015_ref,st_s015_ref,6,1994,1990,68.8683139661908,-131.567819940838,1994-06-06,6,259,323,356,324,288,6,14.8491361244749
st_s015_ref,st_s015_ref,8,1994,1990,68.8683139661908,-131.567819940838,1994-08-25,3,282,360,350,355,286,6,8.55397878669568
st_s015_ref,st_s015_ref,5,1995,1995,68.8683139661908,-131.567819940838,1995-05-08,2,568,528,741,741,284,6,21.9518917449559
st_s015_ref,st_s015_ref,6,1997,1995,68.8683139661908,-131.567819940838,1997-06-30,1,165,241,176,263,295,6,6.60429467411439
st_s015_ref,st_s015_ref,8,1997,1995,68.8683139661908,-131.567819940838,1997-08-01,1,625,746,661,1439,285,6,15.5033962326681
st_s015_ref,st_s015_ref,6,1998,1995,68.8683139661908,-131.567819940838,1998-06-17,1,221,235,210,258,293,6,7.57855030409985
st_s015_ref,st_s015_ref,8,1998,1995,68.8683139661908,-131.567819940838,1998-08-20,1,291,428,400,281,291,6,12.3252239223398
st_s015_ref,st_s015_ref,9,1998,1995,68.8683139661908,-131.567819940838,1998-09-05,11,597,735,811,628,288,6,31.1091248168233
st_s015_ref,st_s015_ref,8,1999,1995,68.8683139661908,-131.567819940838,1999-08-07,1,207,268,276,320,296,6,16.7659677557096
st_s015_ref,st_s015_ref,8,2003,2000,68.8683139661908,-131.567819940838,2003-08-02,1,151,253,219,300,290,6,19.9976047606234
st_s015_ref,st_s015_ref,6,2004,2000,68.8683139661908,-131.567819940838,2004-06-01,8,817,921,917,1097,282,6,20.6222944354109
st_s015_ref,st_s015_ref,6,2005,2005,68.8683139661908,-131.567819940838,2005-06-04,9,246,298,376,307,290,6,21.2948218748189
st_s015_ref,st_s015_ref,8,2005,2005,68.8683139661908,-131.567819940838,2005-08-07,1,538,676,473,1037,292,6,5.27064080555577
st_s015_ref,st_s015_ref,6,2006,2005,68.8683139661908,-131.567819940838,2006-06-07,11,339,410,427,422,295,6,9.29885838968013
st_s015_ref,st_s015_ref,7,2006,2005,68.8683139661908,-131.567819940838,2006-07-09,1,181,155,186,132,291,6,7.60220346841438
st_s015_ref,st_s015_ref,7,2007,2005,68.8683139661908,-131.567819940838,2007-07-12,3,383,433,406,788,296,6,12.0373013473583
st_s015_ref,st_s015_ref,7,2008,2005,68.8683139661908,-131.567819940838,2008-07-14,1,193,256,267,272,295,6,25.1196130468016
st_s015_ref,st_s015_ref,5,2009,2005,68.8683139661908,-131.567819940838,2009-05-30,24,412,509,547,519,290,6,19.4368046124862
st_s015_ref,st_s015_ref,8,2009,2005,68.8683139661908,-131.567819940838,2009-08-18,1,283,498,410,1065,290,6,20.0955150762499
st_s015_ref,st_s015_ref,6,2011,2010,68.8683139661908,-131.567819940838,2011-06-05,10,270,345,414,309,296,6,19.4276706483978
st_s015_ref,st_s015_ref,6,2011,2010,68.8683139661908,-131.567819940838,2011-06-21,1,570,671,597,1053,295,6,12.2501696364584
st_s015_ref,st_s015_ref,6,1985,1990,68.8683139661908,-131.567819940838,1985-06-04,2,251,347,362,283,294,6,14.4564405425694
st_s015_ref,st_s015_ref,8,1985,1990,68.8683139661908,-131.567819940838,1985-08-07,1,239,325,341,376,290,6,22.491509386846
st_s015_ref,st_s015_ref,6,1986,1990,68.8683139661908,-131.567819940838,1986-06-07,22,360,468,506,447,285,6,23.4692653321654
st_s015_ref,st_s015_ref,6,1989,1990,68.8683139661908,-131.567819940838,1989-06-15,2,248,313,335,276,290,6,11.0246792463643
st_s015_ref,st_s015_ref,8,1989,1990,68.8683139661908,-131.567819940838,1989-08-18,1,147,262,239,200,290,6,22.2170708158425
st_s015_ref,st_s015_ref,6,1991,1990,68.8683139661908,-131.567819940838,1991-06-21,1,153,205,241,240,296,6,17.1442528058019
st_s015_ref,st_s015_ref,8,1992,1990,68.8683139661908,-131.567819940838,1992-08-26,4,403,588,578,1052,292,6,35.9165277572155
st_s015_ref,st_s015_ref,6,1993,1990,68.8683139661908,-131.567819940838,1993-06-10,5,301,413,467,407,293,6,23.732124004501
st_s015_ref,st_s015_ref,6,1994,1990,68.8683139661908,-131.567819940838,1994-06-13,3,213,276,282,235,293,6,11.7807944706846
st_s015_ref,st_s015_ref,7,1995,1995,68.8683139661908,-131.567819940838,1995-07-02,1,216,212,255,388,294,6,14.5619779174557
st_s015_ref,st_s015_ref,6,1996,1995,68.8683139661908,-131.567819940838,1996-06-18,1,247,295,301,270,293,6,8.61199529486813
st_s015_ref,st_s015_ref,6,1997,1995,68.8683139661908,-131.567819940838,1997-06-05,9,257,324,358,364,289,6,12.1930496768645
st_s015_ref,st_s015_ref,6,1999,1995,68.8683139661908,-131.567819940838,1999-06-11,3,199,314,276,274,293,6,9.85528625568262
st_s015_ref,st_s015_ref,8,2003,2000,68.8683139661908,-131.567819940838,2003-08-09,1,218,283,287,322,291,6,12.1860130117367
st_s015_ref,st_s015_ref,6,2004,2000,68.8683139661908,-131.567819940838,2004-06-08,22,466,558,701,649,290,6,35.4336794659833
st_s015_ref,st_s015_ref,6,2005,2005,68.8683139661908,-131.567819940838,2005-06-11,2,172,246,298,223,297,6,27.1506970891351
st_s015_ref,st_s015_ref,8,2005,2005,68.8683139661908,-131.567819940838,2005-08-14,1,203,196,221,240,289,6,7.92334990196432
st_s015_ref,st_s015_ref,6,2006,2005,68.8683139661908,-131.567819940838,2006-06-30,6,288,503,582,1022,293,6,196.261279669379
st_s015_ref,st_s015_ref,8,2006,2005,68.8683139661908,-131.567819940838,2006-08-01,1,146,211,189,263,299,6,12.3824130734977
st_s015_ref,st_s015_ref,7,2007,2005,68.8683139661908,-131.567819940838,2007-07-03,1,132,221,202,231,291,6,6.26344861420499
st_s015_ref,st_s015_ref,6,2008,2005,68.8683139661908,-131.567819940838,2008-06-03,5,276,352,303,358,293,6,6.3217766834142
st_s015_ref,st_s015_ref,6,2009,2005,68.8683139661908,-131.567819940838,2009-06-06,12,362,461,540,531,295,6,29.294947474041
st_s015_ref,st_s015_ref,8,2009,2005,68.8683139661908,-131.567819940838,2009-08-25,3,493,432,504,502,292,6,10.4075169078222
st_s015_ref,st_s015_ref,5,2010,2010,68.8683139661908,-131.567819940838,2010-05-24,14,297,393,408,408,288,6,9.75365151973478
st_s015_ref,st_s015_ref,6,2010,2010,68.8683139661908,-131.567819940838,2010-06-09,2,218,313,292,292,299,6,3.80442400352502
st_s015_ref,st_s015_ref,8,2011,2010,68.8683139661908,-131.567819940838,2011-08-31,9,427,615,652,650,285,6,20.9328577891182
st_s015_ref,st_s015_ref,6,1985,1990,68.8683139661908,-131.567819940838,1985-06-04,2,229,344,397,371,292,6,17.0572846644605
st_s015_ref,st_s015_ref,8,1985,1990,68.8683139661908,-131.567819940838,1985-08-07,1,264,324,296,377,290,6,10.7463471456374
st_s015_ref,st_s015_ref,6,1986,1990,68.8683139661908,-131.567819940838,1986-06-07,24,352,458,501,495,284,6,23.6800035275293
st_s015_ref,st_s015_ref,6,1989,1990,68.8683139661908,-131.567819940838,1989-06-15,2,271,356,354,326,291,6,4.82628624874932
st_s015_ref,st_s015_ref,6,1991,1990,68.8683139661908,-131.567819940838,1991-06-21,1,155,246,240,239,296,6,14.4118844982929
st_s015_ref,st_s015_ref,8,1992,1990,68.8683139661908,-131.567819940838,1992-08-26,2,416,589,629,1045,294,6,27.2550726853435
st_s015_ref,st_s015_ref,6,1993,1990,68.8683139661908,-131.567819940838,1993-06-10,5,281,367,430,410,293,6,16.8231964944599
st_s015_ref,st_s015_ref,7,1993,1990,68.8683139661908,-131.567819940838,1993-07-28,1,229,319,275,262,295,6,11.7197553330811
st_s015_ref,st_s015_ref,6,1994,1990,68.8683139661908,-131.567819940838,1994-06-13,3,195,326,283,278,294,6,9.29593154112191
st_s015_ref,st_s015_ref,6,1997,1995,68.8683139661908,-131.567819940838,1997-06-05,8,282,325,359,282,289,6,9.38220405449221
st_s015_ref,st_s015_ref,6,1999,1995,68.8683139661908,-131.567819940838,1999-06-11,2,237,314,276,299,294,6,8.84044547797592
st_s015_ref,st_s015_ref,8,2003,2000,68.8683139661908,-131.567819940838,2003-08-09,1,213,276,281,366,291,6,19.0735626566307
st_s015_ref,st_s015_ref,6,2004,2000,68.8683139661908,-131.567819940838,2004-06-08,21,441,603,661,645,291,6,34.8319714161428
st_s015_ref,st_s015_ref,6,2005,2005,68.8683139661908,-131.567819940838,2005-06-11,1,146,242,294,220,297,6,24.9938722465778
st_s015_ref,st_s015_ref,6,2005,2005,68.8683139661908,-131.567819940838,2005-06-27,1,204,268,276,358,292,6,11.1809973682717
st_s015_ref,st_s015_ref,8,2005,2005,68.8683139661908,-131.567819940838,2005-08-14,1,213,201,268,292,289,6,14.164036488705
st_s015_ref,st_s015_ref,6,2006,2005,68.8683139661908,-131.567819940838,2006-06-30,10,273,492,573,1122,294,6,259.642710507669
st_s015_ref,st_s015_ref,8,2006,2005,68.8683139661908,-131.567819940838,2006-08-01,1,126,214,190,312,299,6,16.7595559944282
st_s015_ref,st_s015_ref,6,2008,2005,68.8683139661908,-131.567819940838,2008-06-03,3,251,395,339,311,293,6,9.43706680373008
st_s015_ref,st_s015_ref,6,2009,2005,68.8683139661908,-131.567819940838,2009-06-06,22,356,502,574,490,294,6,32.543244490341
st_s015_ref,st_s015_ref,8,2009,2005,68.8683139661908,-131.567819940838,2009-08-25,2,469,562,555,1209,294,6,23.5708321232773
st_s015_ref,st_s015_ref,5,2010,2010,68.8683139661908,-131.567819940838,2010-05-24,14,305,396,411,366,288,6,10.8079925190995
st_s015_ref,st_s015_ref,6,2010,2010,68.8683139661908,-131.567819940838,2010-06-09,1,217,358,346,313,299,6,7.71154755323038
st_s015_ref,st_s015_ref,5,2011,2010,68.8683139661908,-131.567819940838,2011-05-27,7,444,627,721,752,296,6,53.8165180942784
st_s015_ref,st_s015_ref,6,2011,2010,68.8683139661908,-131.567819940838,2011-06-28,35,371,406,308,507,288,6,6.49263634666074
st_s015_ref,st_s015_ref,8,2011,2010,68.8683139661908,-131.567819940838,2011-08-31,7,410,620,655,711,285,6,32.0385766023454
st_s015_ref,st_s015_ref,6,1986,1990,68.8683139661908,-131.567819940838,1986-06-14,9,257,336,391,320,296,6,13.7365065349199
st_s015_ref,st_s015_ref,8,1986,1990,68.8683139661908,-131.567819940838,1986-08-17,1,220,317,285,253,292,6,14.1968121755552
st_s015_ref,st_s015_ref,8,1988,1990,68.8683139661908,-131.567819940838,1988-08-06,7,578,723,602,1078,292,6,13.3630237679864
st_s015_ref,st_s015_ref,5,1991,1990,68.8683139661908,-131.567819940838,1991-05-27,1,268,363,411,377,293,6,8.15496822028561
st_s015_ref,st_s015_ref,6,1996,1995,68.8683139661908,-131.567819940838,1996-06-09,21,342,406,501,410,292,6,24.6740640831726
st_s015_ref,st_s015_ref,8,1996,1995,68.8683139661908,-131.567819940838,1996-08-12,3,184,258,176,288,287,6,5.34259297432203
st_s015_ref,st_s015_ref,6,1997,1995,68.8683139661908,-131.567819940838,1997-06-12,2,166,274,243,279,297,6,6.39958360872565
st_s015_ref,st_s015_ref,6,1999,1995,68.8683139661908,-131.567819940838,1999-06-02,19,339,411,465,448,291,6,15.9792919082928
st_s015_ref,st_s015_ref,6,2006,2005,68.8683139661908,-131.567819940838,2006-06-05,7,432,481,562,485,283,6,15.6611702605025
st_s015_ref,st_s015_ref,7,2007,2005,68.8683139661908,-131.567819940838,2007-07-10,3,268,390,336,675,300,6,19.3641890087049
st_s015_ref,st_s015_ref,5,2008,2005,68.8683139661908,-131.567819940838,2008-05-25,32,249,374,365,407,288,6,18.5747864338728
st_s015_ref,st_s015_ref,5,2009,2005,68.8683139661908,-131.567819940838,2009-05-28,11,708,794,810,891,286,6,15.9319372885124
st_s015_ref,st_s015_ref,7,2009,2005,68.8683139661908,-131.567819940838,2009-07-15,10,726,813,750,1197,279,6,12.3190549263053
st_s015_ref,st_s015_ref,6,2011,2010,68.8683139661908,-131.567819940838,2011-06-03,15,267,407,463,405,285,6,31.814207899968
st_s015_ref,st_s015_ref,7,2011,2010,68.8683139661908,-131.567819940838,2011-07-05,3,375,426,446,729,298,6,16.3095865628349
st_s015_ref,st_s015_ref,8,1999,1995,68.8683139661908,-131.567819940838,1999-08-24,12,506,730,695,1057,286,6,45.98409312836
st_s015_ref,st_s015_ref,8,2000,2000,68.8683139661908,-131.567819940838,2000-08-10,5,244,299,275,393,289,6,10.018700135345
st_s015_ref,st_s015_ref,6,2001,2000,68.8683139661908,-131.567819940838,2001-06-26,1,175,239,207,305,292,6,8.77824407458744
st_s015_ref,st_s015_ref,7,2001,2000,68.8683139661908,-131.567819940838,2001-07-28,6,205,158,102,295,291,6,3.94930897607964
st_s015_ref,st_s015_ref,7,2002,2000,68.8683139661908,-131.567819940838,2002-07-15,1,166,202,126,428,288,6,5.32812524511193
st_s015_ref,st_s015_ref,8,2004,2000,68.8683139661908,-131.567819940838,2004-08-21,1,226,441,334,1043,289,6,13.1884162074203
st_s015_ref,st_s015_ref,5,2009,2005,68.8683139661908,-131.567819940838,2009-05-31,21,422,529,599,718,285,6,32.934397711937
st_s015_ref,st_s015_ref,6,2010,2010,68.8683139661908,-131.567819940838,2010-06-03,8,732,643,585,901,288,6,6.72324721853395
st_s015_ref,st_s015_ref,6,2010,2010,68.8683139661908,-131.567819940838,2010-06-19,1,169,229,220,375,288,6,24.1646017689852
st_s015_ref,st_s015_ref,7,2010,2010,68.8683139661908,-131.567819940838,2010-07-05,1,182,199,195,387,295,6,18.3335187844703
st_s015_ref,st_s015_ref,6,2011,2010,68.8683139661908,-131.567819940838,2011-06-06,3,292,361,373,384,287,6,5.58099150725865
st_s015_ref,st_s015_ref,6,2011,2010,68.8683139661908,-131.567819940838,2011-06-22,1,264,291,180,387,298,6,3.88208354928625
st_s015_ref,st_s015_ref,7,2012,2010,68.8683139661908,-131.567819940838,2012-07-10,2,530,622,622,1339,282,6,13.3588899752421
st_s015_ref,st_s015_ref,7,2012,2010,68.8683139661908,-131.567819940838,2012-07-26,6,416,624,750,1210,295,6,83.522566377955
st_s015_ref,st_s015_ref,5,2014,2010,68.8683139661908,-131.567819940838,2014-05-29,1,502,561,698,731,286,6,24.6500300932307
st_s015_ref,st_s015_ref,6,2014,2010,68.8683139661908,-131.567819940838,2014-06-30,1,199,251,242,391,296,6,13.4817958809554
st_s015_ref,st_s015_ref,5,2015,2015,68.8683139661908,-131.567819940838,2015-05-16,8,431,490,568,565,281,6,22.8522531443428
st_s015_ref,st_s015_ref,7,2016,2015,68.8683139661908,-131.567819940838,2016-07-05,1,174,240,261,372,298,6,20.667694813793
st_s015_ref,st_s015_ref,8,2016,2015,68.8683139661908,-131.567819940838,2016-08-06,7,326,505,581,992,290,6,85.549623736868
st_s015_ref,st_s015_ref,5,2017,2015,68.8683139661908,-131.567819940838,2017-05-21,16,523,556,641,856,281,6,23.1855229691217
st_s015_ref,st_s015_ref,6,2019,2015,68.8683139661908,-131.567819940838,2019-06-28,1,248,405,441,526,289,6,78.8159841658246
st_s015_ref,st_s015_ref,7,2019,2015,68.8683139661908,-131.567819940838,2019-07-30,3,392,646,632,1005,289,6,37.9326086374023
st_s015_ref,st_s015_ref,6,2020,2015,68.8683139661908,-131.567819940838,2020-06-14,4,291,399,484,440,295,6,28.7982604434568
st_s015_ref,st_s015_ref,8,2020,2015,68.8683139661908,-131.567819940838,2020-08-01,7,530,728,763,1337,294,6,41.1674243859041
st_s015_ref,st_s015_ref,7,2021,2015,68.8683139661908,-131.567819940838,2021-07-19,1,396,499,468,1029,295,6,11.8779625022444
st_s015_ref,st_s015_ref,8,2021,2015,68.8683139661908,-131.567819940838,2021-08-20,2,451,631,544,1328,288,6,13.3727760236465
st_s015_ref,st_s015_ref,7,2022,2015,68.8683139661908,-131.567819940838,2022-07-06,9,473,611,548,1189,299,6,21.1718283628817
st_s015_ref,st_s015_ref,8,2022,2015,68.8683139661908,-131.567819940838,2022-08-26,2,352,424,433,783,289,6,16.7724557883788
st_s015_ref,st_s015_ref,6,2023,2015,68.8683139661908,-131.567819940838,2023-06-02,4,264,342,411,443,286,6,38.5004939142403
st_s015_ref,st_s015_ref,6,2023,2015,68.8683139661908,-131.567819940838,2023-06-07,1,346,357,415,507,292,6,19.0402424532335
st_s015_ref,st_s015_ref,6,2023,2015,68.8683139661908,-131.567819940838,2023-06-29,1,285,392,304,1199,300,6,9.31386031722504
st_s015_ref,st_s015_ref,7,2023,2015,68.8683139661908,-131.567819940838,2023-07-21,9,211,275,198,633,298,6,5.32779270602683
st_s015_ref,st_s015_ref,7,1999,1995,68.8683139661908,-131.567819940838,1999-07-14,1,158,266,231,371,290,6,23.4711748422429
st_s015_ref,st_s015_ref,7,1999,1995,68.8683139661908,-131.567819940838,1999-07-30,1,225,227,255,343,292,6,12.4882537378109
st_s015_ref,st_s015_ref,7,2000,2000,68.8683139661908,-131.567819940838,2000-07-16,2,164,223,232,402,295,6,30.1099614461561
st_s015_ref,st_s015_ref,9,2000,2000,68.8683139661908,-131.567819940838,2000-09-02,2,196,217,199,342,287,6,9.73962171447859
st_s015_ref,st_s015_ref,7,2001,2000,68.8683139661908,-131.567819940838,2001-07-03,2,211,244,223,442,296,6,9.02183574383405
st_s015_ref,st_s015_ref,7,2001,2000,68.8683139661908,-131.567819940838,2001-07-19,1,175,216,185,364,297,6,11.664571197076
st_s015_ref,st_s015_ref,8,2001,2000,68.8683139661908,-131.567819940838,2001-08-20,1,250,293,280,484,289,6,13.3675706605823
st_s015_ref,st_s015_ref,7,2002,2000,68.8683139661908,-131.567819940838,2002-07-22,1,122,195,186,371,297,6,22.1716419798957
st_s015_ref,st_s015_ref,8,2005,2005,68.8683139661908,-131.567819940838,2005-08-15,1,136,230,159,284,289,6,1.98082319120113
st_s015_ref,st_s015_ref,6,2006,2005,68.8683139661908,-131.567819940838,2006-06-15,1,201,265,222,333,294,6,9.78694894538505
st_s015_ref,st_s015_ref,8,2006,2005,68.8683139661908,-131.567819940838,2006-08-02,1,116,160,185,345,296,6,53.7467101598653
st_s015_ref,st_s015_ref,9,2006,2005,68.8683139661908,-131.567819940838,2006-09-03,1,224,176,225,351,284,6,9.72475270273142
st_s015_ref,st_s015_ref,6,2007,2005,68.8683139661908,-131.567819940838,2007-06-18,3,204,242,296,351,289,6,20.6892935195374
st_s015_ref,st_s015_ref,7,2007,2005,68.8683139661908,-131.567819940838,2007-07-04,1,226,207,202,388,295,6,7.59391638078392
st_s015_ref,st_s015_ref,7,2009,2005,68.8683139661908,-131.567819940838,2009-07-09,1,127,273,259,401,292,6,38.993314681338
st_s015_ref,st_s015_ref,8,2010,2010,68.8683139661908,-131.567819940838,2010-08-29,3,473,592,788,1097,287,6,83.9455100469785
st_s015_ref,st_s015_ref,5,2011,2010,68.8683139661908,-131.567819940838,2011-05-28,1,360,476,583,676,290,6,61.6507162367569
st_s015_ref,st_s015_ref,8,2012,2010,68.8683139661908,-131.567819940838,2012-08-18,19,494,757,831,1351,294,6,87.5197133665224
st_s015_ref,st_s015_ref,9,2012,2010,68.8683139661908,-131.567819940838,2012-09-03,8,641,782,810,1100,283,6,26.5581597449802
st_s015_ref,st_s015_ref,6,2013,2010,68.8683139661908,-131.567819940838,2013-06-18,2,241,284,300,356,290,6,15.4761654530045
st_s015_ref,st_s015_ref,7,2013,2010,68.8683139661908,-131.567819940838,2013-07-04,1,270,391,480,1015,296,6,100.078577502485
st_s015_ref,st_s015_ref,6,2014,2010,68.8683139661908,-131.567819940838,2014-06-05,1,514,643,791,1045,289,6,45.3731280464156
st_s015_ref,st_s015_ref,7,2014,2010,68.8683139661908,-131.567819940838,2014-07-23,15,584,793,880,1467,294,6,57.5215708638242
st_s015_ref,st_s015_ref,5,2016,2015,68.8683139661908,-131.567819940838,2016-05-25,1,278,327,370,454,285,6,22.690448616214
st_s015_ref,st_s015_ref,7,2016,2015,68.8683139661908,-131.567819940838,2016-07-28,1,270,453,518,606,298,6,143.946833680845
st_s015_ref,st_s015_ref,5,2017,2015,68.8683139661908,-131.567819940838,2017-05-28,25,333,420,484,552,285,6,28.9082118881119
st_s015_ref,st_s015_ref,6,2017,2015,68.8683139661908,-131.567819940838,2017-06-29,1,210,323,367,452,291,6,44.5921457563397
st_s015_ref,st_s015_ref,7,2017,2015,68.8683139661908,-131.567819940838,2017-07-31,2,388,490,542,1073,293,6,43.6697532603295
st_s015_ref,st_s015_ref,7,2018,2015,68.8683139661908,-131.567819940838,2018-07-02,1,178,216,270,450,291,6,15.3843246728448
st_s015_ref,st_s015_ref,7,2018,2015,68.8683139661908,-131.567819940838,2018-07-18,3,337,551,576,1096,292,6,27.0606808462374
st_s015_ref,st_s015_ref,8,2018,2015,68.8683139661908,-131.567819940838,2018-08-03,10,500,707,838,1393,284,6,81.6139820791901
st_s015_ref,st_s015_ref,8,2019,2015,68.8683139661908,-131.567819940838,2019-08-22,48,575,700,716,1308,283,6,32.900656530048
st_s015_ref,st_s015_ref,6,2020,2015,68.8683139661908,-131.567819940838,2020-06-05,21,390,541,665,534,286,6,79.477944635921
st_s015_ref,st_s015_ref,8,2020,2015,68.8683139661908,-131.567819940838,2020-08-24,11,407,644,732,1264,293,6,92.5906849242961
st_s015_ref,st_s015_ref,5,2021,2015,68.8683139661908,-131.567819940838,2021-05-23,3,503,650,806,908,284,6,45.1106401763882
st_s015_ref,st_s015_ref,7,2021,2015,68.8683139661908,-131.567819940838,2021-07-10,8,101,152,152,291,291,6,17.4180990531234
st_s015_ref,st_s015_ref,8,2021,2015,68.8683139661908,-131.567819940838,2021-08-11,4,551,760,732,1446,290,6,37.3743073246025
st_s015_ref,st_s015_ref,6,2023,2015,68.8683139661908,-131.567819940838,2023-06-12,1,234,236,248,358,290,6,7.14553738562148
st_s015_ref,st_s015_ref,8,1999,1995,68.8683139661908,-131.567819940838,1999-08-06,4,237,362,307,739,299,6,14.1793680859955
st_s015_ref,st_s015_ref,6,2000,2000,68.8683139661908,-131.567819940838,2000-06-21,10,225,332,438,432,292,6,107.411666348908
st_s015_ref,st_s015_ref,7,2000,2000,68.8683139661908,-131.567819940838,2000-07-07,1,171,216,272,345,290,6,42.7159005638392
st_s015_ref,st_s015_ref,7,2000,2000,68.8683139661908,-131.567819940838,2000-07-23,1,140,243,246,336,297,6,60.9268018945805
st_s015_ref,st_s015_ref,8,2001,2000,68.8683139661908,-131.567819940838,2001-08-27,1,202,255,237,360,290,6,8.3379276905975
st_s015_ref,st_s015_ref,9,2003,2000,68.8683139661908,-131.567819940838,2003-09-02,10,51,107,102,210,289,6,46.3272733118401
st_s015_ref,st_s015_ref,6,2005,2005,68.8683139661908,-131.567819940838,2005-06-03,7,268,334,397,427,286,6,27.2490389057583
st_s015_ref,st_s015_ref,6,2007,2005,68.8683139661908,-131.567819940838,2007-06-09,2,207,281,327,425,289,6,23.1581319794159
st_s015_ref,st_s015_ref,8,2007,2005,68.8683139661908,-131.567819940838,2007-08-12,1,194,221,233,388,289,6,15.8037920022219
st_s015_ref,st_s015_ref,5,2008,2005,68.8683139661908,-131.567819940838,2008-05-26,8,344,410,523,538,284,6,40.3199396323798
st_s015_ref,st_s015_ref,6,2008,2005,68.8683139661908,-131.567819940838,2008-06-11,1,215,221,241,309,289,6,8.79083016970939
st_s015_ref,st_s015_ref,5,2009,2005,68.8683139661908,-131.567819940838,2009-05-29,6,378,430,507,495,282,6,26.9917366874994
st_s015_ref,st_s015_ref,9,2009,2005,68.8683139661908,-131.567819940838,2009-09-02,5,374,495,637,605,286,6,90.3220322143333
st_s015_ref,st_s015_ref,5,2010,2010,68.8683139661908,-131.567819940838,2010-05-16,22,1026,1104,1203,1294,281,6,30.2066523044055
st_s015_ref,st_s015_ref,9,2010,2010,68.8683139661908,-131.567819940838,2010-09-05,3,194,224,270,306,282,6,17.7644378295207
st_s015_ref,st_s015_ref,6,2011,2010,68.8683139661908,-131.567819940838,2011-06-04,4,275,334,355,451,290,6,8.4977508772336
st_s015_ref,st_s015_ref,6,2011,2010,68.8683139661908,-131.567819940838,2011-06-20,1,262,249,334,405,293,6,12.5412550134614
st_s015_ref,st_s015_ref,6,2012,2010,68.8683139661908,-131.567819940838,2012-06-22,1,187,247,238,435,295,6,23.7129094307041
st_s015_ref,st_s015_ref,8,2012,2010,68.8683139661908,-131.567819940838,2012-08-09,14,411,613,707,1179,294,6,87.906578913889
st_s015_ref,st_s015_ref,8,2013,2010,68.8683139661908,-131.567819940838,2013-08-12,5,385,601,666,1236,298,6,59.5209417748021
st_s015_ref,st_s015_ref,8,2013,2010,68.8683139661908,-131.567819940838,2013-08-28,5,361,501,650,570,284,6,96.0455701011594
st_s015_ref,st_s015_ref,5,2014,2010,68.8683139661908,-131.567819940838,2014-05-27,6,259,276,363,402,287,6,24.426325666899
st_s015_ref,st_s015_ref,7,2015,2015,68.8683139661908,-131.567819940838,2015-07-01,5,366,496,476,1143,299,6,25.0799559451636
st_s015_ref,st_s015_ref,5,2017,2015,68.8683139661908,-131.567819940838,2017-05-19,43,894,985,1038,1312,278,6,26.0490082392293
st_s015_ref,st_s015_ref,6,2017,2015,68.8683139661908,-131.567819940838,2017-06-04,2,216,288,414,359,288,6,98.6553695799688
st_s015_ref,st_s015_ref,6,2017,2015,68.8683139661908,-131.567819940838,2017-06-20,1,130,264,245,359,295,6,30.5520282554402
st_s015_ref,st_s015_ref,8,2017,2015,68.8683139661908,-131.567819940838,2017-08-23,11,402,656,742,1040,293,6,96.2169883133261
st_s015_ref,st_s015_ref,7,2019,2015,68.8683139661908,-131.567819940838,2019-07-28,4,463,704,708,1026,298,6,31.2660611140951
st_s015_ref,st_s015_ref,6,2020,2015,68.8683139661908,-131.567819940838,2020-06-12,3,415,510,592,606,291,6,32.3506243805916
st_s015_ref,st_s015_ref,7,2021,2015,68.8683139661908,-131.567819940838,2021-07-17,1,315,522,483,1090,299,6,9.34021642331748
st_s015_ref,st_s015_ref,7,2022,2015,68.8683139661908,-131.567819940838,2022-07-16,6,599,685,643,1118,283,6,12.1436247501907
st_s015_ref,st_s015_ref,7,2023,2015,68.8683139661908,-131.567819940838,2023-07-09,1,326,502,521,1266,299,6,19.8451899312598
st_s015_ref,st_s015_ref,8,2023,2015,68.8683139661908,-131.567819940838,2023-08-05,5,385,507,509,1137,292,6,26.3336527437065
st_s015_ref,st_s015_ref,7,1999,1995,68.8683139661908,-131.567819940838,1999-07-05,4,790,876,804,1404,288,6,13.54317057433
st_s015_ref,st_s015_ref,6,2000,2000,68.8683139661908,-131.567819940838,2000-06-21,11,248,356,438,363,292,6,42.8832926949738
st_s015_ref,st_s015_ref,7,2000,2000,68.8683139661908,-131.567819940838,2000-07-07,2,162,233,243,372,290,6,18.8552298747602
st_s015_ref,st_s015_ref,8,2001,2000,68.8683139661908,-131.567819940838,2001-08-27,1,248,297,271,443,290,6,8.64694235019819
st_s015_ref,st_s015_ref,6,2005,2005,68.8683139661908,-131.567819940838,2005-06-19,1,211,192,204,356,290,6,6.95738279172304
st_s015_ref,st_s015_ref,6,2007,2005,68.8683139661908,-131.567819940838,2007-06-09,3,223,262,341,356,290,6,18.1195512336619
st_s015_ref,st_s015_ref,8,2007,2005,68.8683139661908,-131.567819940838,2007-08-12,1,238,265,271,441,290,6,11.2624940584711
st_s015_ref,st_s015_ref,8,2007,2005,68.8683139661908,-131.567819940838,2007-08-28,1,222,248,246,448,287,6,10.0532462355414
st_s015_ref,st_s015_ref,5,2008,2005,68.8683139661908,-131.567819940838,2008-05-26,7,351,413,524,538,283,6,38.1418183312499
st_s015_ref,st_s015_ref,6,2008,2005,68.8683139661908,-131.567819940838,2008-06-11,1,215,220,240,354,289,6,9.18320380004038
st_s015_ref,st_s015_ref,5,2009,2005,68.8683139661908,-131.567819940838,2009-05-29,21,383,432,508,543,283,6,22.8220138765021
st_s015_ref,st_s015_ref,9,2009,2005,68.8683139661908,-131.567819940838,2009-09-02,3,325,467,515,521,286,6,47.4985398225051
st_s015_ref,st_s015_ref,9,2010,2010,68.8683139661908,-131.567819940838,2010-09-05,2,250,289,308,357,283,6,12.3270519348817
st_s015_ref,st_s015_ref,6,2011,2010,68.8683139661908,-131.567819940838,2011-06-04,4,253,311,398,405,289,6,33.3234794265772
st_s015_ref,st_s015_ref,6,2011,2010,68.8683139661908,-131.567819940838,2011-06-20,2,238,246,332,378,293,6,26.8757713566429
st_s015_ref,st_s015_ref,8,2012,2010,68.8683139661908,-131.567819940838,2012-08-09,16,368,655,744,1289,294,6,155.43160951944
st_s015_ref,st_s015_ref,8,2013,2010,68.8683139661908,-131.567819940838,2013-08-12,10,344,555,625,1122,299,6,81.0071791366157
st_s015_ref,st_s015_ref,8,2013,2010,68.8683139661908,-131.567819940838,2013-08-28,4,370,605,652,1066,286,6,38.4299285950837
st_s015_ref,st_s015_ref,5,2014,2010,68.8683139661908,-131.567819940838,2014-05-27,5,283,344,390,592,287,6,14.0537072950789
st_s015_ref,st_s015_ref,6,2014,2010,68.8683139661908,-131.567819940838,2014-06-12,1,284,319,300,527,288,6,6.33099785095925
st_s015_ref,st_s015_ref,7,2015,2015,68.8683139661908,-131.567819940838,2015-07-01,5,341,505,486,1193,299,6,27.719305127599
st_s015_ref,st_s015_ref,5,2017,2015,68.8683139661908,-131.567819940838,2017-05-19,49,907,992,1115,1458,279,6,36.7236531674905
st_s015_ref,st_s015_ref,6,2017,2015,68.8683139661908,-131.567819940838,2017-06-04,2,222,272,382,338,287,6,54.4845183421604
st_s015_ref,st_s015_ref,8,2017,2015,68.8683139661908,-131.567819940838,2017-08-23,9,404,606,740,1041,293,6,92.1850203212477
st_s015_ref,st_s015_ref,5,2020,2015,68.8683139661908,-131.567819940838,2020-05-27,15,609,689,781,862,279,6,31.0615894089129
st_s015_ref,st_s015_ref,6,2020,2015,68.8683139661908,-131.567819940838,2020-06-12,3,456,531,564,606,291,6,16.3660256608745
st_s015_ref,st_s015_ref,8,2020,2015,68.8683139661908,-131.567819940838,2020-08-31,1,446,674,729,1090,285,6,37.9766667672511
st_s015_ref,st_s015_ref,7,2022,2015,68.8683139661908,-131.567819940838,2022-07-16,10,623,686,743,1263,282,6,20.9878914863298
st_s015_ref,st_s015_ref,8,2023,2015,68.8683139661908,-131.567819940838,2023-08-05,4,376,558,454,1280,291,6,15.8927450805689
st_s015_ref,st_s015_ref,6,2000,2000,68.8683139661908,-131.567819940838,2000-06-12,38,420,561,689,815,288,6,84.3871446705487
st_s015_ref,st_s015_ref,8,2001,2000,68.8683139661908,-131.567819940838,2001-08-18,1,165,270,232,394,284,6,26.7644532147094
st_s015_ref,st_s015_ref,9,2002,2000,68.8683139661908,-131.567819940838,2002-09-06,1,141,187,174,273,289,6,12.2855183039051
st_s015_ref,st_s015_ref,8,2003,2000,68.8683139661908,-131.567819940838,2003-08-24,8,247,276,174,355,287,6,3.80411566155337
st_s015_ref,st_s015_ref,6,2004,2000,68.8683139661908,-131.567819940838,2004-06-23,1,272,268,226,384,299,6,5.64137115209296
st_s015_ref,st_s015_ref,6,2005,2005,68.8683139661908,-131.567819940838,2005-06-26,3,220,331,275,269,291,6,12.5713572976804
st_s015_ref,st_s015_ref,8,2005,2005,68.8683139661908,-131.567819940838,2005-08-29,2,118,122,181,321,284,6,43.1881843142895
st_s015_ref,st_s015_ref,5,2006,2005,68.8683139661908,-131.567819940838,2006-05-28,10,349,393,454,590,278,6,16.7786561119773
st_s015_ref,st_s015_ref,9,2007,2005,68.8683139661908,-131.567819940838,2007-09-04,1,166,278,416,416,285,6,149.569688849591
st_s015_ref,st_s015_ref,6,2008,2005,68.8683139661908,-131.567819940838,2008-06-02,2,256,260,275,332,282,6,8.88198634406673
st_s015_ref,st_s015_ref,5,2010,2010,68.8683139661908,-131.567819940838,2010-05-23,4,282,325,328,413,283,6,14.6859292700423
st_s015_ref,st_s015_ref,6,2010,2010,68.8683139661908,-131.567819940838,2010-06-24,2,197,213,214,430,292,6,10.1728787860965
st_s015_ref,st_s015_ref,5,2012,2010,68.8683139661908,-131.567819940838,2012-05-28,18,383,457,561,587,283,6,35.9820989064946
st_s015_ref,st_s015_ref,6,2014,2010,68.8683139661908,-131.567819940838,2014-06-03,11,381,485,608,629,282,6,55.3543724690607
st_s015_ref,st_s015_ref,5,2015,2015,68.8683139661908,-131.567819940838,2015-05-21,16,534,699,830,1043,286,6,53.291165219726
st_s015_ref,st_s015_ref,6,2015,2015,68.8683139661908,-131.567819940838,2015-06-22,16,137,185,179,345,295,6,13.1503404437682
st_s015_ref,st_s015_ref,7,2016,2015,68.8683139661908,-131.567819940838,2016-07-10,17,452,726,801,1323,303,6,94.4096245362472
st_s015_ref,st_s015_ref,7,2016,2015,68.8683139661908,-131.567819940838,2016-07-26,1,447,627,787,1083,288,6,82.77770536913
st_s015_ref,st_s015_ref,5,2018,2015,68.8683139661908,-131.567819940838,2018-05-29,21,873,873,874,1010,279,6,13.728032708542
st_s015_ref,st_s015_ref,6,2019,2015,68.8683139661908,-131.567819940838,2019-06-01,7,253,334,457,408,287,6,76.0365102950536
st_s015_ref,st_s015_ref,8,2019,2015,68.8683139661908,-131.567819940838,2019-08-20,38,741,880,904,1452,281,6,29.0162110775025
st_s015_ref,st_s015_ref,6,2020,2015,68.8683139661908,-131.567819940838,2020-06-03,5,400,571,671,637,283,6,64.4066502109449
st_s015_ref,st_s015_ref,8,2020,2015,68.8683139661908,-131.567819940838,2020-08-22,19,409,662,704,1153,292,6,64.9624529278359
st_s015_ref,st_s015_ref,5,2021,2015,68.8683139661908,-131.567819940838,2021-05-21,2,514,671,783,1197,285,6,44.7407389039863
st_s015_ref,st_s015_ref,6,2013,2010,68.8683139661908,-131.567819940838,2013-06-03,2,384,745,866,1083,287,6,111.628509778658
st_s015_ref,st_s015_ref,6,2013,2010,68.8683139661908,-131.567819940838,2013-06-19,10,165,217,276,148,296,6,19.6923184764744
st_s015_ref,st_s015_ref,6,2014,2010,68.8683139661908,-131.567819940838,2014-06-22,3,94,139,144,97,296,6,8.43433699561027
st_s015_ref,st_s015_ref,7,2014,2010,68.8683139661908,-131.567819940838,2014-07-08,4,96,188,215,227,295,6,54.6105256622741
st_s015_ref,st_s015_ref,8,2014,2010,68.8683139661908,-131.567819940838,2014-08-09,5,330,524,601,567,291,6,54.6588252385756
st_s015_ref,st_s015_ref,5,2015,2015,68.8683139661908,-131.567819940838,2015-05-24,20,234,392,511,352,291,6,110.27122275163
st_s015_ref,st_s015_ref,6,2015,2015,68.8683139661908,-131.567819940838,2015-06-09,11,159,235,314,193,295,6,42.2329998516749
st_s015_ref,st_s015_ref,5,2016,2015,68.8683139661908,-131.567819940838,2016-05-10,4,856,834,1079,1184,282,6,39.282478726299
st_s015_ref,st_s015_ref,6,2016,2015,68.8683139661908,-131.567819940838,2016-06-11,5,138,203,232,114,290,6,14.9123720644985
st_s015_ref,st_s015_ref,5,2017,2015,68.8683139661908,-131.567819940838,2017-05-29,2,166,287,378,324,288,6,103.168356040804
st_s015_ref,st_s015_ref,6,2017,2015,68.8683139661908,-131.567819940838,2017-06-14,3,136,158,187,114,293,6,6.69131018113189
st_s015_ref,st_s015_ref,6,2017,2015,68.8683139661908,-131.567819940838,2017-06-30,9,186,298,361,327,296,6,39.7016513933173
st_s015_ref,st_s015_ref,8,2017,2015,68.8683139661908,-131.567819940838,2017-08-01,5,163,264,302,264,300,6,18.6023035809934
st_s015_ref,st_s015_ref,9,2017,2015,68.8683139661908,-131.567819940838,2017-09-02,20,486,741,819,1082,287,6,83.9033462392182
st_s015_ref,st_s015_ref,6,2018,2015,68.8683139661908,-131.567819940838,2018-06-17,3,123,145,178,81,290,6,10.0127302114559
st_s015_ref,st_s015_ref,6,2019,2015,68.8683139661908,-131.567819940838,2019-06-20,5,182,277,318,295,291,6,20.0760708448329
st_s015_ref,st_s015_ref,5,2021,2015,68.8683139661908,-131.567819940838,2021-05-24,2,400,584,721,677,286,6,91.0334233923157
st_s015_ref,st_s015_ref,6,2022,2015,68.8683139661908,-131.567819940838,2022-06-28,2,252,490,412,696,301,6,19.0966732084174
st_s015_ref,st_s015_ref,8,2022,2015,68.8683139661908,-131.567819940838,2022-08-31,10,154,306,394,318,292,6,137.812698853163
st_s015_ref,st_s015_ref,6,2024,2015,68.8683139661908,-131.567819940838,2024-06-01,14,290,435,560,495,287,6,105.255902081598
st_s015_ref,st_s015_ref,6,2024,2015,68.8683139661908,-131.567819940838,2024-06-17,16,233,366,457,270,296,6,50.6904466320875
st_s015_ref,st_s015_ref,7,2024,2015,68.8683139661908,-131.567819940838,2024-07-19,4,279,447,536,454,297,6,75.6359609226648
st_s015_ref,st_s015_ref,6,2013,2010,68.8683139661908,-131.567819940838,2013-06-26,5,155,233,245,257,299,6,15.3068290313044
st_s015_ref,st_s015_ref,5,2014,2010,68.8683139661908,-131.567819940838,2014-05-28,2,230,374,358,412,285,6,19.9105481189364
st_s015_ref,st_s015_ref,6,2014,2010,68.8683139661908,-131.567819940838,2014-06-29,3,125,178,211,141,297,6,13.5611561604496
st_s015_ref,st_s015_ref,7,2014,2010,68.8683139661908,-131.567819940838,2014-07-31,2,281,678,808,733,283,6,1058.15855890924
st_s015_ref,st_s015_ref,9,2014,2010,68.8683139661908,-131.567819940838,2014-09-01,27,102,165,154,174,283,6,16.3384546285614
st_s015_ref,st_s015_ref,5,2015,2015,68.8683139661908,-131.567819940838,2015-05-15,4,158,405,407,328,279,6,255.365241166859
st_s015_ref,st_s015_ref,5,2016,2015,68.8683139661908,-131.567819940838,2016-05-17,2,154,256,332,204,282,6,85.6589066380573
st_s015_ref,st_s015_ref,6,2016,2015,68.8683139661908,-131.567819940838,2016-06-18,5,164,230,270,186,297,6,14.4367309587533
st_s015_ref,st_s015_ref,7,2016,2015,68.8683139661908,-131.567819940838,2016-07-04,6,326,591,681,588,300,6,158.59202212859
st_s015_ref,st_s015_ref,6,2017,2015,68.8683139661908,-131.567819940838,2017-06-05,7,127,190,253,171,288,6,42.1177568930677
st_s015_ref,st_s015_ref,6,2017,2015,68.8683139661908,-131.567819940838,2017-06-21,3,162,232,270,160,300,6,12.607647674964
st_s015_ref,st_s015_ref,6,2018,2015,68.8683139661908,-131.567819940838,2018-06-08,15,155,229,292,176,288,6,28.2716945375363
st_s015_ref,st_s015_ref,7,2018,2015,68.8683139661908,-131.567819940838,2018-07-10,7,128,243,318,294,294,6,172.872127959178
st_s015_ref,st_s015_ref,7,2018,2015,68.8683139661908,-131.567819940838,2018-07-26,3,379,640,699,910,298,6,61.3472445790159
st_s015_ref,st_s015_ref,5,2019,2015,68.8683139661908,-131.567819940838,2019-05-26,2,242,441,564,443,286,6,87.7310177693027
st_s015_ref,st_s015_ref,6,2019,2015,68.8683139661908,-131.567819940838,2019-06-27,1,220,416,474,459,292,6,62.497055117521
st_s015_ref,st_s015_ref,7,2019,2015,68.8683139661908,-131.567819940838,2019-07-13,8,290,521,574,511,297,6,62.8287919583908
st_s015_ref,st_s015_ref,5,2020,2015,68.8683139661908,-131.567819940838,2020-05-28,6,148,471,534,837,288,6,765.74463877932
st_s015_ref,st_s015_ref,6,2020,2015,68.8683139661908,-131.567819940838,2020-06-13,19,236,360,443,281,300,6,31.884047440404
st_s015_ref,st_s015_ref,7,2020,2015,68.8683139661908,-131.567819940838,2020-07-31,4,282,571,497,1191,299,6,46.4355301053488
st_s015_ref,st_s015_ref,6,2021,2015,68.8683139661908,-131.567819940838,2021-06-16,6,162,275,331,187,298,6,40.2772633123134
st_s015_ref,st_s015_ref,6,2022,2015,68.8683139661908,-131.567819940838,2022-06-19,3,186,300,353,294,289,6,25.7631918758449
st_s015_ref,st_s015_ref,8,2022,2015,68.8683139661908,-131.567819940838,2022-08-22,23,338,576,701,915,283,6,179.09054038211
st_s015_ref,st_s015_ref,8,2023,2015,68.8683139661908,-131.567819940838,2023-08-09,2,130,755,78,1041,301,6,98.0731112177156
st_s015_ref,st_s015_ref,6,2024,2015,68.8683139661908,-131.567819940838,2024-06-08,18,380,578,715,626,292,6,158.362427902876
st_s015_ref,st_s015_ref,6,2024,2015,68.8683139661908,-131.567819940838,2024-06-24,3,191,280,325,167,299,6,20.303258026567
st_s015_ref,st_s015_ref,7,2024,2015,68.8683139661908,-131.567819940838,2024-07-10,7,192,301,364,419,295,6,24.9118498379969
st_s015_ref,st_s015_ref,7,2013,2010,68.8683139661908,-131.567819940838,2013-07-19,2,115,217,255,165,295,6,62.659517831225
st_s015_ref,st_s015_ref,6,2014,2010,68.8683139661908,-131.567819940838,2014-06-04,23,210,336,463,276,288,6,155.735804713672
st_s015_ref,st_s015_ref,7,2014,2010,68.8683139661908,-131.567819940838,2014-07-06,5,87,153,185,208,295,6,35.077917180727
st_s015_ref,st_s015_ref,8,2014,2010,68.8683139661908,-131.567819940838,2014-08-07,5,385,671,794,776,290,6,146.569781122438
st_s015_ref,st_s015_ref,5,2015,2015,68.8683139661908,-131.567819940838,2015-05-22,2,342,583,714,790,288,6,104.127967541307
st_s015_ref,st_s015_ref,8,2015,2015,68.8683139661908,-131.567819940838,2015-08-10,5,156,288,341,320,298,6,91.7823080932716
st_s015_ref,st_s015_ref,6,2016,2015,68.8683139661908,-131.567819940838,2016-06-25,3,153,325,399,188,295,6,269.840558989365
st_s015_ref,st_s015_ref,7,2016,2015,68.8683139661908,-131.567819940838,2016-07-27,11,225,446,579,530,296,6,462.32937542712
st_s015_ref,st_s015_ref,8,2016,2015,68.8683139661908,-131.567819940838,2016-08-28,12,202,385,506,414,287,6,282.075212382774
st_s015_ref,st_s015_ref,7,2017,2015,68.8683139661908,-131.567819940838,2017-07-30,1,171,354,429,575,294,6,85.477826606073
st_s015_ref,st_s015_ref,5,2018,2015,68.8683139661908,-131.567819940838,2018-05-30,5,158,321,386,293,287,6,127.819047114566
st_s015_ref,st_s015_ref,7,2018,2015,68.8683139661908,-131.567819940838,2018-07-01,4,163,257,279,191,294,6,11.3529397952025
st_s015_ref,st_s015_ref,8,2018,2015,68.8683139661908,-131.567819940838,2018-08-18,15,235,457,585,506,284,6,347.872583134219
st_s015_ref,st_s015_ref,6,2019,2015,68.8683139661908,-131.567819940838,2019-06-18,3,131,235,275,141,294,6,23.7890577444932
st_s015_ref,st_s015_ref,8,2019,2015,68.8683139661908,-131.567819940838,2019-08-21,4,241,500,563,1002,288,6,271.837428569854
st_s015_ref,st_s015_ref,9,2019,2015,68.8683139661908,-131.567819940838,2019-09-06,2,182,342,416,510,289,6,120.589985657971
st_s015_ref,st_s015_ref,6,2020,2015,68.8683139661908,-131.567819940838,2020-06-04,25,264,438,572,408,287,6,200.469422559013
st_s015_ref,st_s015_ref,8,2020,2015,68.8683139661908,-131.567819940838,2020-08-23,18,369,651,778,805,294,6,177.98446590429
st_s015_ref,st_s015_ref,6,2021,2015,68.8683139661908,-131.567819940838,2021-06-07,6,180,277,355,184,291,6,28.1054210458526
st_s015_ref,st_s015_ref,6,2021,2015,68.8683139661908,-131.567819940838,2021-06-23,7,168,316,357,358,297,6,32.6213257294006
st_s015_ref,st_s015_ref,8,2021,2015,68.8683139661908,-131.567819940838,2021-08-26,7,183,384,439,484,293,6,46.9058355752764
st_s015_ref,st_s015_ref,8,2022,2015,68.8683139661908,-131.567819940838,2022-08-13,21,332,630,756,731,298,6,223.868107033436
st_s015_ref,st_s015_ref,5,2023,2015,68.8683139661908,-131.567819940838,2023-05-28,2,235,377,456,472,288,6,42.1894909411336
st_s015_ref,st_s015_ref,8,2023,2015,68.8683139661908,-131.567819940838,2023-08-16,3,202,365,377,621,291,6,22.2307337488246
st_s015_ref,st_s015_ref,6,2024,2015,68.8683139661908,-131.567819940838,2024-06-15,25,262,410,521,324,293,6,55.6042678923688
st_s015_ref,st_s015_ref,7,2013,2010,68.8683139661908,-131.567819940838,2013-07-19,4,148,240,275,241,295,6,25.6346265920665
st_s015_ref,st_s015_ref,6,2014,2010,68.8683139661908,-131.567819940838,2014-06-04,24,201,329,459,280,288,6,166.74506715774
st_s015_ref,st_s015_ref,7,2014,2010,68.8683139661908,-131.567819940838,2014-07-06,3,108,178,181,220,295,6,9.32349087298556
st_s015_ref,st_s015_ref,5,2015,2015,68.8683139661908,-131.567819940838,2015-05-22,3,375,609,740,769,288,6,100.918561077249
st_s015_ref,st_s015_ref,8,2015,2015,68.8683139661908,-131.567819940838,2015-08-10,4,136,266,318,300,298,6,113.514272574257
st_s015_ref,st_s015_ref,6,2016,2015,68.8683139661908,-131.567819940838,2016-06-25,6,182,320,371,264,295,6,40.0104917351503
st_s015_ref,st_s015_ref,7,2016,2015,68.8683139661908,-131.567819940838,2016-07-27,15,249,452,576,532,296,6,202.594481823068
st_s015_ref,st_s015_ref,8,2016,2015,68.8683139661908,-131.567819940838,2016-08-28,13,164,374,500,451,287,6,579.603373342591
st_s015_ref,st_s015_ref,5,2018,2015,68.8683139661908,-131.567819940838,2018-05-30,5,81,272,351,287,286,6,4456.29517144722
st_s015_ref,st_s015_ref,8,2018,2015,68.8683139661908,-131.567819940838,2018-08-18,15,214,448,558,570,284,6,476.096022937841
st_s015_ref,st_s015_ref,6,2019,2015,68.8683139661908,-131.567819940838,2019-06-18,5,155,250,284,252,294,6,19.9857627892608
st_s015_ref,st_s015_ref,8,2019,2015,68.8683139661908,-131.567819940838,2019-08-21,4,313,579,708,694,286,6,410.011788368652
st_s015_ref,st_s015_ref,6,2020,2015,68.8683139661908,-131.567819940838,2020-06-04,30,268,435,561,416,287,6,147.727853136869
st_s015_ref,st_s015_ref,8,2020,2015,68.8683139661908,-131.567819940838,2020-08-23,17,366,633,768,773,294,6,164.410934436367
st_s015_ref,st_s015_ref,6,2021,2015,68.8683139661908,-131.567819940838,2021-06-07,5,207,293,381,213,292,6,23.3886815187441
st_s015_ref,st_s015_ref,6,2021,2015,68.8683139661908,-131.567819940838,2021-06-23,6,186,307,364,304,297,6,24.8748535767697
st_s015_ref,st_s015_ref,8,2021,2015,68.8683139661908,-131.567819940838,2021-08-26,8,210,447,446,584,294,6,38.864605237549
st_s015_ref,st_s015_ref,8,2022,2015,68.8683139661908,-131.567819940838,2022-08-13,24,345,619,738,780,298,6,163.370981106838
st_s015_ref,st_s015_ref,5,2023,2015,68.8683139661908,-131.567819940838,2023-05-28,3,242,403,467,385,287,6,39.4436707695268
st_s015_ref,st_s015_ref,6,2024,2015,68.8683139661908,-131.567819940838,2024-06-15,25,248,407,513,335,293,6,63.3946476610283
st_s015_ref,st_s015_ref,6,2013,2010,68.8683139661908,-131.567819940838,2013-06-08,20,227,347,476,291,291,6,88.2698528190667
st_s015_ref,st_s015_ref,7,2013,2010,68.8683139661908,-131.567819940838,2013-07-10,2,154,231,268,202,294,6,14.3716739879467
st_s015_ref,st_s015_ref,8,2013,2010,68.8683139661908,-131.567819940838,2013-08-11,11,244,473,540,590,306,6,111.565878536499
st_s015_ref,st_s015_ref,7,2014,2010,68.8683139661908,-131.567819940838,2014-07-13,19,318,570,663,779,302,6,122.395074257793
st_s015_ref,st_s015_ref,7,2015,2015,68.8683139661908,-131.567819940838,2015-07-16,7,254,454,540,606,298,6,84.3164525493759
st_s015_ref,st_s015_ref,7,2016,2015,68.8683139661908,-131.567819940838,2016-07-02,19,281,513,625,631,301,6,136.618725839808
st_s015_ref,st_s015_ref,5,2017,2015,68.8683139661908,-131.567819940838,2017-05-18,10,532,1131,1216,1691,281,6,896.688475645168
st_s015_ref,st_s015_ref,6,2017,2015,68.8683139661908,-131.567819940838,2017-06-03,12,143,219,317,185,287,6,56.1667733307116
st_s015_ref,st_s015_ref,6,2017,2015,68.8683139661908,-131.567819940838,2017-06-19,1,102,187,255,168,297,6,23.608523929716
st_s015_ref,st_s015_ref,8,2018,2015,68.8683139661908,-131.567819940838,2018-08-25,17,270,512,632,714,285,6,178.427402122592
st_s015_ref,st_s015_ref,5,2019,2015,68.8683139661908,-131.567819940838,2019-05-24,34,357,542,681,699,291,6,162.285236997315
st_s015_ref,st_s015_ref,7,2019,2015,68.8683139661908,-131.567819940838,2019-07-27,13,352,626,684,668,295,6,91.5731598221024
st_s015_ref,st_s015_ref,6,2021,2015,68.8683139661908,-131.567819940838,2021-06-14,12,219,385,495,321,293,6,79.0197501425544
st_s015_ref,st_s015_ref,7,2021,2015,68.8683139661908,-131.567819940838,2021-07-16,8,202,375,427,618,295,6,62.3002893180086
st_s015_ref,st_s015_ref,6,2022,2015,68.8683139661908,-131.567819940838,2022-06-17,2,259,426,471,460,298,6,22.0757141109654
st_s015_ref,st_s015_ref,6,2023,2015,68.8683139661908,-131.567819940838,2023-06-04,8,197,313,404,224,295,6,53.802490021594
st_s015_ref,st_s015_ref,7,2023,2015,68.8683139661908,-131.567819940838,2023-07-06,3,178,300,366,434,304,6,58.7159145172557
st_s015_ref,st_s015_ref,7,2024,2015,68.8683139661908,-131.567819940838,2024-07-24,4,229,438,511,565,300,6,72.0277245357431
st_s015_ref,st_s015_ref,7,2022,2015,68.8683139661908,-131.567819940838,2022-07-06,2,264,521,439,653,302,6,35.5684285130158
st_s015_ref,st_s015_ref,5,2023,2015,68.8683139661908,-131.567819940838,2023-05-22,3,295,460,580,522,290,6,137.969660664867
st_s015_ref,st_s015_ref,7,2023,2015,68.8683139661908,-131.567819940838,2023-07-09,4,222,422,436,510,301,6,33.9891428820289
st_s015_ref,st_s015_ref,7,2024,2015,68.8683139661908,-131.567819940838,2024-07-11,8,185,317,387,338,297,6,44.6413459625819
st_s015_ref,st_s015_ref,8,2022,2015,68.8683139661908,-131.567819940838,2022-08-30,10,144,328,434,318,288,6,530.47105563389
st_s015_ref,st_s015_ref,5,2023,2015,68.8683139661908,-131.567819940838,2023-05-29,15,191,314,416,287,294,6,39.5088155473473
st_s015_ref,st_s015_ref,6,2023,2015,68.8683139661908,-131.567819940838,2023-06-30,4,166,270,308,347,306,6,17.5131791415899
st_s015_ref,st_s015_ref,6,2024,2015,68.8683139661908,-131.567819940838,2024-06-16,23,259,403,493,299,295,6,39.7009457789731
st_s015_ref,st_s015_ref,6,2022,2015,68.8683139661908,-131.567819940838,2022-06-18,5,103,268,353,233,299,6,257.209730872929
st_s015_ref,st_s015_ref,8,2022,2015,68.8683139661908,-131.567819940838,2022-08-05,6,208,342,419,492,299,6,73.9227628209696
st_s015_ref,st_s015_ref,5,2023,2015,68.8683139661908,-131.567819940838,2023-05-20,3,206,347,425,346,286,6,100.67429121055
st_s015_ref,st_s015_ref,6,2023,2015,68.8683139661908,-131.567819940838,2023-06-21,10,217,355,433,346,297,6,58.2256084089726
st_s015_ref,st_s015_ref,8,2023,2015,68.8683139661908,-131.567819940838,2023-08-08,2,292,647,450,890,301,6,31.7843883611886
st_s015_ref,st_s015_ref,6,2024,2015,68.8683139661908,-131.567819940838,2024-06-23,6,184,276,362,275,295,6,34.6469780502092
st_s015_ref,st_s015_ref,6,2022,2015,68.8683139661908,-131.567819940838,2022-06-18,3,224,338,393,338,298,6,32.3402439766021
st_s015_ref,st_s015_ref,8,2022,2015,68.8683139661908,-131.567819940838,2022-08-05,8,181,336,429,441,299,6,91.9146882011164
st_s015_ref,st_s015_ref,5,2023,2015,68.8683139661908,-131.567819940838,2023-05-20,5,195,327,410,364,287,6,82.4961134734493
st_s015_ref,st_s015_ref,6,2023,2015,68.8683139661908,-131.567819940838,2023-06-21,11,211,364,417,436,296,6,40.2041219201188
st_s015_ref,st_s015_ref,8,2023,2015,68.8683139661908,-131.567819940838,2023-08-08,3,193,489,138,1199,300,6,12.4750443001565
st_s015_ref,st_s015_ref,6,2024,2015,68.8683139661908,-131.567819940838,2024-06-23,7,194,302,347,307,295,6,20.029634424004
st_s015_ref,st_s015_ref,5,2022,2015,68.8683139661908,-131.567819940838,2022-05-24,2,126,343,447,426,285,6,326.504044867363
st_s015_ref,st_s015_ref,6,2022,2015,68.8683139661908,-131.567819940838,2022-06-09,11,89,175,231,195,282,6,73.2835420000096
st_s015_ref,st_s015_ref,8,2022,2015,68.8683139661908,-131.567819940838,2022-08-12,20,278,522,632,592,295,6,162.934380081197
st_s015_ref,st_s015_ref,6,2023,2015,68.8683139661908,-131.567819940838,2023-06-12,2,97,180,212,169,296,6,21.7055729529565
st_s015_ref,st_s015_ref,6,2024,2015,68.8683139661908,-131.567819940838,2024-06-14,9,264,475,595,545,287,6,93.1889640811592
st_s020,st_s020,6,1986,1990,68.9353635278609,-130.842238006087,1986-06-09,3,434,643,735,668,288,3,136.410505935301
st_s020,st_s020,5,1988,1990,68.9353635278609,-130.842238006087,1988-05-29,2,492,656,749,684,289,3,130.54325764778
st_s020,st_s020,6,1990,1990,68.9353635278609,-130.842238006087,1990-06-04,4,464,605,715,616,287,3,179.487834157149
st_s020,st_s020,6,1992,1990,68.9353635278609,-130.842238006087,1992-06-09,3,567,733,769,744,293,3,74.7178965264415
st_s020,st_s020,6,1993,1990,68.9353635278609,-130.842238006087,1993-06-12,1,392,587,571,531,292,3,71.2018081957907
st_s020,st_s020,8,1994,1990,68.9353635278609,-130.842238006087,1994-08-02,1,492,640,515,1006,300,3,55.0318734666404
st_s020,st_s020,6,1997,1995,68.9353635278609,-130.842238006087,1997-06-07,7,478,632,759,662,291,3,171.297754673023
st_s020,st_s020,5,1998,1995,68.9353635278609,-130.842238006087,1998-05-25,2,353,480,565,526,291,3,111.629408052488
st_s020,st_s020,5,1999,1995,68.9353635278609,-130.842238006087,1999-05-28,3,478,660,741,713,291,3,111.17351298774
st_s020,st_s020,6,2004,2000,68.9353635278609,-130.842238006087,2004-06-10,7,505,664,785,648,288,3,105.334908065102
st_s020,st_s020,7,2005,2005,68.9353635278609,-130.842238006087,2005-07-15,3,247,274,153,424,296,3,2.49140764733505
st_s020,st_s020,5,2006,2005,68.9353635278609,-130.842238006087,2006-05-31,2,378,455,541,453,291,3,131.633544818112
st_s020,st_s020,9,2006,2005,68.9353635278609,-130.842238006087,2006-09-04,1,384,453,584,431,289,3,315.366027484689
st_s020,st_s020,8,2008,2005,68.9353635278609,-130.842238006087,2008-08-24,19,485,485,427,745,285,3,20.0145165011295
st_s020,st_s020,7,2009,2005,68.9353635278609,-130.842238006087,2009-07-26,1,722,784,597,1075,298,3,14.9856199243881
st_s020,st_s020,8,2010,2010,68.9353635278609,-130.842238006087,2010-08-30,6,575,710,810,1151,289,3,196.885743962264
st_s020,st_s020,5,2011,2010,68.9353635278609,-130.842238006087,2011-05-29,7,453,682,764,625,294,3,122.02805910393
st_s020,st_s020,6,1987,1990,68.9353635278609,-130.842238006087,1987-06-03,7,545,720,845,784,289,3,154.837338493884
st_s020,st_s020,6,1989,1990,68.9353635278609,-130.842238006087,1989-06-08,2,401,533,639,407,295,3,92.2550810753521
st_s020,st_s020,5,1991,1990,68.9353635278609,-130.842238006087,1991-05-13,5,389,493,566,492,288,3,85.2476608195817
st_s020,st_s020,5,1994,1990,68.9353635278609,-130.842238006087,1994-05-21,1,514,662,744,709,289,3,78.8046979198767
st_s020,st_s020,6,1994,1990,68.9353635278609,-130.842238006087,1994-06-06,2,385,500,535,438,290,3,58.8992791120538
st_s020,st_s020,5,1995,1995,68.9353635278609,-130.842238006087,1995-05-24,1,484,453,489,414,282,3,58.6023508354245
st_s020,st_s020,7,1996,1995,68.9353635278609,-130.842238006087,1996-07-13,8,276,332,246,456,297,3,10.01777521596
st_s020,st_s020,6,1997,1995,68.9353635278609,-130.842238006087,1997-06-14,1,600,615,635,846,292,3,50.120182381286
st_s020,st_s020,5,1998,1995,68.9353635278609,-130.842238006087,1998-05-16,5,454,651,741,708,288,3,131.04022181602
st_s020,st_s020,6,1998,1995,68.9353635278609,-130.842238006087,1998-06-01,1,382,510,509,517,294,3,44.1276697911373
st_s020,st_s020,7,1998,1995,68.9353635278609,-130.842238006087,1998-07-19,1,564,769,661,1253,302,3,40.4513069807836
st_s020,st_s020,9,1998,1995,68.9353635278609,-130.842238006087,1998-09-05,1,454,518,524,432,289,3,36.4348735144515
st_s020,st_s020,6,2004,2000,68.9353635278609,-130.842238006087,2004-06-01,26,746,806,854,842,283,3,95.8024242711492
st_s020,st_s020,7,2004,2000,68.9353635278609,-130.842238006087,2004-07-03,2,685,779,691,1416,301,3,50.5089445528533
st_s020,st_s020,6,2005,2005,68.9353635278609,-130.842238006087,2005-06-04,2,339,411,503,444,293,3,169.122776385647
st_s020,st_s020,6,2006,2005,68.9353635278609,-130.842238006087,2006-06-07,1,369,419,433,291,295,3,40.9330584704199
st_s020,st_s020,8,2006,2005,68.9353635278609,-130.842238006087,2006-08-10,6,152,226,198,372,292,3,38.453925375173
st_s020,st_s020,6,2007,2005,68.9353635278609,-130.842238006087,2007-06-10,1,320,507,539,446,295,3,63.0858478566019
st_s020,st_s020,6,2007,2005,68.9353635278609,-130.842238006087,2007-06-26,1,293,430,443,396,299,3,51.8982617991445
st_s020,st_s020,5,2009,2005,68.9353635278609,-130.842238006087,2009-05-30,9,488,678,759,707,294,3,87.4643758454151
st_s020,st_s020,9,2009,2005,68.9353635278609,-130.842238006087,2009-09-03,3,535,650,797,762,290,3,176.669464398783
st_s020,st_s020,5,2010,2010,68.9353635278609,-130.842238006087,2010-05-01,3,799,859,868,858,276,3,79.2934771985568
st_s020,st_s020,7,2010,2010,68.9353635278609,-130.842238006087,2010-07-04,7,237,390,332,609,296,3,35.736034708338
st_s020,st_s020,6,2011,2010,68.9353635278609,-130.842238006087,2011-06-05,1,363,457,502,403,297,3,90.5521997912291
st_s020,st_s020,6,1987,1990,68.9353635278609,-130.842238006087,1987-06-03,7,545,719,845,788,289,3,156.124750963719
st_s020,st_s020,6,1989,1990,68.9353635278609,-130.842238006087,1989-06-08,2,405,535,622,412,294,3,83.3077051196446
st_s020,st_s020,5,1991,1990,68.9353635278609,-130.842238006087,1991-05-13,5,391,490,564,539,288,3,94.6049235606909
st_s020,st_s020,5,1992,1990,68.9353635278609,-130.842238006087,1992-05-31,11,733,997,1064,1132,282,3,107.253579219189
st_s020,st_s020,6,1994,1990,68.9353635278609,-130.842238006087,1994-06-06,2,387,499,535,441,290,3,59.2294030467512
st_s020,st_s020,5,1995,1995,68.9353635278609,-130.842238006087,1995-05-24,1,472,443,481,408,282,3,60.1517300466465
st_s020,st_s020,7,1996,1995,68.9353635278609,-130.842238006087,1996-07-13,7,234,300,218,492,297,3,11.1155853120992
st_s020,st_s020,5,1998,1995,68.9353635278609,-130.842238006087,1998-05-16,5,463,656,745,715,287,3,117.408121829892
st_s020,st_s020,7,1998,1995,68.9353635278609,-130.842238006087,1998-07-19,1,564,771,661,1258,303,3,35.2998302356392
st_s020,st_s020,9,1998,1995,68.9353635278609,-130.842238006087,1998-09-05,1,453,511,518,426,289,3,35.9180452170527
st_s020,st_s020,6,2004,2000,68.9353635278609,-130.842238006087,2004-06-01,27,634,713,794,813,283,3,134.843261480095
st_s020,st_s020,7,2004,2000,68.9353635278609,-130.842238006087,2004-07-03,2,675,768,682,1387,301,3,48.7895326009896
st_s020,st_s020,6,2005,2005,68.9353635278609,-130.842238006087,2005-06-04,2,339,410,502,446,293,3,170.442969180819
st_s020,st_s020,6,2006,2005,68.9353635278609,-130.842238006087,2006-06-07,1,370,416,431,291,296,3,41.1057776296805
st_s020,st_s020,8,2006,2005,68.9353635278609,-130.842238006087,2006-08-10,6,130,220,190,342,292,3,43.6984994203874
st_s020,st_s020,8,2008,2005,68.9353635278609,-130.842238006087,2008-08-15,1,634,891,911,1053,288,3,110.084308412007
st_s020,st_s020,5,2009,2005,68.9353635278609,-130.842238006087,2009-05-30,8,488,678,759,666,295,3,102.255904785884
st_s020,st_s020,9,2009,2005,68.9353635278609,-130.842238006087,2009-09-03,3,547,653,798,762,290,3,172.843738499943
st_s020,st_s020,7,2010,2010,68.9353635278609,-130.842238006087,2010-07-04,1,236,385,329,749,296,3,49.4836964430477
st_s020,st_s020,6,2011,2010,68.9353635278609,-130.842238006087,2011-06-05,1,365,458,503,407,296,3,102.293159342706
st_s020,st_s020,6,1985,1990,68.9353635278609,-130.842238006087,1985-06-04,1,471,693,815,680,297,3,116.472822265921
st_s020,st_s020,6,1986,1990,68.9353635278609,-130.842238006087,1986-06-07,4,524,751,866,857,287,3,151.715781563604
st_s020,st_s020,6,1989,1990,68.9353635278609,-130.842238006087,1989-06-15,1,277,419,502,362,293,3,72.7306758073196
st_s020,st_s020,6,1993,1990,68.9353635278609,-130.842238006087,1993-06-10,1,413,552,653,535,295,3,117.10089389362
st_s020,st_s020,6,1994,1990,68.9353635278609,-130.842238006087,1994-06-13,2,291,415,487,451,294,3,149.54281926323
st_s020,st_s020,6,1996,1995,68.9353635278609,-130.842238006087,1996-06-18,1,300,396,457,452,296,3,93.6665602003774
st_s020,st_s020,6,1997,1995,68.9353635278609,-130.842238006087,1997-06-05,3,368,558,583,537,290,3,58.5078028242925
st_s020,st_s020,5,1998,1995,68.9353635278609,-130.842238006087,1998-05-23,3,423,556,546,509,288,3,40.4012489521062
st_s020,st_s020,6,1999,1995,68.9353635278609,-130.842238006087,1999-06-11,1,314,455,463,405,295,3,65.0618445505639
st_s020,st_s020,6,2004,2000,68.9353635278609,-130.842238006087,2004-06-08,13,531,713,786,786,292,3,114.439195192808
st_s020,st_s020,6,2005,2005,68.9353635278609,-130.842238006087,2005-06-27,3,380,636,719,651,294,3,90.6340686857418
st_s020,st_s020,6,2006,2005,68.9353635278609,-130.842238006087,2006-06-30,1,253,397,418,407,294,3,79.0196903578306
st_s020,st_s020,9,2006,2005,68.9353635278609,-130.842238006087,2006-09-02,1,362,559,666,1171,286,3,442.654719142667
st_s020,st_s020,6,2008,2005,68.9353635278609,-130.842238006087,2008-06-03,1,313,457,539,407,292,3,110.023651281219
st_s020,st_s020,6,2009,2005,68.9353635278609,-130.842238006087,2009-06-06,1,390,558,580,491,297,3,45.9668598125667
st_s020,st_s020,6,2009,2005,68.9353635278609,-130.842238006087,2009-06-22,5,446,580,435,1122,291,3,17.9079620500534
st_s020,st_s020,8,2009,2005,68.9353635278609,-130.842238006087,2009-08-25,3,569,758,762,1210,295,3,85.729179822219
st_s020,st_s020,5,2010,2010,68.9353635278609,-130.842238006087,2010-05-24,2,456,617,683,498,290,3,91.4216441460868
st_s020,st_s020,5,2011,2010,68.9353635278609,-130.842238006087,2011-05-27,12,504,696,773,712,296,3,112.026734551848
st_s020,st_s020,6,1996,1995,68.9353635278609,-130.842238006087,1996-06-09,3,373,553,580,457,294,3,52.0928431290619
st_s020,st_s020,7,2002,2000,68.9353635278609,-130.842238006087,2002-07-15,1,186,226,172,580,291,3,23.9426286784315
st_s020,st_s020,8,2008,2005,68.9353635278609,-130.842238006087,2008-08-16,1,544,665,615,1230,289,3,53.7489564205208
st_s020,st_s020,5,2009,2005,68.9353635278609,-130.842238006087,2009-05-31,6,475,581,715,672,287,3,207.755597251004
st_s020,st_s020,5,2014,2010,68.9353635278609,-130.842238006087,2014-05-29,1,532,682,785,1071,289,3,197.131996427484
st_s020,st_s020,5,2015,2015,68.9353635278609,-130.842238006087,2015-05-16,2,491,628,726,744,280,3,139.63774795616
st_s020,st_s020,5,2017,2015,68.9353635278609,-130.842238006087,2017-05-21,16,407,499,527,550,280,3,102.166017997644
st_s020,st_s020,5,2020,2015,68.9353635278609,-130.842238006087,2020-05-29,6,421,514,656,556,280,3,256.179922209194
st_s020,st_s020,6,2020,2015,68.9353635278609,-130.842238006087,2020-06-14,1,377,487,538,542,297,3,76.6445780215628
st_s020,st_s020,6,2022,2015,68.9353635278609,-130.842238006087,2022-06-19,2,151,228,245,398,287,3,64.0347118732971
st_s020,st_s020,7,2023,2015,68.9353635278609,-130.842238006087,2023-07-21,6,195,216,146,334,302,3,14.3315871535273
st_s020,st_s020,6,2000,2000,68.9353635278609,-130.842238006087,2000-06-14,6,406,381,380,408,297,3,47.5022583375468
st_s020,st_s020,6,2007,2005,68.9353635278609,-130.842238006087,2007-06-02,2,465,692,836,873,290,3,250.430365182773
st_s020,st_s020,8,2010,2010,68.9353635278609,-130.842238006087,2010-08-29,1,435,477,509,821,286,3,118.866103024356
st_s020,st_s020,5,2011,2010,68.9353635278609,-130.842238006087,2011-05-28,2,444,587,708,684,296,3,156.342187786651
st_s020,st_s020,6,2013,2010,68.9353635278609,-130.842238006087,2013-06-02,3,511,589,738,676,286,3,230.410118645101
st_s020,st_s020,5,2014,2010,68.9353635278609,-130.842238006087,2014-05-20,21,577,695,853,928,279,3,254.472588849782
st_s020,st_s020,6,2014,2010,68.9353635278609,-130.842238006087,2014-06-05,7,343,341,419,435,289,3,134.946572004155
st_s020,st_s020,5,2015,2015,68.9353635278609,-130.842238006087,2015-05-23,4,417,585,701,658,290,3,168.252263935396
st_s020,st_s020,7,2016,2015,68.9353635278609,-130.842238006087,2016-07-28,13,142,156,108,344,298,3,12.6347737854328
st_s020,st_s020,5,2017,2015,68.9353635278609,-130.842238006087,2017-05-28,2,386,498,620,551,287,3,192.706858334723
st_s020,st_s020,5,2018,2015,68.9353635278609,-130.842238006087,2018-05-31,5,556,666,786,1010,291,3,178.555713877493
st_s020,st_s020,6,2020,2015,68.9353635278609,-130.842238006087,2020-06-05,6,503,663,805,724,287,3,174.154509094995
st_s020,st_s020,5,2021,2015,68.9353635278609,-130.842238006087,2021-05-23,2,488,566,726,683,285,3,219.108778353545
st_s020,st_s020,6,2021,2015,68.9353635278609,-130.842238006087,2021-06-24,1,278,446,454,1088,302,3,363.182984199457
st_s020,st_s020,6,2000,2000,68.9353635278609,-130.842238006087,2000-06-14,6,395,369,371,377,297,3,46.9395331827629
st_s020,st_s020,6,2007,2005,68.9353635278609,-130.842238006087,2007-06-02,2,502,674,802,878,290,3,205.134392749496
st_s020,st_s020,8,2010,2010,68.9353635278609,-130.842238006087,2010-08-29,1,418,461,495,814,286,3,123.661813413511
st_s020,st_s020,5,2011,2010,68.9353635278609,-130.842238006087,2011-05-28,2,435,581,705,686,296,3,159.486598073629
st_s020,st_s020,6,2013,2010,68.9353635278609,-130.842238006087,2013-06-02,3,508,587,737,627,288,3,159.515181449642
st_s020,st_s020,9,2013,2010,68.9353635278609,-130.842238006087,2013-09-06,3,585,624,779,777,284,3,176.845700516681
st_s020,st_s020,6,2014,2010,68.9353635278609,-130.842238006087,2014-06-05,8,262,291,308,384,289,3,55.6364319795061
st_s020,st_s020,5,2015,2015,68.9353635278609,-130.842238006087,2015-05-23,6,455,586,736,664,291,3,188.828123864047
st_s020,st_s020,7,2016,2015,68.9353635278609,-130.842238006087,2016-07-28,17,142,152,105,341,298,3,11.7834055404966
st_s020,st_s020,5,2017,2015,68.9353635278609,-130.842238006087,2017-05-28,4,411,504,641,555,287,3,222.389470445407
st_s020,st_s020,5,2018,2015,68.9353635278609,-130.842238006087,2018-05-31,4,498,625,724,1003,291,3,166.251397769605
st_s020,st_s020,6,2020,2015,68.9353635278609,-130.842238006087,2020-06-05,5,536,660,804,770,288,3,168.404845699494
st_s020,st_s020,7,2023,2015,68.9353635278609,-130.842238006087,2023-07-26,1,587,698,639,1399,299,3,64.6019533713983
st_s020,st_s020,6,2000,2000,68.9353635278609,-130.842238006087,2000-06-21,1,298,435,572,495,294,3,200.223357677024
st_s020,st_s020,5,2004,2000,68.9353635278609,-130.842238006087,2004-05-31,2,1154,1155,1278,1095,282,3,131.474091559607
st_s020,st_s020,6,2004,2000,68.9353635278609,-130.842238006087,2004-06-16,3,381,510,664,582,296,3,178.816118282285
st_s020,st_s020,6,2005,2005,68.9353635278609,-130.842238006087,2005-06-03,2,307,408,494,448,290,3,100.744671801984
st_s020,st_s020,6,2006,2005,68.9353635278609,-130.842238006087,2006-06-06,1,256,314,325,300,288,3,67.2355288945578
st_s020,st_s020,5,2008,2005,68.9353635278609,-130.842238006087,2008-05-26,7,546,715,832,1067,285,3,233.040292232508
st_s020,st_s020,5,2009,2005,68.9353635278609,-130.842238006087,2009-05-29,6,466,595,717,687,287,3,222.902887031999
st_s020,st_s020,9,2010,2010,68.9353635278609,-130.842238006087,2010-09-05,1,365,598,697,1031,285,3,175.234761132644
st_s020,st_s020,6,2011,2010,68.9353635278609,-130.842238006087,2011-06-04,1,326,389,533,454,291,3,233.963550185756
st_s020,st_s020,5,2017,2015,68.9353635278609,-130.842238006087,2017-05-19,31,547,690,815,1467,278,3,548.220590002632
st_s020,st_s020,6,2018,2015,68.9353635278609,-130.842238006087,2018-06-07,4,397,467,562,535,286,3,157.575996650046
st_s020,st_s020,7,2020,2015,68.9353635278609,-130.842238006087,2020-07-30,2,537,676,586,1369,295,3,55.4178483929556
st_s020,st_s020,5,2023,2015,68.9353635278609,-130.842238006087,2023-05-26,1,372,527,616,588,283,3,127.558716060775
st_s020,st_s020,5,2015,2015,68.9353635278609,-130.842238006087,2015-05-24,5,290,474,597,413,294,3,140.778413728278
st_s020,st_s020,6,2016,2015,68.9353635278609,-130.842238006087,2016-06-11,2,181,344,457,289,291,3,109.873942016262
st_s020,st_s020,6,2017,2015,68.9353635278609,-130.842238006087,2017-06-14,1,166,279,363,416,293,3,375.479029766003
st_s020,st_s020,6,2018,2015,68.9353635278609,-130.842238006087,2018-06-01,4,296,512,659,653,294,3,242.570981492716
st_s020,st_s020,6,2020,2015,68.9353635278609,-130.842238006087,2020-06-06,2,177,358,431,219,289,3,72.9855695220581
st_s020,st_s020,5,2022,2015,68.9353635278609,-130.842238006087,2022-05-11,2,182,1162,601,969,276,3,7597.32338747485
st_s020,st_s020,8,2022,2015,68.9353635278609,-130.842238006087,2022-08-31,1,115,311,335,257,292,3,35.16483855152
st_s020,st_s020,5,2023,2015,68.9353635278609,-130.842238006087,2023-05-14,2,50,297,354,349,285,3,204.789614446326
st_s020,st_s020,6,2024,2015,68.9353635278609,-130.842238006087,2024-06-01,12,268,436,551,386,289,3,147.388912157431
st_s020,st_s020,5,2015,2015,68.9353635278609,-130.842238006087,2015-05-15,2,350,559,668,739,278,3,203.591236397303
st_s020,st_s020,6,2017,2015,68.9353635278609,-130.842238006087,2017-06-05,2,179,271,363,194,290,3,110.244874082027
st_s020,st_s020,6,2018,2015,68.9353635278609,-130.842238006087,2018-06-08,3,221,390,522,307,288,3,103.46346714727
st_s020,st_s020,5,2020,2015,68.9353635278609,-130.842238006087,2020-05-28,5,85,352,461,423,284,3,97.1955943840296
st_s020,st_s020,6,2020,2015,68.9353635278609,-130.842238006087,2020-06-13,1,209,390,515,233,299,3,113.487674886061
st_s020,st_s020,6,2024,2015,68.9353635278609,-130.842238006087,2024-06-24,1,163,253,277,330,300,3,102.699518529328
st_s020,st_s020,5,2015,2015,68.9353635278609,-130.842238006087,2015-05-15,3,274,486,598,578,279,3,203.781604122254
st_s020,st_s020,6,2017,2015,68.9353635278609,-130.842238006087,2017-06-05,1,172,280,374,207,290,3,113.120331995553
st_s020,st_s020,6,2018,2015,68.9353635278609,-130.842238006087,2018-06-08,2,251,411,518,392,288,3,180.109131505774
st_s020,st_s020,5,2020,2015,68.9353635278609,-130.842238006087,2020-05-28,4,89,362,476,337,282,3,38.845910510314
st_s020,st_s020,6,2020,2015,68.9353635278609,-130.842238006087,2020-06-13,1,229,396,515,233,299,3,117.179279075331
st_s020,st_s020,6,2024,2015,68.9353635278609,-130.842238006087,2024-06-24,1,159,249,272,326,300,3,103.574812872748
st_s020,st_s020,6,2014,2010,68.9353635278609,-130.842238006087,2014-06-04,6,217,381,503,334,290,3,145.122022711905
st_s020,st_s020,5,2015,2015,68.9353635278609,-130.842238006087,2015-05-22,11,336,559,687,591,294,3,195.897997268953
st_s020,st_s020,8,2016,2015,68.9353635278609,-130.842238006087,2016-08-28,3,153,273,303,286,284,3,63.4673485118478
st_s020,st_s020,5,2019,2015,68.9353635278609,-130.842238006087,2019-05-17,2,614,1668,1636,1825,276,3,230.236549492729
st_s020,st_s020,6,2019,2015,68.9353635278609,-130.842238006087,2019-06-02,1,151,282,354,202,291,3,110.506538875899
st_s020,st_s020,6,2019,2015,68.9353635278609,-130.842238006087,2019-06-18,1,135,235,245,272,296,3,68.8835295922654
st_s020,st_s020,6,2020,2015,68.9353635278609,-130.842238006087,2020-06-04,17,334,534,678,538,288,3,173.797583506296
st_s020,st_s020,5,2021,2015,68.9353635278609,-130.842238006087,2021-05-22,13,126,243,297,271,286,3,95.5305565455953
st_s020,st_s020,6,2021,2015,68.9353635278609,-130.842238006087,2021-06-23,1,79,220,210,204,299,3,46.3590647019859
st_s020,st_s020,8,2021,2015,68.9353635278609,-130.842238006087,2021-08-26,1,81,219,244,205,294,3,83.5648636012869
st_s020,st_s020,6,2023,2015,68.9353635278609,-130.842238006087,2023-06-29,2,27,65,38,123,300,3,53.5835207270466
st_s020,st_s020,6,2024,2015,68.9353635278609,-130.842238006087,2024-06-15,1,166,253,335,201,294,3,82.4918850847606
st_s020,st_s020,6,2024,2015,68.9353635278609,-130.842238006087,2024-06-16,1,158,233,297,165,296,3,96.0133152480441
st_s020_ref,st_s020_ref,7,1984,1990,68.9372787095926,-130.765254769855,1984-07-05,4,326,382,322,706,292,3,22.5674466501593
st_s020_ref,st_s020_ref,6,1985,1990,68.9372787095926,-130.765254769855,1985-06-22,1,325,518,517,1017,298,3,203.666446061104
st_s020_ref,st_s020_ref,6,1986,1990,68.9372787095926,-130.765254769855,1986-06-09,7,493,641,772,756,288,3,151.521552668027
st_s020_ref,st_s020_ref,5,1988,1990,68.9372787095926,-130.765254769855,1988-05-29,2,495,585,707,637,290,3,201.945766760704
st_s020_ref,st_s020_ref,6,1990,1990,68.9372787095926,-130.765254769855,1990-06-04,5,485,604,715,662,286,3,138.968371677288
st_s020_ref,st_s020_ref,6,1992,1990,68.9372787095926,-130.765254769855,1992-06-09,1,534,676,724,741,295,3,58.3283546547329
st_s020_ref,st_s020_ref,6,1995,1995,68.9372787095926,-130.765254769855,1995-06-18,2,541,572,477,1496,290,3,38.4210658169274
st_s020_ref,st_s020_ref,6,1997,1995,68.9372787095926,-130.765254769855,1997-06-07,5,477,630,720,705,290,3,106.139667157741
st_s020_ref,st_s020_ref,5,1998,1995,68.9372787095926,-130.765254769855,1998-05-25,1,355,457,546,503,290,3,64.4733813585486
st_s020_ref,st_s020_ref,5,1999,1995,68.9372787095926,-130.765254769855,1999-05-28,7,481,612,743,669,291,3,142.269686866061
st_s020_ref,st_s020_ref,6,2004,2000,68.9372787095926,-130.765254769855,2004-06-10,12,454,574,711,650,288,3,147.162146199579
st_s020_ref,st_s020_ref,7,2005,2005,68.9372787095926,-130.765254769855,2005-07-15,1,120,204,97,417,293,3,7.64739674539237
st_s020_ref,st_s020_ref,5,2006,2005,68.9372787095926,-130.765254769855,2006-05-31,2,343,406,502,386,291,3,91.180506972891
st_s020_ref,st_s020_ref,9,2006,2005,68.9372787095926,-130.765254769855,2006-09-04,1,418,665,751,1453,290,3,309.845563802681
st_s020_ref,st_s020_ref,5,2011,2010,68.9372787095926,-130.765254769855,2011-05-29,10,447,587,688,627,294,3,116.023745305457
st_s020_ref,st_s020_ref,6,1984,1990,68.9372787095926,-130.765254769855,1984-06-10,1,393,552,619,543,293,3,76.5034851151282
st_s020_ref,st_s020_ref,7,1986,1990,68.9372787095926,-130.765254769855,1986-07-18,1,399,584,455,1156,296,3,32.7589447751335
st_s020_ref,st_s020_ref,6,1987,1990,68.9372787095926,-130.765254769855,1987-06-03,10,498,671,765,738,290,3,131.491786950871
st_s020_ref,st_s020_ref,6,1989,1990,68.9372787095926,-130.765254769855,1989-06-08,3,361,554,582,537,294,3,54.2261135423934
st_s020_ref,st_s020_ref,5,1994,1990,68.9372787095926,-130.765254769855,1994-05-21,12,670,862,943,870,287,3,113.464670647938
st_s020_ref,st_s020_ref,6,1994,1990,68.9372787095926,-130.765254769855,1994-06-06,1,292,380,440,415,291,3,114.908270171617
st_s020_ref,st_s020_ref,5,1995,1995,68.9372787095926,-130.765254769855,1995-05-24,2,760,775,831,1091,284,3,84.7416257407277
st_s020_ref,st_s020_ref,5,1998,1995,68.9372787095926,-130.765254769855,1998-05-16,15,809,912,1029,990,287,3,140.132308230227
st_s020_ref,st_s020_ref,9,1998,1995,68.9372787095926,-130.765254769855,1998-09-05,1,488,592,581,499,287,3,54.2511476985986
st_s020_ref,st_s020_ref,7,1999,1995,68.9372787095926,-130.765254769855,1999-07-22,1,309,389,284,912,285,3,35.5977316428369
st_s020_ref,st_s020_ref,6,2004,2000,68.9372787095926,-130.765254769855,2004-06-01,11,1381,1466,1457,1188,284,3,65.9313129463595
st_s020_ref,st_s020_ref,7,2004,2000,68.9372787095926,-130.765254769855,2004-07-03,6,556,669,550,1298,299,3,30.9005973682828
st_s020_ref,st_s020_ref,8,2005,2005,68.9372787095926,-130.765254769855,2005-08-07,4,495,589,477,1145,292,3,29.8931943009612
st_s020_ref,st_s020_ref,6,2007,2005,68.9372787095926,-130.765254769855,2007-06-10,1,320,507,539,489,293,3,57.1669755628907
st_s020_ref,st_s020_ref,7,2007,2005,68.9372787095926,-130.765254769855,2007-07-12,34,587,577,435,1142,292,3,11.8945529755907
st_s020_ref,st_s020_ref,5,2009,2005,68.9372787095926,-130.765254769855,2009-05-30,12,491,630,721,708,294,3,117.083590709965
st_s020_ref,st_s020_ref,8,2009,2005,68.9372787095926,-130.765254769855,2009-08-18,2,343,540,469,1064,291,3,59.3246905543206
st_s020_ref,st_s020_ref,7,2010,2010,68.9372787095926,-130.765254769855,2010-07-04,1,146,276,200,368,294,3,36.367390093401
st_s020_ref,st_s020_ref,6,1984,1990,68.9372787095926,-130.765254769855,1984-06-10,1,389,549,616,544,293,3,77.0991243347287
st_s020_ref,st_s020_ref,7,1986,1990,68.9372787095926,-130.765254769855,1986-07-18,1,404,587,457,1166,296,3,32.3128508575953
st_s020_ref,st_s020_ref,6,1987,1990,68.9372787095926,-130.765254769855,1987-06-03,9,497,670,764,742,289,3,146.16555487869
st_s020_ref,st_s020_ref,6,1989,1990,68.9372787095926,-130.765254769855,1989-06-08,2,393,555,602,543,295,3,90.2086860225534
st_s020_ref,st_s020_ref,5,1992,1990,68.9372787095926,-130.765254769855,1992-05-31,17,734,944,1064,1180,284,3,146.486639649916
st_s020_ref,st_s020_ref,5,1994,1990,68.9372787095926,-130.765254769855,1994-05-21,12,646,858,941,849,287,3,113.179457856418
st_s020_ref,st_s020_ref,6,1994,1990,68.9372787095926,-130.765254769855,1994-06-06,1,294,380,440,418,291,3,115.501200484432
st_s020_ref,st_s020_ref,5,1995,1995,68.9372787095926,-130.765254769855,1995-05-24,2,748,766,825,1090,284,3,86.9657080203152
st_s020_ref,st_s020_ref,5,1998,1995,68.9372787095926,-130.765254769855,1998-05-16,17,787,913,949,997,286,3,91.9907599517788
st_s020_ref,st_s020_ref,8,1998,1995,68.9372787095926,-130.765254769855,1998-08-20,1,288,447,464,1072,293,3,219.458360371127
st_s020_ref,st_s020_ref,9,1998,1995,68.9372787095926,-130.765254769855,1998-09-05,1,487,585,575,492,287,3,62.5426294552822
st_s020_ref,st_s020_ref,6,2004,2000,68.9372787095926,-130.765254769855,2004-06-01,11,1361,1458,1462,1193,284,3,70.0286223638373
st_s020_ref,st_s020_ref,7,2004,2000,68.9372787095926,-130.765254769855,2004-07-03,6,586,675,554,1298,299,3,28.3206903477703
st_s020_ref,st_s020_ref,8,2005,2005,68.9372787095926,-130.765254769855,2005-08-07,4,498,591,478,1161,292,3,32.2893678572042
st_s020_ref,st_s020_ref,7,2007,2005,68.9372787095926,-130.765254769855,2007-07-12,9,474,465,384,969,291,3,17.5722790328342
st_s020_ref,st_s020_ref,5,2009,2005,68.9372787095926,-130.765254769855,2009-05-30,11,492,630,721,713,294,3,117.687166571314
st_s020_ref,st_s020_ref,8,2009,2005,68.9372787095926,-130.765254769855,2009-08-18,1,333,511,468,1066,290,3,81.6412604616094
st_s020_ref,st_s020_ref,7,2010,2010,68.9372787095926,-130.765254769855,2010-07-04,1,137,267,193,364,294,3,38.9743307229427
st_s020_ref,st_s020_ref,6,1986,1990,68.9372787095926,-130.765254769855,1986-06-07,12,565,773,922,921,287,3,174.120633322006
st_s020_ref,st_s020_ref,7,1988,1990,68.9372787095926,-130.765254769855,1988-07-14,1,154,247,199,608,297,3,57.4613651049397
st_s020_ref,st_s020_ref,7,1992,1990,68.9372787095926,-130.765254769855,1992-07-25,1,287,448,421,1037,299,3,145.577177222025
st_s020_ref,st_s020_ref,8,1992,1990,68.9372787095926,-130.765254769855,1992-08-26,4,402,620,629,1260,292,3,139.350080951406
st_s020_ref,st_s020_ref,6,1993,1990,68.9372787095926,-130.765254769855,1993-06-10,1,391,506,579,535,297,3,62.4535120471736
st_s020_ref,st_s020_ref,7,1994,1990,68.9372787095926,-130.765254769855,1994-07-31,1,216,363,313,1186,293,3,296.451643887421
st_s020_ref,st_s020_ref,6,1997,1995,68.9372787095926,-130.765254769855,1997-06-05,6,688,863,977,948,289,3,131.116079139207
st_s020_ref,st_s020_ref,5,1998,1995,68.9372787095926,-130.765254769855,1998-05-23,1,507,564,671,607,287,3,85.6194261852522
st_s020_ref,st_s020_ref,6,2004,2000,68.9372787095926,-130.765254769855,2004-06-08,7,490,622,749,743,292,3,232.226219356652
st_s020_ref,st_s020_ref,6,2005,2005,68.9372787095926,-130.765254769855,2005-06-27,2,312,544,571,1116,292,3,263.298067066799
st_s020_ref,st_s020_ref,8,2005,2005,68.9372787095926,-130.765254769855,2005-08-14,1,231,310,311,1029,288,3,522.139958366561
st_s020_ref,st_s020_ref,6,2009,2005,68.9372787095926,-130.765254769855,2009-06-06,1,298,510,542,490,295,3,69.0105995495674
st_s020_ref,st_s020_ref,8,2009,2005,68.9372787095926,-130.765254769855,2009-08-25,4,461,632,637,1035,294,3,85.0135998129296
st_s020_ref,st_s020_ref,5,2010,2010,68.9372787095926,-130.765254769855,2010-05-24,5,397,593,645,585,290,3,70.0261602149146
st_s020_ref,st_s020_ref,5,2011,2010,68.9372787095926,-130.765254769855,2011-05-27,10,463,650,775,713,297,3,152.075582167723
st_s020_ref,st_s020_ref,8,2011,2010,68.9372787095926,-130.765254769855,2011-08-31,2,211,447,387,863,284,3,124.350262639999
st_s020_ref,st_s020_ref,8,1996,1995,68.9372787095926,-130.765254769855,1996-08-28,1,278,531,482,1290,282,3,258.885296826597
st_s020_ref,st_s020_ref,6,2000,2000,68.9372787095926,-130.765254769855,2000-06-07,18,813,888,960,1048,284,3,106.757327104441
st_s020_ref,st_s020_ref,5,2003,2000,68.9372787095926,-130.765254769855,2003-05-31,25,791,792,872,1033,284,3,105.305173337588
st_s020_ref,st_s020_ref,5,2011,2010,68.9372787095926,-130.765254769855,2011-05-21,12,1414,1438,1481,1418,279,3,90.4912735113354
st_s020_ref,st_s020_ref,5,2014,2010,68.9372787095926,-130.765254769855,2014-05-29,6,537,711,857,1023,284,3,315.158380740937
st_s020_ref,st_s020_ref,5,2015,2015,68.9372787095926,-130.765254769855,2015-05-16,14,856,988,1032,1076,281,3,82.6846533890719
st_s020_ref,st_s020_ref,7,2016,2015,68.9372787095926,-130.765254769855,2016-07-05,1,117,165,98,386,302,3,9.57088421718908
st_s020_ref,st_s020_ref,6,2017,2015,68.9372787095926,-130.765254769855,2017-06-06,1,232,337,421,357,289,3,81.6123104096898
st_s020_ref,st_s020_ref,5,2020,2015,68.9372787095926,-130.765254769855,2020-05-29,8,591,627,755,658,279,3,182.888247875177
st_s020_ref,st_s020_ref,8,2022,2015,68.9372787095926,-130.765254769855,2022-08-26,2,468,571,531,918,287,3,47.3205700586448
st_s020_ref,st_s020_ref,6,2023,2015,68.9372787095926,-130.765254769855,2023-06-02,1,205,290,359,353,289,3,115.455675847761
st_s020_ref,st_s020_ref,7,2023,2015,68.9372787095926,-130.765254769855,2023-07-21,9,223,209,111,399,300,3,3.22165334940125
st_s020_ref,st_s020_ref,7,1999,1995,68.9372787095926,-130.765254769855,1999-07-14,1,202,395,255,1117,290,3,161.087154468319
st_s020_ref,st_s020_ref,6,2000,2000,68.9372787095926,-130.765254769855,2000-06-14,2,506,612,728,839,299,3,150.546483427798
st_s020_ref,st_s020_ref,8,2005,2005,68.9372787095926,-130.765254769855,2005-08-15,1,264,372,407,1191,291,3,746.827433739108
st_s020_ref,st_s020_ref,6,2007,2005,68.9372787095926,-130.765254769855,2007-06-02,2,486,618,752,850,291,3,253.110615331505
st_s020_ref,st_s020_ref,5,2011,2010,68.9372787095926,-130.765254769855,2011-05-28,1,481,588,743,685,294,3,266.801339392988
st_s020_ref,st_s020_ref,6,2013,2010,68.9372787095926,-130.765254769855,2013-06-02,16,475,587,738,630,287,3,185.936831296456
st_s020_ref,st_s020_ref,5,2014,2010,68.9372787095926,-130.765254769855,2014-05-20,33,1159,1163,1226,1228,277,3,95.4342058332747
st_s020_ref,st_s020_ref,5,2015,2015,68.9372787095926,-130.765254769855,2015-05-23,4,434,546,649,634,291,3,122.610959723749
st_s020_ref,st_s020_ref,5,2017,2015,68.9372787095926,-130.765254769855,2017-05-28,5,339,388,521,460,285,3,264.651689377017
st_s020_ref,st_s020_ref,5,2018,2015,68.9372787095926,-130.765254769855,2018-05-31,2,925,1069,1177,1205,285,3,144.596592533532
st_s020_ref,st_s020_ref,6,2020,2015,68.9372787095926,-130.765254769855,2020-06-05,7,504,663,806,677,286,3,161.951823993727
st_s020_ref,st_s020_ref,7,1999,1995,68.9372787095926,-130.765254769855,1999-07-14,1,203,393,253,1107,292,3,121.382067804418
st_s020_ref,st_s020_ref,6,2000,2000,68.9372787095926,-130.765254769855,2000-06-14,3,482,587,720,672,297,3,204.365298623703
st_s020_ref,st_s020_ref,8,2005,2005,68.9372787095926,-130.765254769855,2005-08-15,1,273,375,408,1127,291,3,529.945499129551
st_s020_ref,st_s020_ref,6,2007,2005,68.9372787095926,-130.765254769855,2007-06-02,2,488,618,752,855,291,3,275.583402311385
st_s020_ref,st_s020_ref,5,2011,2010,68.9372787095926,-130.765254769855,2011-05-28,1,474,583,740,686,294,3,277.339546324273
st_s020_ref,st_s020_ref,6,2013,2010,68.9372787095926,-130.765254769855,2013-06-02,10,578,815,1007,719,285,3,208.537243222452
st_s020_ref,st_s020_ref,5,2015,2015,68.9372787095926,-130.765254769855,2015-05-23,4,440,530,652,617,291,3,176.677490930821
st_s020_ref,st_s020_ref,5,2017,2015,68.9372787095926,-130.765254769855,2017-05-28,5,341,389,522,462,285,3,264.178758207571
st_s020_ref,st_s020_ref,5,2018,2015,68.9372787095926,-130.765254769855,2018-05-31,8,809,962,1094,1104,285,3,173.741956214662
st_s020_ref,st_s020_ref,6,2020,2015,68.9372787095926,-130.765254769855,2020-06-05,7,496,657,803,722,286,3,203.245900890779
st_s020_ref,st_s020_ref,6,2004,2000,68.9372787095926,-130.765254769855,2004-06-16,5,380,546,631,582,297,3,110.598151356053
st_s020_ref,st_s020_ref,7,2007,2005,68.9372787095926,-130.765254769855,2007-07-11,1,174,247,205,760,300,3,109.376106742805
st_s020_ref,st_s020_ref,5,2008,2005,68.9372787095926,-130.765254769855,2008-05-26,7,546,675,832,1018,285,3,208.585334838114
st_s020_ref,st_s020_ref,5,2009,2005,68.9372787095926,-130.765254769855,2009-05-29,2,459,610,741,687,287,3,179.390354976941
st_s020_ref,st_s020_ref,9,2009,2005,68.9372787095926,-130.765254769855,2009-09-02,1,593,704,792,1044,286,3,162.77429475392
st_s020_ref,st_s020_ref,8,2013,2010,68.9372787095926,-130.765254769855,2013-08-12,6,433,651,669,1120,301,3,87.1427004903221
st_s020_ref,st_s020_ref,5,2014,2010,68.9372787095926,-130.765254769855,2014-05-27,2,699,756,838,887,286,3,97.7316418601579
st_s020_ref,st_s020_ref,7,2015,2015,68.9372787095926,-130.765254769855,2015-07-17,37,139,164,93,421,297,3,5.68315529133806
st_s020_ref,st_s020_ref,5,2017,2015,68.9372787095926,-130.765254769855,2017-05-19,25,588,1573,816,954,274,3,41.8171028214836
st_s020_ref,st_s020_ref,6,2017,2015,68.9372787095926,-130.765254769855,2017-06-04,3,233,344,414,404,290,3,110.91852653599
st_s020_ref,st_s020_ref,6,2017,2015,68.9372787095926,-130.765254769855,2017-06-20,1,194,263,213,404,296,3,32.1999815146972
st_s020_ref,st_s020_ref,6,2018,2015,68.9372787095926,-130.765254769855,2018-06-07,3,404,510,599,538,286,3,113.69690080629
st_s020_ref,st_s020_ref,5,2020,2015,68.9372787095926,-130.765254769855,2020-05-27,6,856,801,894,928,277,3,130.362758161003
st_s020_ref,st_s020_ref,6,2020,2015,68.9372787095926,-130.765254769855,2020-06-12,3,345,457,556,533,292,3,87.6182247093158
st_s020_ref,st_s020_ref,8,2023,2015,68.9372787095926,-130.765254769855,2023-08-05,5,563,735,661,1402,293,3,58.3940236464981
st_s020_ref,st_s020_ref,6,2013,2010,68.9372787095926,-130.765254769855,2013-06-19,1,218,268,303,244,296,3,53.2883014759583
st_s020_ref,st_s020_ref,5,2015,2015,68.9372787095926,-130.765254769855,2015-05-24,11,291,447,560,411,294,3,142.577256053479
st_s020_ref,st_s020_ref,5,2016,2015,68.9372787095926,-130.765254769855,2016-05-10,4,544,618,633,642,285,3,57.9801726556605
st_s020_ref,st_s020_ref,6,2016,2015,68.9372787095926,-130.765254769855,2016-06-11,4,179,315,410,461,289,3,213.588590361408
st_s020_ref,st_s020_ref,5,2017,2015,68.9372787095926,-130.765254769855,2017-05-29,5,301,482,619,501,290,3,190.636930897907
st_s020_ref,st_s020_ref,6,2018,2015,68.9372787095926,-130.765254769855,2018-06-01,6,209,399,524,525,291,3,238.807687856244
st_s020_ref,st_s020_ref,6,2018,2015,68.9372787095926,-130.765254769855,2018-06-17,3,181,205,250,144,290,3,72.1773299708022
st_s020_ref,st_s020_ref,6,2020,2015,68.9372787095926,-130.765254769855,2020-06-06,2,258,419,526,263,288,3,114.822074365332
st_s020_ref,st_s020_ref,5,2021,2015,68.9372787095926,-130.765254769855,2021-05-24,17,754,960,1044,975,286,3,120.643289153057
st_s020_ref,st_s020_ref,8,2022,2015,68.9372787095926,-130.765254769855,2022-08-31,2,143,341,416,359,292,3,78.389125114993
st_s020_ref,st_s020_ref,5,2023,2015,68.9372787095926,-130.765254769855,2023-05-14,7,769,1075,1162,1195,285,3,150.706760637218
st_s020_ref,st_s020_ref,6,2024,2015,68.9372787095926,-130.765254769855,2024-06-01,20,266,409,525,363,289,3,146.389498087576
st_s020_ref,st_s020_ref,6,2024,2015,68.9372787095926,-130.765254769855,2024-06-17,1,141,235,262,234,296,3,56.4255609929049
st_s020_ref,st_s020_ref,6,2013,2010,68.9372787095926,-130.765254769855,2013-06-26,1,160,237,235,292,299,3,37.1039044837121
st_s020_ref,st_s020_ref,5,2014,2010,68.9372787095926,-130.765254769855,2014-05-28,2,285,502,530,609,286,3,89.2172285203991
st_s020_ref,st_s020_ref,5,2015,2015,68.9372787095926,-130.765254769855,2015-05-15,7,915,1035,1178,1246,277,3,180.52165242561
st_s020_ref,st_s020_ref,5,2016,2015,68.9372787095926,-130.765254769855,2016-05-17,2,222,379,506,363,282,3,139.675317315213
st_s020_ref,st_s020_ref,6,2016,2015,68.9372787095926,-130.765254769855,2016-06-18,1,109,194,197,239,296,3,48.41049003444
st_s020_ref,st_s020_ref,6,2017,2015,68.9372787095926,-130.765254769855,2017-06-05,2,110,200,272,122,289,3,111.065249742411
st_s020_ref,st_s020_ref,6,2018,2015,68.9372787095926,-130.765254769855,2018-06-08,15,169,306,405,260,287,3,128.409583829586
st_s020_ref,st_s020_ref,7,2018,2015,68.9372787095926,-130.765254769855,2018-07-10,5,150,253,308,364,294,3,130.010483121263
st_s020_ref,st_s020_ref,5,2020,2015,68.9372787095926,-130.765254769855,2020-05-28,9,454,894,906,1178,281,3,196.324275151563
st_s020_ref,st_s020_ref,6,2020,2015,68.9372787095926,-130.765254769855,2020-06-13,9,133,250,282,220,297,3,46.8890282355993
st_s020_ref,st_s020_ref,7,2024,2015,68.9372787095926,-130.765254769855,2024-07-10,1,131,213,239,339,293,3,99.5233418516453
st_s020_ref,st_s020_ref,6,2013,2010,68.9372787095926,-130.765254769855,2013-06-26,1,130,229,228,292,299,3,43.3206972223774
st_s020_ref,st_s020_ref,5,2015,2015,68.9372787095926,-130.765254769855,2015-05-15,5,1224,1226,1546,1361,276,3,295.950383461765
st_s020_ref,st_s020_ref,6,2016,2015,68.9372787095926,-130.765254769855,2016-06-18,1,102,194,197,242,296,3,51.7935081096584
st_s020_ref,st_s020_ref,6,2017,2015,68.9372787095926,-130.765254769855,2017-06-05,2,137,207,271,116,289,3,116.39652698948
st_s020_ref,st_s020_ref,6,2018,2015,68.9372787095926,-130.765254769855,2018-06-08,15,203,317,422,259,287,3,140.690754973876
st_s020_ref,st_s020_ref,7,2018,2015,68.9372787095926,-130.765254769855,2018-07-10,3,110,228,285,270,294,3,78.3998698441596
st_s020_ref,st_s020_ref,5,2020,2015,68.9372787095926,-130.765254769855,2020-05-28,9,793,1137,1060,1084,281,3,74.1389000852937
st_s020_ref,st_s020_ref,6,2020,2015,68.9372787095926,-130.765254769855,2020-06-13,8,122,228,265,200,297,3,56.5325468767308
st_s020_ref,st_s020_ref,8,2023,2015,68.9372787095926,-130.765254769855,2023-08-09,2,101,756,71,1435,300,3,41.3255629337404
st_s020_ref,st_s020_ref,7,2024,2015,68.9372787095926,-130.765254769855,2024-07-10,1,136,210,230,320,293,3,86.0578485809458
st_s020_ref,st_s020_ref,6,2014,2010,68.9372787095926,-130.765254769855,2014-06-04,4,195,307,416,235,290,3,146.237502616466
st_s020_ref,st_s020_ref,5,2015,2015,68.9372787095926,-130.765254769855,2015-05-22,19,312,511,633,541,294,3,144.447986372754
st_s020_ref,st_s020_ref,7,2018,2015,68.9372787095926,-130.765254769855,2018-07-01,1,95,171,198,172,295,3,62.4001386744146
st_s020_ref,st_s020_ref,6,2019,2015,68.9372787095926,-130.765254769855,2019-06-02,5,194,302,352,248,291,3,98.3484454252044
st_s020_ref,st_s020_ref,6,2019,2015,68.9372787095926,-130.765254769855,2019-06-18,1,110,188,205,184,294,3,49.2170868723696
st_s020_ref,st_s020_ref,6,2020,2015,68.9372787095926,-130.765254769855,2020-06-04,32,319,492,630,467,287,3,173.366546489335
st_s020_ref,st_s020_ref,5,2021,2015,68.9372787095926,-130.765254769855,2021-05-22,26,458,581,645,560,288,3,95.0278170635398
st_s020_ref,st_s020_ref,8,2023,2015,68.9372787095926,-130.765254769855,2023-08-16,1,155,348,335,610,292,3,100.506751725918
st_s020_ref,st_s020_ref,6,2024,2015,68.9372787095926,-130.765254769855,2024-06-15,3,169,260,292,258,293,3,65.5436480645214
st_s020_ref,st_s020_ref,8,2023,2015,68.9372787095926,-130.765254769855,2023-08-10,2,220,557,379,1069,296,3,95.8395803862383
st_s020_ref,st_s020_ref,7,2024,2015,68.9372787095926,-130.765254769855,2024-07-11,9,362,586,644,914,299,3,145.880366347075
st_s020_ref,st_s020_ref,8,2022,2015,68.9372787095926,-130.765254769855,2022-08-30,2,90,275,323,504,290,3,338.792692264256
st_s020_ref,st_s020_ref,5,2023,2015,68.9372787095926,-130.765254769855,2023-05-29,1,199,245,327,389,294,3,329.928115997871
st_s020_ref,st_s020_ref,6,2023,2015,68.9372787095926,-130.765254769855,2023-06-30,1,88,196,190,426,306,3,327.228052128764
st_s020_ref,st_s020_ref,6,2024,2015,68.9372787095926,-130.765254769855,2024-06-16,1,177,268,288,291,295,3,66.0946232861882
st_s020_ref,st_s020_ref,8,2022,2015,68.9372787095926,-130.765254769855,2022-08-30,2,67,262,308,501,290,3,565.426190183365
st_s020_ref,st_s020_ref,5,2023,2015,68.9372787095926,-130.765254769855,2023-05-29,1,198,246,326,393,294,3,316.326283206809
st_s020_ref,st_s020_ref,6,2023,2015,68.9372787095926,-130.765254769855,2023-06-30,1,112,199,184,426,306,3,162.257470288709
st_s020_ref,st_s020_ref,6,2024,2015,68.9372787095926,-130.765254769855,2024-06-16,2,130,245,271,248,295,3,58.4509141069153
st_s020_ref,st_s020_ref,5,2023,2015,68.9372787095926,-130.765254769855,2023-05-20,2,315,439,602,611,290,3,431.46505080613
st_s020_ref,st_s020_ref,8,2023,2015,68.9372787095926,-130.765254769855,2023-08-08,3,211,743,182,1436,300,3,12.237139510255
